{
"type": "FeatureCollection",
"name": "cooling_pois",
"crs": { "type": "name", "properties": { "name": "urn:ogc:def:crs:OGC:1.3:CRS84" } },
"features": [
{ "type": "Feature", "properties": { "name": "Fisher Park", "amenity": null, "shop": null, "leisure": "park" }, "geometry": { "type": "Point", "coordinates": [ -80.1314344, 25.8256527 ] } },
{ "type": "Feature", "properties": { "name": "64th Street Park", "amenity": null, "shop": null, "leisure": "park" }, "geometry": { "type": "Point", "coordinates": [ -80.120676, 25.8517014 ] } },
{ "type": "Feature", "properties": { "name": "Miami Beach Public Library", "amenity": "library", "shop": null, "leisure": null }, "geometry": { "type": "Point", "coordinates": [ -80.1296863, 25.7962884 ] } },
{ "type": "Feature", "properties": { "name": "CVS Pharmacy", "amenity": "pharmacy", "shop": null, "leisure": null }, "geometry": { "type": "Point", "coordinates": [ -80.1309575, 25.7905081 ] } },
{ "type": "Feature", "properties": { "name": "Dunkin'", "amenity": "fast_food", "shop": null, "leisure": null }, "geometry": { "type": "Point", "coordinates": [ -80.1539024, 25.8485035 ] } },
{ "type": "Feature", "properties": { "name": "Bay Street Market", "amenity": null, "shop": "convenience", "leisure": null }, "geometry": { "type": "Point", "coordinates": [ -80.1213245, 25.8283695 ] } },
{ "type": "Feature", "properties": { "name": "Primo Cafe and Market", "amenity": "cafe", "shop": "convenience", "leisure": null }, "geometry": { "type": "Point", "coordinates": [ -80.1233324, 25.812318 ] } },
{ "type": "Feature", "properties": { "name": "7-Eleven", "amenity": null, "shop": "convenience", "leisure": null }, "geometry": { "type": "Point", "coordinates": [ -80.1332948, 25.7793837 ] } },
{ "type": "Feature", "properties": { "name": "Publix", "amenity": null, "shop": "supermarket", "leisure": null }, "geometry": { "type": "Point", "coordinates": [ -80.1401291, 25.7755827 ] } },
{ "type": "Feature", "properties": { "name": "Publix", "amenity": null, "shop": "supermarket", "leisure": null }, "geometry": { "type": "Point", "coordinates": [ -80.1432137, 25.7953458 ] } },
{ "type": "Feature", "properties": { "name": "Walgreens", "amenity": "pharmacy", "shop": null, "leisure": null }, "geometry": { "type": "Point", "coordinates": [ -80.132896, 25.7747364 ] } },
{ "type": "Feature", "properties": { "name": "South Pointe Cafe", "amenity": "cafe", "shop": null, "leisure": null }, "geometry": { "type": "Point", "coordinates": [ -80.1326551, 25.7656706 ] } },
{ "type": "Feature", "properties": { "name": "Caffe Di Mauro", "amenity": "cafe", "shop": null, "leisure": null }, "geometry": { "type": "Point", "coordinates": [ -80.1319547, 25.7874409 ] } },
{ "type": "Feature", "properties": { "name": "TJ Maxx", "amenity": null, "shop": "department_store", "leisure": null }, "geometry": { "type": "Point", "coordinates": [ -80.1404317, 25.7748068 ] } },
{ "type": "Feature", "properties": { "name": "Ross", "amenity": null, "shop": "department_store", "leisure": null }, "geometry": { "type": "Point", "coordinates": [ -80.1397665, 25.7747695 ] } },
{ "type": "Feature", "properties": { "name": "FL Cafe", "amenity": "cafe", "shop": null, "leisure": null }, "geometry": { "type": "Point", "coordinates": [ -80.1309778, 25.7852115 ] } },
{ "type": "Feature", "properties": { "name": "Subway", "amenity": "fast_food", "shop": null, "leisure": null }, "geometry": { "type": "Point", "coordinates": [ -80.1413541, 25.7861449 ] } },
{ "type": "Feature", "properties": { "name": "Domino's", "amenity": "fast_food", "shop": null, "leisure": null }, "geometry": { "type": "Point", "coordinates": [ -80.1413578, 25.7862257 ] } },
{ "type": "Feature", "properties": { "name": "CVS Pharmacy", "amenity": "pharmacy", "shop": null, "leisure": null }, "geometry": { "type": "Point", "coordinates": [ -80.1239284, 25.886648 ] } },
{ "type": "Feature", "properties": { "name": "7-Eleven", "amenity": null, "shop": "convenience", "leisure": null }, "geometry": { "type": "Point", "coordinates": [ -80.1315293, 25.7905037 ] } },
{ "type": "Feature", "properties": { "name": "Christal Food Store", "amenity": null, "shop": "convenience", "leisure": null }, "geometry": { "type": "Point", "coordinates": [ -80.1208852, 25.8605835 ] } },
{ "type": "Feature", "properties": { "name": "Starbucks", "amenity": "cafe", "shop": null, "leisure": null }, "geometry": { "type": "Point", "coordinates": [ -80.1293292, 25.7868447 ] } },
{ "type": "Feature", "properties": { "name": "Cafe Fleur – Café & Beignet", "amenity": "fast_food", "shop": null, "leisure": null }, "geometry": { "type": "Point", "coordinates": [ -80.1334228, 25.7771709 ] } },
{ "type": "Feature", "properties": { "name": "Whole Foods Market", "amenity": null, "shop": "supermarket", "leisure": null }, "geometry": { "type": "Point", "coordinates": [ -80.1412102, 25.7810449 ] } },
{ "type": "Feature", "properties": { "name": "BurgerFi", "amenity": "fast_food", "shop": null, "leisure": null }, "geometry": { "type": "Point", "coordinates": [ -80.1324155, 25.783723 ] } },
{ "type": "Feature", "properties": { "name": "Exprezo (Stop n Shop)", "amenity": null, "shop": "convenience", "leisure": null }, "geometry": { "type": "Point", "coordinates": [ -80.1427394, 25.7903147 ] } },
{ "type": "Feature", "properties": { "name": "Zesto Pizza", "amenity": "fast_food", "shop": null, "leisure": null }, "geometry": { "type": "Point", "coordinates": [ -80.1307867, 25.7865227 ] } },
{ "type": "Feature", "properties": { "name": "Forever Yogurt", "amenity": "fast_food", "shop": null, "leisure": null }, "geometry": { "type": "Point", "coordinates": [ -80.1309311, 25.7797321 ] } },
{ "type": "Feature", "properties": { "name": "Starbucks", "amenity": "cafe", "shop": null, "leisure": null }, "geometry": { "type": "Point", "coordinates": [ -80.1343353, 25.7907732 ] } },
{ "type": "Feature", "properties": { "name": "Starbucks", "amenity": "cafe", "shop": null, "leisure": null }, "geometry": { "type": "Point", "coordinates": [ -80.1371388, 25.7903766 ] } },
{ "type": "Feature", "properties": { "name": "Segafredo", "amenity": "cafe", "shop": null, "leisure": null }, "geometry": { "type": "Point", "coordinates": [ -80.1397201, 25.7903281 ] } },
{ "type": "Feature", "properties": { "name": "Pollo Tropical", "amenity": "fast_food", "shop": null, "leisure": null }, "geometry": { "type": "Point", "coordinates": [ -80.1412939, 25.7871725 ] } },
{ "type": "Feature", "properties": { "name": "McDonald's", "amenity": "fast_food", "shop": null, "leisure": null }, "geometry": { "type": "Point", "coordinates": [ -80.1320587, 25.7904261 ] } },
{ "type": "Feature", "properties": { "name": "Five Guys", "amenity": "fast_food", "shop": null, "leisure": null }, "geometry": { "type": "Point", "coordinates": [ -80.1319682, 25.787687 ] } },
{ "type": "Feature", "properties": { "name": "Tasty Beach Cafe", "amenity": "cafe", "shop": null, "leisure": null }, "geometry": { "type": "Point", "coordinates": [ -80.1292109, 25.8134582 ] } },
{ "type": "Feature", "properties": { "name": "Dunkin'", "amenity": "fast_food", "shop": null, "leisure": null }, "geometry": { "type": "Point", "coordinates": [ -80.1274358, 25.8139895 ] } },
{ "type": "Feature", "properties": { "name": "Publix", "amenity": null, "shop": "supermarket", "leisure": null }, "geometry": { "type": "Point", "coordinates": [ -80.1207712, 25.8532 ] } },
{ "type": "Feature", "properties": { "name": "Walgreens", "amenity": "pharmacy", "shop": null, "leisure": null }, "geometry": { "type": "Point", "coordinates": [ -80.1204786, 25.8507765 ] } },
{ "type": "Feature", "properties": { "name": "CVS Pharmacy", "amenity": "pharmacy", "shop": null, "leisure": null }, "geometry": { "type": "Point", "coordinates": [ -80.1211628, 25.8597121 ] } },
{ "type": "Feature", "properties": { "name": "M&L Food Market", "amenity": null, "shop": "supermarket", "leisure": null }, "geometry": { "type": "Point", "coordinates": [ -80.1212017, 25.8604096 ] } },
{ "type": "Feature", "properties": { "name": "Las Olas", "amenity": "cafe", "shop": null, "leisure": null }, "geometry": { "type": "Point", "coordinates": [ -80.1349203, 25.7757668 ] } },
{ "type": "Feature", "properties": { "name": "Small Dog Park", "amenity": null, "shop": null, "leisure": "park" }, "geometry": { "type": "Point", "coordinates": [ -80.1208903, 25.8654814 ] } },
{ "type": "Feature", "properties": { "name": "Large Dog Park", "amenity": null, "shop": null, "leisure": "park" }, "geometry": { "type": "Point", "coordinates": [ -80.1209011, 25.8648393 ] } },
{ "type": "Feature", "properties": { "name": "La Gorce Park", "amenity": null, "shop": null, "leisure": "park" }, "geometry": { "type": "Point", "coordinates": [ -80.1269306, 25.8450831 ] } },
{ "type": "Feature", "properties": { "name": "La Gorce Tot Lot", "amenity": null, "shop": null, "leisure": "park" }, "geometry": { "type": "Point", "coordinates": [ -80.1269735, 25.8440209 ] } },
{ "type": "Feature", "properties": { "name": "Publix", "amenity": "pharmacy", "shop": null, "leisure": null }, "geometry": { "type": "Point", "coordinates": [ -80.1205349, 25.8529509 ] } },
{ "type": "Feature", "properties": { "name": "Navarro's Pharmacy", "amenity": "pharmacy", "shop": null, "leisure": null }, "geometry": { "type": "Point", "coordinates": [ -80.1249191, 25.8562126 ] } },
{ "type": "Feature", "properties": { "name": "Muncheez", "amenity": "fast_food", "shop": null, "leisure": null }, "geometry": { "type": "Point", "coordinates": [ -80.1204585, 25.8501582 ] } },
{ "type": "Feature", "properties": { "name": "BurgerFi", "amenity": "fast_food", "shop": null, "leisure": null }, "geometry": { "type": "Point", "coordinates": [ -80.1205121, 25.8526366 ] } },
{ "type": "Feature", "properties": { "name": "Little Caesars", "amenity": "fast_food", "shop": null, "leisure": null }, "geometry": { "type": "Point", "coordinates": [ -80.1207012, 25.8523856 ] } },
{ "type": "Feature", "properties": { "name": "Venezia Pizza 24-hour", "amenity": "fast_food", "shop": null, "leisure": null }, "geometry": { "type": "Point", "coordinates": [ -80.1204638, 25.8504141 ] } },
{ "type": "Feature", "properties": { "name": "Mr. Ying", "amenity": "fast_food", "shop": null, "leisure": null }, "geometry": { "type": "Point", "coordinates": [ -80.1204638, 25.8499917 ] } },
{ "type": "Feature", "properties": { "name": "Subway", "amenity": "fast_food", "shop": null, "leisure": null }, "geometry": { "type": "Point", "coordinates": [ -80.1207267, 25.8489127 ] } },
{ "type": "Feature", "properties": { "name": "Beach food market & Cafe", "amenity": null, "shop": "supermarket", "leisure": null }, "geometry": { "type": "Point", "coordinates": [ -80.1204611, 25.8500762 ] } },
{ "type": "Feature", "properties": { "name": "Porchini Italian Cafe", "amenity": "cafe", "shop": null, "leisure": null }, "geometry": { "type": "Point", "coordinates": [ -80.1199086, 25.8494099 ] } },
{ "type": "Feature", "properties": { "name": "clay hotel", "amenity": "cafe", "shop": null, "leisure": null }, "geometry": { "type": "Point", "coordinates": [ -80.1319458, 25.7867571 ] } },
{ "type": "Feature", "properties": { "name": "Montefiore", "amenity": "cafe", "shop": null, "leisure": null }, "geometry": { "type": "Point", "coordinates": [ -80.1304338, 25.8132952 ] } },
{ "type": "Feature", "properties": { "name": "CVS Pharmacy", "amenity": "pharmacy", "shop": null, "leisure": null }, "geometry": { "type": "Point", "coordinates": [ -80.1307186, 25.8134894 ] } },
{ "type": "Feature", "properties": { "name": "Subway", "amenity": "fast_food", "shop": null, "leisure": null }, "geometry": { "type": "Point", "coordinates": [ -80.1342881, 25.7749278 ] } },
{ "type": "Feature", "properties": { "name": "Shake Shack", "amenity": "fast_food", "shop": null, "leisure": null }, "geometry": { "type": "Point", "coordinates": [ -80.1401129, 25.7909719 ] } },
{ "type": "Feature", "properties": { "name": "Noah's Burger", "amenity": "fast_food", "shop": null, "leisure": null }, "geometry": { "type": "Point", "coordinates": [ -80.1223575, 25.8176124 ] } },
{ "type": "Feature", "properties": { "name": "Friendz Food Market", "amenity": null, "shop": "convenience", "leisure": null }, "geometry": { "type": "Point", "coordinates": [ -80.132802, 25.7796538 ] } },
{ "type": "Feature", "properties": { "name": "CVS Pharmacy", "amenity": "pharmacy", "shop": null, "leisure": null }, "geometry": { "type": "Point", "coordinates": [ -80.132569, 25.7805909 ] } },
{ "type": "Feature", "properties": { "name": "Blocks Pizza Deli", "amenity": "fast_food", "shop": null, "leisure": null }, "geometry": { "type": "Point", "coordinates": [ -80.1315876, 25.7871554 ] } },
{ "type": "Feature", "properties": { "name": null, "amenity": "cafe", "shop": null, "leisure": null }, "geometry": { "type": "Point", "coordinates": [ -80.1229742, 25.8137233 ] } },
{ "type": "Feature", "properties": { "name": "La Playa Market", "amenity": null, "shop": "convenience", "leisure": null }, "geometry": { "type": "Point", "coordinates": [ -80.1334622, 25.7717952 ] } },
{ "type": "Feature", "properties": { "name": "Juice and Java", "amenity": "cafe", "shop": null, "leisure": null }, "geometry": { "type": "Point", "coordinates": [ -80.1320883, 25.7852968 ] } },
{ "type": "Feature", "properties": { "name": "Pura Vida", "amenity": "cafe", "shop": null, "leisure": null }, "geometry": { "type": "Point", "coordinates": [ -80.1353078, 25.7702284 ] } },
{ "type": "Feature", "properties": { "name": "Shepherd Artisan Coffee", "amenity": "cafe", "shop": null, "leisure": null }, "geometry": { "type": "Point", "coordinates": [ -80.1317001, 25.779703 ] } },
{ "type": "Feature", "properties": { "name": "Panther Coffee", "amenity": "cafe", "shop": null, "leisure": null }, "geometry": { "type": "Point", "coordinates": [ -80.1442516, 25.7946527 ] } },
{ "type": "Feature", "properties": { "name": "The Fresh Market", "amenity": null, "shop": "supermarket", "leisure": null }, "geometry": { "type": "Point", "coordinates": [ -80.142768, 25.793743 ] } },
{ "type": "Feature", "properties": { "name": "Chicken Brasa", "amenity": "fast_food", "shop": null, "leisure": null }, "geometry": { "type": "Point", "coordinates": [ -80.1323859, 25.7840352 ] } },
{ "type": "Feature", "properties": { "name": "The Front Porch Café", "amenity": "cafe", "shop": null, "leisure": null }, "geometry": { "type": "Point", "coordinates": [ -80.1297057, 25.7870813 ] } },
{ "type": "Feature", "properties": { "name": "Grand Cafe", "amenity": "cafe", "shop": null, "leisure": null }, "geometry": { "type": "Point", "coordinates": [ -80.1330597, 25.7750435 ] } },
{ "type": "Feature", "properties": { "name": "Anchor Shops & Parking", "amenity": null, "shop": "mall", "leisure": null }, "geometry": { "type": "Point", "coordinates": [ -80.1305867, 25.7890096 ] } },
{ "type": "Feature", "properties": { "name": "Carrot Express", "amenity": "fast_food", "shop": null, "leisure": null }, "geometry": { "type": "Point", "coordinates": [ -80.140774, 25.7930784 ] } },
{ "type": "Feature", "properties": { "name": "DaVita Dialysis", "amenity": "clinic", "shop": null, "leisure": null }, "geometry": { "type": "Point", "coordinates": [ -80.1410711, 25.7923811 ] } },
{ "type": "Feature", "properties": { "name": "XO Espresso Bar", "amenity": "cafe", "shop": null, "leisure": null }, "geometry": { "type": "Point", "coordinates": [ -80.1364456, 25.7913916 ] } },
{ "type": "Feature", "properties": { "name": "Walgreens", "amenity": "pharmacy", "shop": null, "leisure": null }, "geometry": { "type": "Point", "coordinates": [ -80.1297646, 25.7909221 ] } },
{ "type": "Feature", "properties": { "name": "Pizza Bar", "amenity": "fast_food", "shop": null, "leisure": null }, "geometry": { "type": "Point", "coordinates": [ -80.129896, 25.7903265 ] } },
{ "type": "Feature", "properties": { "name": "Crema Gourmet Espresso Bar South Beach", "amenity": "cafe", "shop": null, "leisure": null }, "geometry": { "type": "Point", "coordinates": [ -80.1316431, 25.7896004 ] } },
{ "type": "Feature", "properties": { "name": "Marlins Food Market", "amenity": null, "shop": "convenience", "leisure": null }, "geometry": { "type": "Point", "coordinates": [ -80.1316483, 25.7900197 ] } },
{ "type": "Feature", "properties": { "name": "Joe & The Juice", "amenity": "cafe", "shop": null, "leisure": null }, "geometry": { "type": "Point", "coordinates": [ -80.1304366, 25.7893345 ] } },
{ "type": "Feature", "properties": { "name": "Cybr Caffe", "amenity": "cafe", "shop": null, "leisure": null }, "geometry": { "type": "Point", "coordinates": [ -80.1319928, 25.7889367 ] } },
{ "type": "Feature", "properties": { "name": "La Tiendita II", "amenity": null, "shop": "convenience", "leisure": null }, "geometry": { "type": "Point", "coordinates": [ -80.1323942, 25.7890092 ] } },
{ "type": "Feature", "properties": { "name": "Subway", "amenity": "fast_food", "shop": null, "leisure": null }, "geometry": { "type": "Point", "coordinates": [ -80.132027, 25.7897243 ] } },
{ "type": "Feature", "properties": { "name": "Welcome Food & Drink", "amenity": null, "shop": "convenience", "leisure": null }, "geometry": { "type": "Point", "coordinates": [ -80.120126, 25.8342446 ] } },
{ "type": "Feature", "properties": { "name": "Starbucks", "amenity": "cafe", "shop": null, "leisure": null }, "geometry": { "type": "Point", "coordinates": [ -80.1250425, 25.8052448 ] } },
{ "type": "Feature", "properties": { "name": "The Cat Café South Beach", "amenity": "cafe", "shop": null, "leisure": null }, "geometry": { "type": "Point", "coordinates": [ -80.1316405, 25.7863058 ] } },
{ "type": "Feature", "properties": { "name": "Bay Harbor Islands Branch Library", "amenity": "library", "shop": null, "leisure": null }, "geometry": { "type": "Point", "coordinates": [ -80.1325342, 25.8858066 ] } },
{ "type": "Feature", "properties": { "name": "Bay Harbor Mini Mart", "amenity": null, "shop": "convenience", "leisure": null }, "geometry": { "type": "Point", "coordinates": [ -80.1306519, 25.8858754 ] } },
{ "type": "Feature", "properties": { "name": "Lincoln Center", "amenity": null, "shop": "mall", "leisure": null }, "geometry": { "type": "Point", "coordinates": [ -80.1352861, 25.7902007 ] } },
{ "type": "Feature", "properties": { "name": "Taco Rico Miami Beach", "amenity": "fast_food", "shop": null, "leisure": null }, "geometry": { "type": "Point", "coordinates": [ -80.1323035, 25.7877043 ] } },
{ "type": "Feature", "properties": { "name": "Bettant Bakery & Café", "amenity": "cafe", "shop": null, "leisure": null }, "geometry": { "type": "Point", "coordinates": [ -80.1324536, 25.7814494 ] } },
{ "type": "Feature", "properties": { "name": "Washington Food Plaza", "amenity": null, "shop": "convenience", "leisure": null }, "geometry": { "type": "Point", "coordinates": [ -80.1316952, 25.7847469 ] } },
{ "type": "Feature", "properties": { "name": "Art Deco Market", "amenity": null, "shop": "convenience", "leisure": null }, "geometry": { "type": "Point", "coordinates": [ -80.1315367, 25.7865976 ] } },
{ "type": "Feature", "properties": { "name": "Jamba", "amenity": "fast_food", "shop": null, "leisure": null }, "geometry": { "type": "Point", "coordinates": [ -80.1322325, 25.7767193 ] } },
{ "type": "Feature", "properties": { "name": "Calle 6 Food Market", "amenity": null, "shop": "convenience", "leisure": null }, "geometry": { "type": "Point", "coordinates": [ -80.1344449, 25.775735 ] } },
{ "type": "Feature", "properties": { "name": "Carrot Express", "amenity": "fast_food", "shop": null, "leisure": null }, "geometry": { "type": "Point", "coordinates": [ -80.120328, 25.8568219 ] } },
{ "type": "Feature", "properties": { "name": "Baptist Health Primary Care | Miami Beach", "amenity": "clinic", "shop": null, "leisure": null }, "geometry": { "type": "Point", "coordinates": [ -80.1404323, 25.7771537 ] } },
{ "type": "Feature", "properties": { "name": "UHealth", "amenity": "clinic", "shop": null, "leisure": null }, "geometry": { "type": "Point", "coordinates": [ -80.1392318, 25.7748083 ] } },
{ "type": "Feature", "properties": { "name": "Papa John's", "amenity": "fast_food", "shop": null, "leisure": null }, "geometry": { "type": "Point", "coordinates": [ -80.1400583, 25.7872144 ] } },
{ "type": "Feature", "properties": { "name": "Cachito Coffee & Bakery", "amenity": "cafe", "shop": null, "leisure": null }, "geometry": { "type": "Point", "coordinates": [ -80.1212856, 25.8562702 ] } },
{ "type": "Feature", "properties": { "name": "Buenos Aires Bakery & Cafe", "amenity": "cafe", "shop": null, "leisure": null }, "geometry": { "type": "Point", "coordinates": [ -80.1211323, 25.855957 ] } },
{ "type": "Feature", "properties": { "name": "Ross", "amenity": null, "shop": "department_store", "leisure": null }, "geometry": { "type": "Point", "coordinates": [ -80.1417026, 25.7939915 ] } },
{ "type": "Feature", "properties": { "name": "Subway", "amenity": "fast_food", "shop": null, "leisure": null }, "geometry": { "type": "Point", "coordinates": [ -80.1329564, 25.7791603 ] } },
{ "type": "Feature", "properties": { "name": "Miami Fried Chicken", "amenity": "fast_food", "shop": null, "leisure": null }, "geometry": { "type": "Point", "coordinates": [ -80.1329148, 25.7793065 ] } },
{ "type": "Feature", "properties": { "name": "Cafe Del Mar", "amenity": "cafe", "shop": null, "leisure": null }, "geometry": { "type": "Point", "coordinates": [ -80.1337484, 25.7772586 ] } },
{ "type": "Feature", "properties": { "name": "Taste Bakery Cafe", "amenity": "cafe", "shop": null, "leisure": null }, "geometry": { "type": "Point", "coordinates": [ -80.1410984, 25.7793972 ] } },
{ "type": "Feature", "properties": { "name": "Cafe Bonjour", "amenity": "cafe", "shop": null, "leisure": null }, "geometry": { "type": "Point", "coordinates": [ -80.1317936, 25.7792221 ] } },
{ "type": "Feature", "properties": { "name": "Meridian Food Market & Cafe", "amenity": null, "shop": "supermarket", "leisure": null }, "geometry": { "type": "Point", "coordinates": [ -80.1363974, 25.7756477 ] } },
{ "type": "Feature", "properties": { "name": "Blaze Smoke Shop", "amenity": null, "shop": "convenience", "leisure": null }, "geometry": { "type": "Point", "coordinates": [ -80.1411721, 25.7813529 ] } },
{ "type": "Feature", "properties": { "name": "M.B supermarket", "amenity": null, "shop": "supermarket", "leisure": null }, "geometry": { "type": "Point", "coordinates": [ -80.1319753, 25.7878078 ] } },
{ "type": "Feature", "properties": { "name": "Poké 305 Miami", "amenity": "fast_food", "shop": null, "leisure": null }, "geometry": { "type": "Point", "coordinates": [ -80.1410126, 25.790002 ] } },
{ "type": "Feature", "properties": { "name": "Halves & Wholes", "amenity": "fast_food", "shop": null, "leisure": null }, "geometry": { "type": "Point", "coordinates": [ -80.1415668, 25.7890801 ] } },
{ "type": "Feature", "properties": { "name": "South Beach Public Health Center", "amenity": "clinic", "shop": null, "leisure": null }, "geometry": { "type": "Point", "coordinates": [ -80.1409546, 25.789389 ] } },
{ "type": "Feature", "properties": { "name": "Dunkin'", "amenity": "fast_food", "shop": null, "leisure": null }, "geometry": { "type": "Point", "coordinates": [ -80.1413597, 25.7892074 ] } },
{ "type": "Feature", "properties": { "name": "The Café at Books & Books", "amenity": "cafe", "shop": null, "leisure": null }, "geometry": { "type": "Point", "coordinates": [ -80.1383176, 25.790587 ] } },
{ "type": "Feature", "properties": { "name": "taste BAKERY cafe", "amenity": "cafe", "shop": "bakery", "leisure": null }, "geometry": { "type": "Point", "coordinates": [ -80.1378548, 25.7914556 ] } },
{ "type": "Feature", "properties": { "name": "Groovy's Pizza & Bar", "amenity": "fast_food", "shop": null, "leisure": null }, "geometry": { "type": "Point", "coordinates": [ -80.138543, 25.790346 ] } },
{ "type": "Feature", "properties": { "name": "Eat Greek Souvlaki", "amenity": "fast_food", "shop": null, "leisure": null }, "geometry": { "type": "Point", "coordinates": [ -80.1413461, 25.7886324 ] } },
{ "type": "Feature", "properties": { "name": "Einstein Bros. Bagels", "amenity": "fast_food", "shop": null, "leisure": null }, "geometry": { "type": "Point", "coordinates": [ -80.1413005, 25.7874575 ] } },
{ "type": "Feature", "properties": { "name": "Cachito Coffee & Bakery", "amenity": "cafe", "shop": null, "leisure": null }, "geometry": { "type": "Point", "coordinates": [ -80.1416317, 25.7880385 ] } },
{ "type": "Feature", "properties": { "name": "Apple a Day Juice Bar & Cafe", "amenity": "cafe", "shop": "beverages", "leisure": null }, "geometry": { "type": "Point", "coordinates": [ -80.1414186, 25.7879744 ] } },
{ "type": "Feature", "properties": { "name": "Natural Food Market Place", "amenity": null, "shop": "mall", "leisure": null }, "geometry": { "type": "Point", "coordinates": [ -80.1413378, 25.7879465 ] } },
{ "type": "Feature", "properties": { "name": "Food Store U.S.A.", "amenity": null, "shop": "convenience", "leisure": null }, "geometry": { "type": "Point", "coordinates": [ -80.1407757, 25.7861559 ] } },
{ "type": "Feature", "properties": { "name": "7-Eleven", "amenity": null, "shop": "convenience", "leisure": null }, "geometry": { "type": "Point", "coordinates": [ -80.1407634, 25.7869128 ] } },
{ "type": "Feature", "properties": { "name": "Chevron", "amenity": null, "shop": "convenience", "leisure": null }, "geometry": { "type": "Point", "coordinates": [ -80.1407603, 25.7870508 ] } },
{ "type": "Feature", "properties": { "name": "Redhead Sandwich", "amenity": "fast_food", "shop": null, "leisure": null }, "geometry": { "type": "Point", "coordinates": [ -80.1304395, 25.7821509 ] } },
{ "type": "Feature", "properties": { "name": "Chicken Kitchen", "amenity": "fast_food", "shop": null, "leisure": null }, "geometry": { "type": "Point", "coordinates": [ -80.14075, 25.7875814 ] } },
{ "type": "Feature", "properties": { "name": "Pinecrest Bakery & Café", "amenity": "cafe", "shop": "bakery", "leisure": null }, "geometry": { "type": "Point", "coordinates": [ -80.1407628, 25.7876714 ] } },
{ "type": "Feature", "properties": { "name": "Smoothie King", "amenity": "fast_food", "shop": null, "leisure": null }, "geometry": { "type": "Point", "coordinates": [ -80.1407817, 25.7881344 ] } },
{ "type": "Feature", "properties": { "name": "Starbucks", "amenity": "cafe", "shop": null, "leisure": null }, "geometry": { "type": "Point", "coordinates": [ -80.1326362, 25.770642 ] } },
{ "type": "Feature", "properties": { "name": "Tropical Beach Cafe", "amenity": "fast_food", "shop": null, "leisure": null }, "geometry": { "type": "Point", "coordinates": [ -80.1251191, 25.8045752 ] } },
{ "type": "Feature", "properties": { "name": "Shepherd Artisan Coffee", "amenity": "cafe", "shop": null, "leisure": null }, "geometry": { "type": "Point", "coordinates": [ -80.1252951, 25.804094 ] } },
{ "type": "Feature", "properties": { "name": "Under the Mango Tree", "amenity": "cafe", "shop": null, "leisure": null }, "geometry": { "type": "Point", "coordinates": [ -80.1358564, 25.7747565 ] } },
{ "type": "Feature", "properties": { "name": "LaGorce Residence Park", "amenity": null, "shop": null, "leisure": "park" }, "geometry": { "type": "Point", "coordinates": [ -80.1272096, 25.8469638 ] } },
{ "type": "Feature", "properties": { "name": "Sakura", "amenity": "fast_food", "shop": null, "leisure": null }, "geometry": { "type": "Point", "coordinates": [ -80.1589899, 25.8488167 ] } },
{ "type": "Feature", "properties": { "name": "Speedway", "amenity": null, "shop": "convenience", "leisure": null }, "geometry": { "type": "Point", "coordinates": [ -80.153653, 25.8480678 ] } },
{ "type": "Feature", "properties": { "name": "South Beach Cafe", "amenity": "cafe", "shop": null, "leisure": null }, "geometry": { "type": "Point", "coordinates": [ -80.1322662, 25.7747989 ] } },
{ "type": "Feature", "properties": { "name": "Qbano South Beach", "amenity": "fast_food", "shop": null, "leisure": null }, "geometry": { "type": "Point", "coordinates": [ -80.1351563, 25.7710399 ] } },
{ "type": "Feature", "properties": { "name": "SoBe Vegan", "amenity": "cafe", "shop": null, "leisure": null }, "geometry": { "type": "Point", "coordinates": [ -80.1352676, 25.7704191 ] } },
{ "type": "Feature", "properties": { "name": "Dreamer Miami", "amenity": "fast_food", "shop": null, "leisure": null }, "geometry": { "type": "Point", "coordinates": [ -80.1348733, 25.7681519 ] } },
{ "type": "Feature", "properties": { "name": "Park Fountains", "amenity": null, "shop": null, "leisure": "park" }, "geometry": { "type": "Point", "coordinates": [ -80.136084, 25.7667393 ] } },
{ "type": "Feature", "properties": { "name": "South Pointe Park", "amenity": null, "shop": null, "leisure": "park" }, "geometry": { "type": "Point", "coordinates": [ -80.1352068, 25.7663778 ] } },
{ "type": "Feature", "properties": { "name": "Dolce Vita Gelati", "amenity": "cafe", "shop": null, "leisure": null }, "geometry": { "type": "Point", "coordinates": [ -80.1318116, 25.7757148 ] } },
{ "type": "Feature", "properties": { "name": "La Sandwicherie", "amenity": "fast_food", "shop": null, "leisure": null }, "geometry": { "type": "Point", "coordinates": [ -80.1207992, 25.8593708 ] } },
{ "type": "Feature", "properties": { "name": "Sunrise Café", "amenity": "cafe", "shop": null, "leisure": null }, "geometry": { "type": "Point", "coordinates": [ -80.1225908, 25.8143393 ] } },
{ "type": "Feature", "properties": { "name": "Il Dante Caffe", "amenity": "cafe", "shop": null, "leisure": null }, "geometry": { "type": "Point", "coordinates": [ -80.1314332, 25.7778747 ] } },
{ "type": "Feature", "properties": { "name": "Cortadito", "amenity": "cafe", "shop": null, "leisure": null }, "geometry": { "type": "Point", "coordinates": [ -80.1367153, 25.7910648 ] } },
{ "type": "Feature", "properties": { "name": "the Birdcage Cafe", "amenity": "cafe", "shop": null, "leisure": null }, "geometry": { "type": "Point", "coordinates": [ -80.1301252, 25.7837572 ] } },
{ "type": "Feature", "properties": { "name": "Walgreens", "amenity": "pharmacy", "shop": null, "leisure": null }, "geometry": { "type": "Point", "coordinates": [ -80.1253192, 25.8132775 ] } },
{ "type": "Feature", "properties": { "name": "CVS Pharmacy", "amenity": "pharmacy", "shop": null, "leisure": null }, "geometry": { "type": "Point", "coordinates": [ -80.1338937, 25.774795 ] } },
{ "type": "Feature", "properties": { "name": "Crema Gourmet Espresso Bar Miami Beach", "amenity": "cafe", "shop": null, "leisure": null }, "geometry": { "type": "Point", "coordinates": [ -80.1239269, 25.8085531 ] } },
{ "type": "Feature", "properties": { "name": "Botta", "amenity": "cafe", "shop": null, "leisure": null }, "geometry": { "type": "Point", "coordinates": [ -80.1293537, 25.7870064 ] } },
{ "type": "Feature", "properties": { "name": "Island Market", "amenity": null, "shop": "supermarket", "leisure": null }, "geometry": { "type": "Point", "coordinates": [ -80.1439843, 25.7624834 ] } },
{ "type": "Feature", "properties": { "name": "CVS", "amenity": null, "shop": "convenience", "leisure": null }, "geometry": { "type": "Point", "coordinates": [ -80.1291989, 25.795841 ] } },
{ "type": "Feature", "properties": { "name": "CVS Pharmacy", "amenity": "pharmacy", "shop": null, "leisure": null }, "geometry": { "type": "Point", "coordinates": [ -80.1292318, 25.7957867 ] } },
{ "type": "Feature", "properties": { "name": "Miami-Dade Public Library, South Shore Branch", "amenity": "library", "shop": null, "leisure": null }, "geometry": { "type": "Point", "coordinates": [ -80.1378305, 25.7705006 ] } },
{ "type": "Feature", "properties": { "name": "Harbor Café", "amenity": "cafe", "shop": null, "leisure": null }, "geometry": { "type": "Point", "coordinates": [ -80.1304017, 25.8865893 ] } },
{ "type": "Feature", "properties": { "name": "The Taco Stand", "amenity": "fast_food", "shop": null, "leisure": null }, "geometry": { "type": "Point", "coordinates": [ -80.1416026, 25.7905811 ] } },
{ "type": "Feature", "properties": { "name": "café americano", "amenity": "cafe", "shop": null, "leisure": null }, "geometry": { "type": "Point", "coordinates": [ -80.1298395, 25.7937445 ] } },
{ "type": "Feature", "properties": { "name": "Miami Beach Community Health Center", "amenity": "clinic", "shop": null, "leisure": null }, "geometry": { "type": "Point", "coordinates": [ -80.1410241, 25.777233 ] } },
{ "type": "Feature", "properties": { "name": "El Desembarco Miami Beach", "amenity": "fast_food", "shop": null, "leisure": null }, "geometry": { "type": "Point", "coordinates": [ -80.1207663, 25.8588471 ] } },
{ "type": "Feature", "properties": { "name": "Blue Lavender Cafe", "amenity": "cafe", "shop": null, "leisure": null }, "geometry": { "type": "Point", "coordinates": [ -80.1306236, 25.785826 ] } },
{ "type": "Feature", "properties": { "name": "Capital One Café at Miami Beach", "amenity": "cafe", "shop": null, "leisure": null }, "geometry": { "type": "Point", "coordinates": [ -80.139536, 25.7906637 ] } },
{ "type": "Feature", "properties": { "name": "Flamingo Food Market", "amenity": null, "shop": "supermarket", "leisure": null }, "geometry": { "type": "Point", "coordinates": [ -80.1412994, 25.7876051 ] } },
{ "type": "Feature", "properties": { "name": "South Beach Food Market", "amenity": null, "shop": "supermarket", "leisure": null }, "geometry": { "type": "Point", "coordinates": [ -80.1315998, 25.7875255 ] } },
{ "type": "Feature", "properties": { "name": "M'panata", "amenity": null, "shop": "convenience", "leisure": null }, "geometry": { "type": "Point", "coordinates": [ -80.1321795, 25.7828088 ] } },
{ "type": "Feature", "properties": { "name": "Starbucks", "amenity": "cafe", "shop": null, "leisure": null }, "geometry": { "type": "Point", "coordinates": [ -80.1238337, 25.8863882 ] } },
{ "type": "Feature", "properties": { "name": "The Grove Kosher Market", "amenity": null, "shop": "supermarket", "leisure": null }, "geometry": { "type": "Point", "coordinates": [ -80.1232963, 25.8847291 ] } },
{ "type": "Feature", "properties": { "name": "Neiman Marcus", "amenity": null, "shop": "department_store", "leisure": null }, "geometry": { "type": "Point", "coordinates": [ -80.1247342, 25.8893053 ] } },
{ "type": "Feature", "properties": { "name": "Saks Fifth Avenue", "amenity": null, "shop": "department_store", "leisure": null }, "geometry": { "type": "Point", "coordinates": [ -80.1244129, 25.8872945 ] } },
{ "type": "Feature", "properties": { "name": "Burlington", "amenity": null, "shop": "department_store", "leisure": null }, "geometry": { "type": "Point", "coordinates": [ -80.1393277, 25.7746646 ] } },
{ "type": "Feature", "properties": { "name": "Illumina Medical Centers of Miami Beach", "amenity": "clinic", "shop": null, "leisure": null }, "geometry": { "type": "Point", "coordinates": [ -80.1279153, 25.8134479 ] } },
{ "type": "Feature", "properties": { "name": "+MEDRITE - Urgent Care", "amenity": "clinic", "shop": null, "leisure": null }, "geometry": { "type": "Point", "coordinates": [ -80.1301653, 25.8136577 ] } },
{ "type": "Feature", "properties": { "name": "Oleta River State Park", "amenity": null, "shop": null, "leisure": "park" }, "geometry": { "type": "MultiPolygon", "coordinates": [ [ [ [ -80.1369877, 25.8989901 ], [ -80.1369045, 25.8992114 ], [ -80.1368787, 25.8995357 ], [ -80.1368186, 25.8998291 ], [ -80.1367959, 25.8999787 ], [ -80.136707, 25.9001225 ], [ -80.1366095, 25.9003171 ], [ -80.1363956, 25.900594 ], [ -80.1362816, 25.9007309 ], [ -80.1362555, 25.9008588 ], [ -80.1361921, 25.9009486 ], [ -80.136132, 25.9011416 ], [ -80.136061, 25.9012587 ], [ -80.1359603, 25.9013578 ], [ -80.1357286, 25.9016435 ], [ -80.1356285, 25.9017949 ], [ -80.135599, 25.9019698 ], [ -80.1355387, 25.9020603 ], [ -80.1354046, 25.9021351 ], [ -80.1352074, 25.9022509 ], [ -80.1350679, 25.9023052 ], [ -80.134954, 25.9023571 ], [ -80.1348212, 25.9024862 ], [ -80.1344583, 25.9024696 ], [ -80.1340463, 25.9024542 ], [ -80.1337716, 25.9025159 ], [ -80.1335828, 25.9025932 ], [ -80.1334647, 25.9025984 ], [ -80.1333661, 25.9025736 ], [ -80.133295, 25.9025423 ], [ -80.1332534, 25.9024626 ], [ -80.1332219, 25.9023173 ], [ -80.1331884, 25.9020482 ], [ -80.1332648, 25.9017853 ], [ -80.1333238, 25.901693 ], [ -80.1334056, 25.9016489 ], [ -80.1335317, 25.9016055 ], [ -80.1335847, 25.901547 ], [ -80.1336429, 25.9015122 ], [ -80.1339575, 25.9013021 ], [ -80.1341399, 25.9011483 ], [ -80.1343263, 25.9010331 ], [ -80.1344806, 25.9007448 ], [ -80.1345597, 25.9006694 ], [ -80.1345885, 25.9005879 ], [ -80.1346777, 25.9004589 ], [ -80.134787, 25.9003545 ], [ -80.1348568, 25.9003388 ], [ -80.1349788, 25.9003268 ], [ -80.1351692, 25.9002604 ], [ -80.1353147, 25.9001657 ], [ -80.1354596, 25.9000197 ], [ -80.1356078, 25.8998418 ], [ -80.1357687, 25.899586 ], [ -80.1358093, 25.8995503 ], [ -80.13584, 25.8995234 ], [ -80.1358496, 25.8994494 ], [ -80.1358512, 25.8993122 ], [ -80.1358514, 25.8993016 ], [ -80.1358532, 25.8992247 ], [ -80.1359236, 25.8989309 ], [ -80.1359603, 25.898864 ], [ -80.1360329, 25.8988031 ], [ -80.1361468, 25.8988073 ], [ -80.1363681, 25.8988592 ], [ -80.1364587, 25.8988754 ], [ -80.1365566, 25.8988972 ], [ -80.1367671, 25.8989931 ], [ -80.1368697, 25.8989774 ], [ -80.1369891, 25.8989539 ], [ -80.1369877, 25.8989901 ] ] ], [ [ [ -80.1498489, 25.9029698 ], [ -80.1494064, 25.9055755 ], [ -80.1501198, 25.9063596 ], [ -80.1483067, 25.9064392 ], [ -80.1477515, 25.9077445 ], [ -80.1483389, 25.9083332 ], [ -80.1478936, 25.9090015 ], [ -80.1472982, 25.9093513 ], [ -80.1462467, 25.9091945 ], [ -80.1456727, 25.9089846 ], [ -80.1448037, 25.9079134 ], [ -80.1445704, 25.9078458 ], [ -80.1433044, 25.9079471 ], [ -80.1412135, 25.9052928 ], [ -80.1410606, 25.9050672 ], [ -80.1410191, 25.9047511 ], [ -80.1411223, 25.9045641 ], [ -80.1421775, 25.9041195 ], [ -80.1419981, 25.9038577 ], [ -80.1435779, 25.9029818 ], [ -80.144042, 25.902632 ], [ -80.1449351, 25.9019106 ], [ -80.1454877, 25.9015752 ], [ -80.1460134, 25.9013267 ], [ -80.1468288, 25.9010589 ], [ -80.1472351, 25.9009443 ], [ -80.1476884, 25.9009418 ], [ -80.1494211, 25.9009201 ], [ -80.1494185, 25.9008562 ], [ -80.1506053, 25.9008103 ], [ -80.1506348, 25.9026079 ], [ -80.1498489, 25.9029698 ] ] ], [ [ [ -80.1393445, 25.9140212 ], [ -80.1399494, 25.9147478 ], [ -80.1400339, 25.91485 ], [ -80.14009, 25.9149234 ], [ -80.1397736, 25.915102 ], [ -80.1393112, 25.9152838 ], [ -80.1389797, 25.9154687 ], [ -80.1386793, 25.9158547 ], [ -80.1383202, 25.9161906 ], [ -80.1387436, 25.9163565 ], [ -80.1388724, 25.9162021 ], [ -80.1394303, 25.9158354 ], [ -80.1398594, 25.915681 ], [ -80.1406748, 25.9155073 ], [ -80.1402739, 25.9148266 ], [ -80.1422263, 25.9134468 ], [ -80.1432328, 25.9127265 ], [ -80.1439114, 25.9124559 ], [ -80.1447497, 25.9123185 ], [ -80.144902, 25.9152757 ], [ -80.1444943, 25.9155652 ], [ -80.1433356, 25.9156231 ], [ -80.1433262, 25.9159741 ], [ -80.1442448, 25.9159343 ], [ -80.1453043, 25.9156907 ], [ -80.1457388, 25.9157582 ], [ -80.1465926, 25.9159426 ], [ -80.1466512, 25.9177992 ], [ -80.1467387, 25.9179445 ], [ -80.1467868, 25.9180162 ], [ -80.1473688, 25.9208416 ], [ -80.1482362, 25.9208184 ], [ -80.148287, 25.9210692 ], [ -80.1485672, 25.9212344 ], [ -80.1493598, 25.921197 ], [ -80.1495248, 25.9213152 ], [ -80.1498051, 25.9213164 ], [ -80.1499633, 25.9211669 ], [ -80.1507854, 25.9211258 ], [ -80.150945, 25.920986 ], [ -80.1528252, 25.9208991 ], [ -80.1529007, 25.9208264 ], [ -80.153371, 25.9194516 ], [ -80.1543863, 25.9195409 ], [ -80.1540859, 25.9205638 ], [ -80.1534636, 25.9207182 ], [ -80.1536721, 25.9235974 ], [ -80.1533234, 25.9248397 ], [ -80.1528111, 25.9248566 ], [ -80.1528379, 25.9254935 ], [ -80.1532295, 25.9254935 ], [ -80.153251, 25.9258722 ], [ -80.1520259, 25.9257358 ], [ -80.1484425, 25.9258323 ], [ -80.1450093, 25.9259867 ], [ -80.1407848, 25.9261182 ], [ -80.1398809, 25.9261604 ], [ -80.1391299, 25.9263533 ], [ -80.1379926, 25.9267972 ], [ -80.1359541, 25.9279165 ], [ -80.133279, 25.929322 ], [ -80.1330575, 25.9294216 ], [ -80.1328768, 25.9295087 ], [ -80.1327098, 25.9295709 ], [ -80.1324225, 25.9296523 ], [ -80.1323078, 25.9296722 ], [ -80.1322521, 25.9296432 ], [ -80.1314448, 25.9297194 ], [ -80.1308297, 25.9296505 ], [ -80.1308146, 25.9292902 ], [ -80.1309226, 25.9288324 ], [ -80.1309354, 25.9286516 ], [ -80.1309354, 25.9285667 ], [ -80.1309697, 25.9284277 ], [ -80.1310642, 25.9283505 ], [ -80.1310642, 25.9282424 ], [ -80.1310384, 25.9281653 ], [ -80.1309612, 25.9280263 ], [ -80.1309268, 25.9278102 ], [ -80.1308667, 25.9275014 ], [ -80.1308582, 25.9272698 ], [ -80.1308796, 25.9271096 ], [ -80.1309354, 25.9269997 ], [ -80.1309268, 25.9268376 ], [ -80.1309011, 25.9266446 ], [ -80.1309697, 25.9262741 ], [ -80.1309182, 25.9260965 ], [ -80.1308067, 25.9258572 ], [ -80.1307466, 25.925232 ], [ -80.1306693, 25.9250467 ], [ -80.1306693, 25.9248614 ], [ -80.1305406, 25.9246376 ], [ -80.1305234, 25.9243134 ], [ -80.1304548, 25.9241126 ], [ -80.1304891, 25.9238965 ], [ -80.1304548, 25.9237344 ], [ -80.1304719, 25.9235723 ], [ -80.1304118, 25.9232404 ], [ -80.1303432, 25.9228698 ], [ -80.130429, 25.9227617 ], [ -80.1304033, 25.9226846 ], [ -80.130326, 25.9225996 ], [ -80.1303046, 25.9224548 ], [ -80.1302863, 25.9222056 ], [ -80.1302045, 25.9221103 ], [ -80.1300825, 25.9220838 ], [ -80.1299993, 25.9220428 ], [ -80.1299741, 25.9219126 ], [ -80.1299376, 25.9217774 ], [ -80.1298571, 25.9216291 ], [ -80.1297566, 25.9215881 ], [ -80.1296868, 25.9215205 ], [ -80.1296238, 25.921377 ], [ -80.1295964, 25.9212873 ], [ -80.1295862, 25.9211852 ], [ -80.129428, 25.9211309 ], [ -80.1292724, 25.9210634 ], [ -80.129236, 25.920994 ], [ -80.1292574, 25.9208414 ], [ -80.129296, 25.9207161 ], [ -80.1292174, 25.9206062 ], [ -80.1291158, 25.9205308 ], [ -80.1291101, 25.9203493 ], [ -80.12909, 25.9202606 ], [ -80.1289012, 25.9200445 ], [ -80.1287279, 25.919973 ], [ -80.1283377, 25.919675 ], [ -80.1280668, 25.9193699 ], [ -80.127993, 25.9190671 ], [ -80.1281969, 25.9180286 ], [ -80.1282371, 25.9177873 ], [ -80.1282002, 25.9175207 ], [ -80.1281593, 25.9174454 ], [ -80.1281345, 25.9171046 ], [ -80.1281144, 25.9168501 ], [ -80.1282163, 25.9168054 ], [ -80.1282918, 25.9165551 ], [ -80.128278, 25.9164158 ], [ -80.1282619, 25.9163308 ], [ -80.1282176, 25.9162741 ], [ -80.1281593, 25.9162512 ], [ -80.128158, 25.9161016 ], [ -80.1281754, 25.9160365 ], [ -80.1282661, 25.9157908 ], [ -80.1282579, 25.9154828 ], [ -80.1282646, 25.9152054 ], [ -80.128309, 25.9148645 ], [ -80.1282832, 25.9147023 ], [ -80.1283115, 25.9144696 ], [ -80.1283519, 25.9143395 ], [ -80.1283303, 25.9141933 ], [ -80.1283732, 25.9141089 ], [ -80.1283625, 25.9139714 ], [ -80.128309, 25.913884 ], [ -80.1283519, 25.9137914 ], [ -80.1283759, 25.9136324 ], [ -80.1283853, 25.913431 ], [ -80.1283796, 25.9133233 ], [ -80.128329, 25.9133185 ], [ -80.1283052, 25.9133073 ], [ -80.1283196, 25.9132898 ], [ -80.1283508, 25.9132826 ], [ -80.1283682, 25.9132491 ], [ -80.1283528, 25.9132172 ], [ -80.1283481, 25.9131593 ], [ -80.1283776, 25.9129904 ], [ -80.1284218, 25.9128306 ], [ -80.1284889, 25.9126357 ], [ -80.128572, 25.9123806 ], [ -80.1285908, 25.9123263 ], [ -80.1286431, 25.9122039 ], [ -80.1287142, 25.9121237 ], [ -80.1287584, 25.9120459 ], [ -80.1287953, 25.9119289 ], [ -80.1288476, 25.911763 ], [ -80.1288517, 25.9117135 ], [ -80.1289361, 25.911529 ], [ -80.129077, 25.9112413 ], [ -80.1292104, 25.9110857 ], [ -80.1292761, 25.9110893 ], [ -80.1293653, 25.9110441 ], [ -80.1294243, 25.910962 ], [ -80.1295215, 25.9108161 ], [ -80.1295846, 25.9105664 ], [ -80.1296248, 25.9102805 ], [ -80.1296288, 25.9100754 ], [ -80.1296587, 25.9098015 ], [ -80.1296677, 25.9097195 ], [ -80.12961, 25.9094252 ], [ -80.1296047, 25.9092032 ], [ -80.129657, 25.9088112 ], [ -80.1297227, 25.9084216 ], [ -80.1298836, 25.9073479 ], [ -80.1299587, 25.9071103 ], [ -80.1300043, 25.9069197 ], [ -80.130066, 25.9068087 ], [ -80.1303477, 25.9064154 ], [ -80.1305703, 25.9061259 ], [ -80.1307688, 25.9059269 ], [ -80.1309699, 25.9058376 ], [ -80.1313441, 25.9057556 ], [ -80.1316324, 25.9057194 ], [ -80.1319981, 25.9057875 ], [ -80.1322738, 25.905914 ], [ -80.132313, 25.9059601 ], [ -80.132314, 25.9060256 ], [ -80.1324298, 25.9062463 ], [ -80.1326571, 25.9063583 ], [ -80.132886, 25.9065128 ], [ -80.1330658, 25.9066632 ], [ -80.133214, 25.906904 ], [ -80.1331381, 25.9070483 ], [ -80.1329528, 25.9071034 ], [ -80.1328015, 25.9072916 ], [ -80.1327178, 25.9075707 ], [ -80.1327527, 25.907994 ], [ -80.1328049, 25.9083327 ], [ -80.132934, 25.9086934 ], [ -80.1330455, 25.9088722 ], [ -80.133314, 25.9089631 ], [ -80.1335964, 25.9090101 ], [ -80.1339007, 25.9090065 ], [ -80.1340237, 25.9088885 ], [ -80.1341953, 25.908873 ], [ -80.1344193, 25.9089384 ], [ -80.1345637, 25.9091004 ], [ -80.1345267, 25.9093187 ], [ -80.1343596, 25.9094577 ], [ -80.1341632, 25.9096826 ], [ -80.1337857, 25.910218 ], [ -80.1331977, 25.9108384 ], [ -80.132447, 25.9118589 ], [ -80.1317249, 25.9128196 ], [ -80.1317498, 25.9129786 ], [ -80.1317984, 25.9131388 ], [ -80.1317175, 25.9134452 ], [ -80.131433, 25.9136414 ], [ -80.1312143, 25.9136573 ], [ -80.1310107, 25.9136116 ], [ -80.130916, 25.9134733 ], [ -80.1308667, 25.9133003 ], [ -80.1308288, 25.913272 ], [ -80.1307793, 25.913235 ], [ -80.1306966, 25.9134799 ], [ -80.1306083, 25.9135895 ], [ -80.1305617, 25.9136474 ], [ -80.1306696, 25.9137687 ], [ -80.1308425, 25.9138784 ], [ -80.1309358, 25.9139883 ], [ -80.1310205, 25.9140514 ], [ -80.1311522, 25.9141604 ], [ -80.1313322, 25.914268 ], [ -80.1316102, 25.9142434 ], [ -80.1316408, 25.9142079 ], [ -80.131654, 25.9140725 ], [ -80.1318179, 25.9134342 ], [ -80.1318484, 25.9133153 ], [ -80.1319109, 25.913072 ], [ -80.1320347, 25.9130009 ], [ -80.1325388, 25.9127949 ], [ -80.1332255, 25.9125016 ], [ -80.1338011, 25.9127393 ], [ -80.134073, 25.9129024 ], [ -80.1342125, 25.9130574 ], [ -80.1339998, 25.9139122 ], [ -80.1337359, 25.9147601 ], [ -80.1334706, 25.9156759 ], [ -80.1333216, 25.9162914 ], [ -80.1334061, 25.9163635 ], [ -80.1336064, 25.9164119 ], [ -80.1337028, 25.9164775 ], [ -80.133823, 25.9164585 ], [ -80.13394, 25.9162328 ], [ -80.1340224, 25.9159363 ], [ -80.1340405, 25.9157149 ], [ -80.1341647, 25.9152469 ], [ -80.1342699, 25.9146879 ], [ -80.1344271, 25.9142154 ], [ -80.1345687, 25.9141237 ], [ -80.1346539, 25.9140417 ], [ -80.1347196, 25.9138945 ], [ -80.1348309, 25.9131008 ], [ -80.1349623, 25.9121635 ], [ -80.1350589, 25.9118764 ], [ -80.1351219, 25.9114108 ], [ -80.1352628, 25.9110188 ], [ -80.1353781, 25.9109078 ], [ -80.1355972, 25.9107937 ], [ -80.1358206, 25.9107627 ], [ -80.1359735, 25.9108514 ], [ -80.1362038, 25.9111505 ], [ -80.136432, 25.9114545 ], [ -80.1366723, 25.911768 ], [ -80.1371908, 25.9124398 ], [ -80.1378346, 25.9132118 ], [ -80.1385324, 25.9140139 ], [ -80.138637, 25.9141309 ], [ -80.1387107, 25.9141382 ], [ -80.138814, 25.914102 ], [ -80.1388878, 25.9140055 ], [ -80.1388904, 25.9138258 ], [ -80.1388033, 25.9135531 ], [ -80.1387282, 25.9132299 ], [ -80.1386504, 25.9131671 ], [ -80.1385283, 25.9131394 ], [ -80.138808, 25.9130948 ], [ -80.1393445, 25.9140212 ] ] ] ] } },
{ "type": "Feature", "properties": { "name": "Flagler Memorial Monument", "amenity": null, "shop": null, "leisure": "park" }, "geometry": { "type": "Polygon", "coordinates": [ [ [ -80.1530465, 25.7846309 ], [ -80.15303, 25.7846089 ], [ -80.1530045, 25.7845499 ], [ -80.1529839, 25.7845678 ], [ -80.1529591, 25.7845914 ], [ -80.1529305, 25.7846123 ], [ -80.1528457, 25.7846545 ], [ -80.1527736, 25.7846813 ], [ -80.152721, 25.7846947 ], [ -80.1526516, 25.7847172 ], [ -80.1525981, 25.7847444 ], [ -80.1525582, 25.7847851 ], [ -80.1525172, 25.7848276 ], [ -80.1524651, 25.7848702 ], [ -80.1524069, 25.7849119 ], [ -80.1523128, 25.784965 ], [ -80.1522768, 25.7849885 ], [ -80.1522207, 25.7850354 ], [ -80.1520015, 25.7852481 ], [ -80.1519848, 25.7852735 ], [ -80.1519694, 25.785298 ], [ -80.1519591, 25.7853276 ], [ -80.1519514, 25.7853849 ], [ -80.1519479, 25.7856271 ], [ -80.1519514, 25.7856481 ], [ -80.1519644, 25.7856683 ], [ -80.1521011, 25.7857714 ], [ -80.1523328, 25.7859327 ], [ -80.1523714, 25.7859518 ], [ -80.1524223, 25.7859685 ], [ -80.1525294, 25.785995 ], [ -80.1525627, 25.7859978 ], [ -80.1525913, 25.7859955 ], [ -80.152731, 25.7859628 ], [ -80.1527514, 25.7859553 ], [ -80.1527656, 25.7859441 ], [ -80.1528087, 25.7858887 ], [ -80.1528426, 25.7858414 ], [ -80.1528631, 25.7858091 ], [ -80.1528777, 25.7857835 ], [ -80.1528911, 25.7857525 ], [ -80.1528978, 25.7857204 ], [ -80.1529011, 25.7856876 ], [ -80.152909, 25.7856723 ], [ -80.1529793, 25.7856183 ], [ -80.153339, 25.7854761 ], [ -80.1534041, 25.7854383 ], [ -80.1534376, 25.7854036 ], [ -80.1534748, 25.7853517 ], [ -80.1534951, 25.7853047 ], [ -80.1535009, 25.7852589 ], [ -80.1535011, 25.7851957 ], [ -80.1534917, 25.7851459 ], [ -80.153467, 25.7850892 ], [ -80.1534099, 25.7849946 ], [ -80.1533019, 25.7848541 ], [ -80.1532275, 25.7847775 ], [ -80.1531081, 25.7846815 ], [ -80.1530465, 25.7846309 ] ] ] } },
{ "type": "Feature", "properties": { "name": "Lummus Park", "amenity": null, "shop": null, "leisure": "park" }, "geometry": { "type": "Polygon", "coordinates": [ [ [ -80.1297813, 25.7844645 ], [ -80.1299968, 25.7830197 ], [ -80.1300797, 25.782549 ], [ -80.1303128, 25.7814801 ], [ -80.1306489, 25.7799147 ], [ -80.1310254, 25.7781914 ], [ -80.1312288, 25.7772552 ], [ -80.1314871, 25.7760568 ], [ -80.1315734, 25.7756725 ], [ -80.1317764, 25.7747725 ], [ -80.1312495, 25.7747949 ], [ -80.1312186, 25.7748255 ], [ -80.131188, 25.7748373 ], [ -80.1311524, 25.7748412 ], [ -80.1311101, 25.7748274 ], [ -80.1310808, 25.7748002 ], [ -80.1310698, 25.7747467 ], [ -80.1310214, 25.7747438 ], [ -80.1310108, 25.7747195 ], [ -80.1308362, 25.7747219 ], [ -80.1307784, 25.7747168 ], [ -80.1307303, 25.7747127 ], [ -80.130469, 25.7746957 ], [ -80.1305019, 25.7747298 ], [ -80.1305002, 25.7747558 ], [ -80.1304802, 25.7747701 ], [ -80.1304701, 25.7747889 ], [ -80.1304394, 25.7749915 ], [ -80.1304342, 25.7750258 ], [ -80.130424, 25.7750934 ], [ -80.1303887, 25.7753286 ], [ -80.1303829, 25.7753668 ], [ -80.1303768, 25.7753999 ], [ -80.1303535, 25.7755525 ], [ -80.1303254, 25.7757254 ], [ -80.1304031, 25.7758296 ], [ -80.1303986, 25.7758509 ], [ -80.1303889, 25.7758652 ], [ -80.1302787, 25.775881 ], [ -80.1302228, 25.7761377 ], [ -80.1302362, 25.7761583 ], [ -80.1302624, 25.77617 ], [ -80.1302825, 25.7761863 ], [ -80.130277, 25.7761939 ], [ -80.1302563, 25.7762071 ], [ -80.130247, 25.7762203 ], [ -80.1302465, 25.7762362 ], [ -80.1302424, 25.7762418 ], [ -80.1302547, 25.7763139 ], [ -80.1302306, 25.7763178 ], [ -80.1301982, 25.7763147 ], [ -80.1301621, 25.7763223 ], [ -80.1300979, 25.7766505 ], [ -80.1301081, 25.7766623 ], [ -80.1301851, 25.7767002 ], [ -80.1301931, 25.7767051 ], [ -80.1301372, 25.7767476 ], [ -80.1301284, 25.7767865 ], [ -80.1301494, 25.7768276 ], [ -80.1301244, 25.7768489 ], [ -80.1300975, 25.7768861 ], [ -80.1301021, 25.7769114 ], [ -80.1303331, 25.7772051 ], [ -80.1303294, 25.7772186 ], [ -80.1302764, 25.7771816 ], [ -80.1301141, 25.7770039 ], [ -80.1300811, 25.7770017 ], [ -80.1300191, 25.7770152 ], [ -80.1299446, 25.7773233 ], [ -80.1299682, 25.7773694 ], [ -80.129962, 25.7774321 ], [ -80.1299886, 25.777477 ], [ -80.1301682, 25.7776693 ], [ -80.1302144, 25.777712 ], [ -80.1302089, 25.7777385 ], [ -80.1301386, 25.7776735 ], [ -80.1300663, 25.7775905 ], [ -80.1299888, 25.7775272 ], [ -80.129954, 25.7775251 ], [ -80.1299193, 25.7775249 ], [ -80.1298956, 25.7775327 ], [ -80.1298268, 25.7778365 ], [ -80.1298675, 25.7778619 ], [ -80.1298932, 25.7778954 ], [ -80.1298444, 25.7779369 ], [ -80.1298208, 25.7779982 ], [ -80.1297924, 25.7780234 ], [ -80.129782, 25.7780875 ], [ -80.1298317, 25.778138 ], [ -80.1300665, 25.7783661 ], [ -80.1300624, 25.778384 ], [ -80.1298328, 25.7782077 ], [ -80.1297873, 25.7781988 ], [ -80.1297231, 25.778194 ], [ -80.1296544, 25.7785262 ], [ -80.1295925, 25.7788647 ], [ -80.1296324, 25.7789169 ], [ -80.1296591, 25.7789966 ], [ -80.129572, 25.7790058 ], [ -80.1295105, 25.7792757 ], [ -80.1295797, 25.7793241 ], [ -80.1295285, 25.7793887 ], [ -80.129531, 25.7794786 ], [ -80.1295566, 25.7795685 ], [ -80.1294593, 25.7797161 ], [ -80.1294901, 25.7798268 ], [ -80.1293979, 25.779843 ], [ -80.1293518, 25.7801013 ], [ -80.1294055, 25.7801382 ], [ -80.1293594, 25.7802027 ], [ -80.1293569, 25.7802996 ], [ -80.1293927, 25.7803803 ], [ -80.1293185, 25.7804518 ], [ -80.129257, 25.7807747 ], [ -80.1292826, 25.7808346 ], [ -80.129216, 25.7808623 ], [ -80.129152, 25.7811506 ], [ -80.1291904, 25.7811759 ], [ -80.1291213, 25.7813235 ], [ -80.1291417, 25.7813835 ], [ -80.129088, 25.7814089 ], [ -80.129006, 25.7816925 ], [ -80.1290708, 25.7817334 ], [ -80.1289958, 25.7818101 ], [ -80.1290034, 25.7819139 ], [ -80.1290431, 25.7819685 ], [ -80.1289625, 25.7819693 ], [ -80.1288856, 25.7822691 ], [ -80.1289264, 25.7823218 ], [ -80.1288908, 25.7823774 ], [ -80.128901, 25.782442 ], [ -80.1288523, 25.7824605 ], [ -80.1288139, 25.7827557 ], [ -80.1288754, 25.7827856 ], [ -80.1288242, 25.7828479 ], [ -80.1288191, 25.7829401 ], [ -80.1288447, 25.7830301 ], [ -80.1287781, 25.7830531 ], [ -80.1287166, 25.7833668 ], [ -80.1287575, 25.7834106 ], [ -80.128714, 25.7835005 ], [ -80.1287473, 25.7835859 ], [ -80.1286884, 25.7836066 ], [ -80.12865, 25.783941 ], [ -80.1286936, 25.7839664 ], [ -80.1286551, 25.7840609 ], [ -80.1286577, 25.7841509 ], [ -80.128609, 25.7841878 ], [ -80.1285816, 25.7842896 ], [ -80.1285856, 25.7845498 ], [ -80.1285933, 25.7847375 ], [ -80.1285092, 25.7847527 ], [ -80.1284861, 25.7850687 ], [ -80.1285578, 25.7851079 ], [ -80.1284989, 25.7852462 ], [ -80.1285271, 25.7853892 ], [ -80.1284451, 25.7853938 ], [ -80.1284042, 25.7857259 ], [ -80.1284682, 25.7857651 ], [ -80.1283785, 25.7858527 ], [ -80.1283657, 25.785968 ], [ -80.1284272, 25.7861387 ], [ -80.1283376, 25.7861525 ], [ -80.1282863, 25.7863624 ], [ -80.1282863, 25.7864639 ], [ -80.1282249, 25.7864915 ], [ -80.1281813, 25.7866253 ], [ -80.1282095, 25.786646 ], [ -80.1283043, 25.7866645 ], [ -80.1286663, 25.7867745 ], [ -80.1287811, 25.7867688 ], [ -80.1290524, 25.7867553 ], [ -80.1290555, 25.7867175 ], [ -80.1294354, 25.7867029 ], [ -80.1296813, 25.7850909 ], [ -80.1297813, 25.7844645 ] ] ] } },
{ "type": "Feature", "properties": { "name": "Marjory Stoneman Douglas Ocean Beach Park", "amenity": null, "shop": null, "leisure": "park" }, "geometry": { "type": "Polygon", "coordinates": [ [ [ -80.1323887, 25.7720579 ], [ -80.1323971, 25.7720235 ], [ -80.1325321, 25.7714577 ], [ -80.1326871, 25.7708082 ], [ -80.1327021, 25.7707438 ], [ -80.1314838, 25.7705254 ], [ -80.1313737, 25.7714461 ], [ -80.1312974, 25.7718665 ], [ -80.1318454, 25.7719677 ], [ -80.1323887, 25.7720579 ] ] ] } },
{ "type": "Feature", "properties": { "name": "South Pointe Park", "amenity": null, "shop": null, "leisure": "park" }, "geometry": { "type": "Polygon", "coordinates": [ [ [ -80.1373481, 25.7675295 ], [ -80.1373206, 25.76753 ], [ -80.1372635, 25.767531 ], [ -80.1367173, 25.7675405 ], [ -80.1365672, 25.7673133 ], [ -80.1363789, 25.7671909 ], [ -80.1361737, 25.7671293 ], [ -80.1359484, 25.767129 ], [ -80.1359429, 25.7671517 ], [ -80.1359323, 25.7671954 ], [ -80.1357877, 25.767138 ], [ -80.1356334, 25.7670768 ], [ -80.1355592, 25.767431 ], [ -80.132219, 25.766041 ], [ -80.1316513, 25.7658048 ], [ -80.1315123, 25.7657469 ], [ -80.1314291, 25.7657123 ], [ -80.1313447, 25.7655438 ], [ -80.1313222, 25.7654985 ], [ -80.1311825, 25.7652186 ], [ -80.1306901, 25.7641313 ], [ -80.1308651, 25.7642062 ], [ -80.1308926, 25.7642181 ], [ -80.1309561, 25.7642361 ], [ -80.1310218, 25.7642705 ], [ -80.1312444, 25.7643499 ], [ -80.1313847, 25.7644071 ], [ -80.1314862, 25.7644676 ], [ -80.1323455, 25.7648273 ], [ -80.1328927, 25.7650537 ], [ -80.1333989, 25.7652699 ], [ -80.1340138, 25.7655157 ], [ -80.1345851, 25.7657591 ], [ -80.1357643, 25.7662757 ], [ -80.1358558, 25.7663213 ], [ -80.1359604, 25.7663521 ], [ -80.136124, 25.7663793 ], [ -80.1362899, 25.766423 ], [ -80.1365381, 25.7665186 ], [ -80.1366607, 25.7665767 ], [ -80.1367246, 25.7666197 ], [ -80.1368087, 25.7667404 ], [ -80.1369915, 25.7670069 ], [ -80.1369754, 25.7670165 ], [ -80.1367327, 25.7671605 ], [ -80.1368362, 25.7673005 ], [ -80.1370899, 25.7671494 ], [ -80.1373481, 25.7675295 ] ] ] } },
{ "type": "Feature", "properties": { "name": "Flamingo Park", "amenity": null, "shop": null, "leisure": "park" }, "geometry": { "type": "Polygon", "coordinates": [ [ [ -80.1377359, 25.7865215 ], [ -80.1365235, 25.7865538 ], [ -80.1363728, 25.7819598 ], [ -80.1407872, 25.7818423 ], [ -80.1408165, 25.7827323 ], [ -80.1384033, 25.7827969 ], [ -80.1385431, 25.787025 ], [ -80.1377531, 25.7870462 ], [ -80.1377359, 25.7865215 ] ] ] } },
{ "type": "Feature", "properties": { "name": "Collins Park", "amenity": null, "shop": null, "leisure": "park" }, "geometry": { "type": "Polygon", "coordinates": [ [ [ -80.12843, 25.7974991 ], [ -80.1284348, 25.7975299 ], [ -80.128455, 25.7975529 ], [ -80.1284807, 25.7975694 ], [ -80.1285331, 25.7975851 ], [ -80.1285648, 25.797576 ], [ -80.1285818, 25.797576 ], [ -80.1286014, 25.7975862 ], [ -80.1296777, 25.7979476 ], [ -80.1296868, 25.797919 ], [ -80.1297301, 25.7977825 ], [ -80.1297506, 25.797718 ], [ -80.1298832, 25.797396 ], [ -80.1299223, 25.7972972 ], [ -80.1299837, 25.7971471 ], [ -80.130224, 25.7972254 ], [ -80.1302601, 25.7971391 ], [ -80.1303325, 25.7971051 ], [ -80.1303603, 25.7970969 ], [ -80.1304164, 25.7970802 ], [ -80.1305027, 25.7970836 ], [ -80.1305042, 25.7971079 ], [ -80.1305127, 25.7971391 ], [ -80.1305374, 25.7971613 ], [ -80.1305548, 25.7971647 ], [ -80.1305728, 25.7971682 ], [ -80.1305905, 25.7971682 ], [ -80.1306057, 25.797135 ], [ -80.1306262, 25.7970858 ], [ -80.1304333, 25.797012 ], [ -80.1303572, 25.7969868 ], [ -80.12984, 25.7968152 ], [ -80.1290168, 25.7965368 ], [ -80.1290018, 25.7964977 ], [ -80.1289905, 25.7964803 ], [ -80.1289659, 25.7964666 ], [ -80.1289093, 25.7964493 ], [ -80.1289005, 25.7964472 ], [ -80.128891, 25.7964449 ], [ -80.1288703, 25.7964482 ], [ -80.1288513, 25.796461 ], [ -80.1288454, 25.7964745 ], [ -80.1287233, 25.796435 ], [ -80.1287196, 25.7964031 ], [ -80.1287038, 25.7963757 ], [ -80.1286958, 25.7963735 ], [ -80.1286465, 25.7963603 ], [ -80.1277482, 25.7960721 ], [ -80.1277117, 25.796071 ], [ -80.1276675, 25.7960911 ], [ -80.1276612, 25.7961132 ], [ -80.1276555, 25.7961237 ], [ -80.1276043, 25.7962451 ], [ -80.1275104, 25.7964712 ], [ -80.1274556, 25.7964537 ], [ -80.1273602, 25.7966905 ], [ -80.1274163, 25.7967069 ], [ -80.1273598, 25.796837 ], [ -80.1272646, 25.797073 ], [ -80.1272585, 25.7971026 ], [ -80.1272695, 25.7971242 ], [ -80.1272853, 25.7971439 ], [ -80.1273219, 25.7971593 ], [ -80.1281263, 25.7974234 ], [ -80.1281422, 25.7974399 ], [ -80.1281568, 25.7974607 ], [ -80.1281764, 25.7974694 ], [ -80.1282166, 25.7974816 ], [ -80.1282507, 25.7974827 ], [ -80.1282739, 25.7974717 ], [ -80.1282929, 25.7974589 ], [ -80.12843, 25.7974991 ] ] ] } },
{ "type": "Feature", "properties": { "name": "Belle Isle Park", "amenity": null, "shop": null, "leisure": "park" }, "geometry": { "type": "Polygon", "coordinates": [ [ [ -80.1490273, 25.7913225 ], [ -80.1474402, 25.7913853 ], [ -80.1473861, 25.7913498 ], [ -80.1472956, 25.7912028 ], [ -80.1473547, 25.7911627 ], [ -80.147194, 25.7909643 ], [ -80.1471578, 25.7909064 ], [ -80.1471535, 25.7908585 ], [ -80.1471612, 25.790821 ], [ -80.1471932, 25.7907718 ], [ -80.1472276, 25.7907421 ], [ -80.1472577, 25.7907168 ], [ -80.147301, 25.7907021 ], [ -80.1486537, 25.7906468 ], [ -80.1486858, 25.7906472 ], [ -80.1487248, 25.7906633 ], [ -80.1487817, 25.7907471 ], [ -80.1489974, 25.7911815 ], [ -80.1490327, 25.7911668 ], [ -80.149056, 25.7911693 ], [ -80.1490783, 25.791208 ], [ -80.149085, 25.7912343 ], [ -80.1490761, 25.7912685 ], [ -80.1490648, 25.7912893 ], [ -80.1490483, 25.7913068 ], [ -80.1490273, 25.7913225 ] ] ] } },
{ "type": "Feature", "properties": { "name": "Indian Beach Park", "amenity": null, "shop": null, "leisure": "park" }, "geometry": { "type": "Polygon", "coordinates": [ [ [ -80.1212824, 25.8215816 ], [ -80.1209134, 25.8215405 ], [ -80.1208715, 25.8215358 ], [ -80.1209606, 25.8207187 ], [ -80.1209656, 25.8206724 ], [ -80.1209576, 25.8206216 ], [ -80.1208476, 25.8199191 ], [ -80.1213145, 25.8199398 ], [ -80.1212019, 25.8207027 ], [ -80.121737, 25.8207655 ], [ -80.1216522, 25.821569 ], [ -80.1216489, 25.8215948 ], [ -80.1216481, 25.8216101 ], [ -80.1212824, 25.8215816 ] ] ] } },
{ "type": "Feature", "properties": { "name": "Pine Tree Park", "amenity": null, "shop": null, "leisure": "park" }, "geometry": { "type": "Polygon", "coordinates": [ [ [ -80.1241938, 25.8187334 ], [ -80.1241257, 25.8187201 ], [ -80.1241026, 25.818547 ], [ -80.1241026, 25.8183473 ], [ -80.1241562, 25.8180171 ], [ -80.124227, 25.8177725 ], [ -80.1242385, 25.81753 ], [ -80.1242909, 25.8175162 ], [ -80.124327, 25.8174419 ], [ -80.1243884, 25.8171901 ], [ -80.1244584, 25.8169032 ], [ -80.1244753, 25.8168339 ], [ -80.1245108, 25.8168428 ], [ -80.125713, 25.8169943 ], [ -80.1253744, 25.8188881 ], [ -80.1241938, 25.8187334 ] ] ] } },
{ "type": "Feature", "properties": { "name": "53rd Street Park", "amenity": null, "shop": null, "leisure": "park" }, "geometry": { "type": "Polygon", "coordinates": [ [ [ -80.1200079, 25.8314055 ], [ -80.1206892, 25.8314731 ], [ -80.1207937, 25.8306812 ], [ -80.1200615, 25.8306378 ], [ -80.1200079, 25.8314055 ] ] ] } },
{ "type": "Feature", "properties": { "name": "Normandy Isle Park & Pool", "amenity": null, "shop": null, "leisure": "park" }, "geometry": { "type": "Polygon", "coordinates": [ [ [ -80.1384802, 25.8521986 ], [ -80.138425, 25.8518407 ], [ -80.1399369, 25.8517749 ], [ -80.1399187, 25.8514713 ], [ -80.1399037, 25.8514528 ], [ -80.1385978, 25.8514975 ], [ -80.138345, 25.8515164 ], [ -80.1381265, 25.8515447 ], [ -80.1379173, 25.8515765 ], [ -80.1375011, 25.8516607 ], [ -80.1374571, 25.8517253 ], [ -80.1376235, 25.8522414 ], [ -80.1376347, 25.8522688 ], [ -80.1376501, 25.852294 ], [ -80.137673, 25.8523101 ], [ -80.137697, 25.852318 ], [ -80.1384802, 25.8521986 ] ] ] } },
{ "type": "Feature", "properties": { "name": "Shell Shop", "amenity": null, "shop": "convenience", "leisure": null }, "geometry": { "type": "Polygon", "coordinates": [ [ [ -80.1369467, 25.7748489 ], [ -80.1369495, 25.7749355 ], [ -80.1367199, 25.7749416 ], [ -80.136717, 25.774855 ], [ -80.1368427, 25.7748517 ], [ -80.1369467, 25.7748489 ] ] ] } },
{ "type": "Feature", "properties": { "name": "North Beach Oceanside Park", "amenity": null, "shop": null, "leisure": "park" }, "geometry": { "type": "Polygon", "coordinates": [ [ [ -80.1209787, 25.8623222 ], [ -80.1209575, 25.8614994 ], [ -80.1205788, 25.8615068 ], [ -80.120577, 25.8613705 ], [ -80.1205485, 25.8613699 ], [ -80.120523, 25.8613614 ], [ -80.1205047, 25.8613481 ], [ -80.1204881, 25.861324 ], [ -80.1204727, 25.8612932 ], [ -80.1204653, 25.8612634 ], [ -80.1204628, 25.8612342 ], [ -80.1209457, 25.8612192 ], [ -80.1209358, 25.8608277 ], [ -80.1197189, 25.8608647 ], [ -80.1196764, 25.8608674 ], [ -80.1195972, 25.8593857 ], [ -80.1195576, 25.8584579 ], [ -80.1207979, 25.8584086 ], [ -80.1207366, 25.8580769 ], [ -80.1206441, 25.8578323 ], [ -80.1204866, 25.8574932 ], [ -80.1204132, 25.8571819 ], [ -80.1191332, 25.857186 ], [ -80.1191717, 25.859169 ], [ -80.1192053, 25.8600644 ], [ -80.119233, 25.8603607 ], [ -80.1193797, 25.8670784 ], [ -80.1194748, 25.8694353 ], [ -80.1194918, 25.8697847 ], [ -80.1197601, 25.8718736 ], [ -80.1197761, 25.8719072 ], [ -80.1199892, 25.8719 ], [ -80.1203041, 25.8718858 ], [ -80.1213962, 25.8718484 ], [ -80.1211026, 25.8683767 ], [ -80.1210743, 25.8668293 ], [ -80.1210612, 25.8660304 ], [ -80.1210217, 25.864908 ], [ -80.12101, 25.8644607 ], [ -80.1210047, 25.8642684 ], [ -80.1205346, 25.8642828 ], [ -80.1195696, 25.8643396 ], [ -80.1195573, 25.8633309 ], [ -80.1195385, 25.8623557 ], [ -80.1209787, 25.8623222 ] ] ] } },
{ "type": "Feature", "properties": { "name": "Surfside Park", "amenity": null, "shop": null, "leisure": "park" }, "geometry": { "type": "Polygon", "coordinates": [ [ [ -80.1276708, 25.8867927 ], [ -80.1276697, 25.8867757 ], [ -80.1276761, 25.8867755 ], [ -80.1276744, 25.8867553 ], [ -80.1276728, 25.8867366 ], [ -80.1276471, 25.8864312 ], [ -80.1276209, 25.8861135 ], [ -80.1276179, 25.8861135 ], [ -80.1270473, 25.8861446 ], [ -80.1270952, 25.8866691 ], [ -80.1270975, 25.8867173 ], [ -80.1270708, 25.8867544 ], [ -80.1270437, 25.8867825 ], [ -80.1270422, 25.886789 ], [ -80.1270897, 25.8867939 ], [ -80.1271707, 25.8867929 ], [ -80.1275029, 25.8867715 ], [ -80.1276708, 25.8867927 ] ] ] } },
{ "type": "Feature", "properties": { "name": "Bal Harbour Shops", "amenity": null, "shop": "mall", "leisure": null }, "geometry": { "type": "Polygon", "coordinates": [ [ [ -80.1252362, 25.8890812 ], [ -80.1252375, 25.8891358 ], [ -80.125125, 25.8891401 ], [ -80.1251259, 25.8891768 ], [ -80.1251958, 25.8891737 ], [ -80.1252005, 25.8892803 ], [ -80.1250673, 25.889286 ], [ -80.1250778, 25.8894591 ], [ -80.1249689, 25.8895655 ], [ -80.1245826, 25.8895804 ], [ -80.124467, 25.8894851 ], [ -80.1244401, 25.8891386 ], [ -80.1245595, 25.8890299 ], [ -80.1245744, 25.8884423 ], [ -80.1245093, 25.8884455 ], [ -80.1244846, 25.8880043 ], [ -80.12452, 25.8880043 ], [ -80.1244863, 25.8874537 ], [ -80.1244292, 25.8874569 ], [ -80.1244318, 25.8875057 ], [ -80.1239829, 25.887526 ], [ -80.1239614, 25.8872152 ], [ -80.1252655, 25.8871605 ], [ -80.1252781, 25.8874246 ], [ -80.1253007, 25.8874252 ], [ -80.1253031, 25.8874733 ], [ -80.1253344, 25.8874703 ], [ -80.1253374, 25.887531 ], [ -80.1252799, 25.8875323 ], [ -80.125281, 25.8876406 ], [ -80.1253423, 25.8876376 ], [ -80.1253445, 25.8877524 ], [ -80.1253136, 25.8877529 ], [ -80.1253261, 25.8878971 ], [ -80.1253555, 25.8878973 ], [ -80.1253942, 25.8878975 ], [ -80.1254474, 25.8878947 ], [ -80.1254757, 25.8885375 ], [ -80.1253265, 25.8885457 ], [ -80.1253516, 25.8889661 ], [ -80.1252362, 25.8890812 ] ] ] } },
{ "type": "Feature", "properties": { "name": "Burgers & Shakes", "amenity": "fast_food", "shop": null, "leisure": null }, "geometry": { "type": "Polygon", "coordinates": [ [ [ -80.1204251, 25.8596864 ], [ -80.1208728, 25.8596735 ], [ -80.1208773, 25.8597999 ], [ -80.1204296, 25.8598128 ], [ -80.1204251, 25.8596864 ] ] ] } },
{ "type": "Feature", "properties": { "name": "Walgreens", "amenity": "pharmacy", "shop": null, "leisure": null }, "geometry": { "type": "Polygon", "coordinates": [ [ [ -80.1410393, 25.7942247 ], [ -80.141046, 25.7945376 ], [ -80.1406614, 25.7945443 ], [ -80.1406568, 25.7943299 ], [ -80.1407282, 25.7943286 ], [ -80.1407261, 25.7942302 ], [ -80.1410393, 25.7942247 ] ] ] } },
{ "type": "Feature", "properties": { "name": "Starbucks", "amenity": "cafe", "shop": null, "leisure": null }, "geometry": { "type": "Polygon", "coordinates": [ [ [ -80.1342331, 25.8139718 ], [ -80.1341583, 25.8138193 ], [ -80.134026, 25.8138729 ], [ -80.134144, 25.8141068 ], [ -80.1341829, 25.8140913 ], [ -80.1341792, 25.8140837 ], [ -80.1341905, 25.8140793 ], [ -80.1341534, 25.8140035 ], [ -80.1342331, 25.8139718 ] ] ] } },
{ "type": "Feature", "properties": { "name": "Burger King", "amenity": "fast_food", "shop": null, "leisure": null }, "geometry": { "type": "Polygon", "coordinates": [ [ [ -80.1343947, 25.8133949 ], [ -80.1343554, 25.8133196 ], [ -80.1342465, 25.8133657 ], [ -80.1342436, 25.8133602 ], [ -80.1342172, 25.8133714 ], [ -80.1341848, 25.8133093 ], [ -80.1341416, 25.8133277 ], [ -80.1341316, 25.8133086 ], [ -80.1340659, 25.8133364 ], [ -80.1340818, 25.8133667 ], [ -80.1340945, 25.8133613 ], [ -80.1341247, 25.813419 ], [ -80.1341108, 25.8134249 ], [ -80.1341305, 25.8134625 ], [ -80.1341443, 25.8134567 ], [ -80.1341631, 25.8134927 ], [ -80.1342107, 25.8134725 ], [ -80.1342161, 25.8134829 ], [ -80.1342547, 25.8134665 ], [ -80.1342494, 25.8134564 ], [ -80.1343947, 25.8133949 ] ] ] } },
{ "type": "Feature", "properties": { "name": "Publix", "amenity": null, "shop": "supermarket", "leisure": null }, "geometry": { "type": "Polygon", "coordinates": [ [ [ -80.1404783, 25.7947527 ], [ -80.1404676, 25.7943847 ], [ -80.1399057, 25.794398 ], [ -80.1399098, 25.7945365 ], [ -80.1398476, 25.794538 ], [ -80.1398505, 25.794634 ], [ -80.1399148, 25.7946325 ], [ -80.1399187, 25.7947659 ], [ -80.1404783, 25.7947527 ] ] ] } },
{ "type": "Feature", "properties": { "name": "FastCare Urgent Care", "amenity": "clinic", "shop": null, "leisure": null }, "geometry": { "type": "Polygon", "coordinates": [ [ [ -80.134144, 25.8141068 ], [ -80.134026, 25.8138729 ], [ -80.1338864, 25.8139299 ], [ -80.1340108, 25.8141762 ], [ -80.1341502, 25.8141191 ], [ -80.134144, 25.8141068 ] ] ] } },
{ "type": "Feature", "properties": { "name": "Bayshore Park", "amenity": null, "shop": null, "leisure": "park" }, "geometry": { "type": "Polygon", "coordinates": [ [ [ -80.1307429, 25.8012348 ], [ -80.1305174, 25.8012344 ], [ -80.130408, 25.8018079 ], [ -80.1298535, 25.8017224 ], [ -80.1299761, 25.8010415 ], [ -80.129833, 25.8010248 ], [ -80.1298244, 25.8010952 ], [ -80.1297133, 25.8017475 ], [ -80.1304577, 25.8018567 ], [ -80.1303997, 25.8021014 ], [ -80.1296811, 25.8019794 ], [ -80.1296138, 25.8024479 ], [ -80.1301642, 25.8025267 ], [ -80.1301212, 25.80275 ], [ -80.1300151, 25.8027336 ], [ -80.1299937, 25.8028551 ], [ -80.1299212, 25.8028434 ], [ -80.1297919, 25.8035878 ], [ -80.130426, 25.804147 ], [ -80.1304749, 25.8042279 ], [ -80.1311573, 25.8040711 ], [ -80.1320506, 25.8038358 ], [ -80.1323052, 25.8037812 ], [ -80.1324323, 25.8037464 ], [ -80.1325002, 25.8037247 ], [ -80.1325659, 25.8036995 ], [ -80.1326157, 25.8036693 ], [ -80.1326501, 25.8036382 ], [ -80.1327234, 25.80356 ], [ -80.1327816, 25.8034938 ], [ -80.1329361, 25.8033096 ], [ -80.1330851, 25.8030999 ], [ -80.1331563, 25.8029874 ], [ -80.1331839, 25.802922 ], [ -80.1332093, 25.802806 ], [ -80.1332346, 25.8026079 ], [ -80.133263, 25.8023972 ], [ -80.1333099, 25.8019944 ], [ -80.1333019, 25.8019838 ], [ -80.1319919, 25.8018397 ], [ -80.1316988, 25.8017924 ], [ -80.1307429, 25.8012348 ] ] ] } },
{ "type": "Feature", "properties": { "name": "Maurice Gibb Memorial Park", "amenity": null, "shop": null, "leisure": "park" }, "geometry": { "type": "Polygon", "coordinates": [ [ [ -80.1445069, 25.7938994 ], [ -80.1444583, 25.7918233 ], [ -80.1444855, 25.7918017 ], [ -80.1448585, 25.7917103 ], [ -80.1450421, 25.7917046 ], [ -80.1450418, 25.7917448 ], [ -80.1450296, 25.7919473 ], [ -80.1450877, 25.7919795 ], [ -80.1450973, 25.7922679 ], [ -80.1450589, 25.7922988 ], [ -80.1450659, 25.792454 ], [ -80.1450677, 25.7924996 ], [ -80.1450684, 25.7925133 ], [ -80.1450698, 25.7925386 ], [ -80.1450728, 25.7925833 ], [ -80.1450772, 25.7926269 ], [ -80.1450795, 25.7926465 ], [ -80.1450819, 25.792667 ], [ -80.145084, 25.7926879 ], [ -80.1450855, 25.792709 ], [ -80.1450863, 25.7927355 ], [ -80.1450855, 25.7927811 ], [ -80.1450887, 25.7929804 ], [ -80.145091, 25.7931921 ], [ -80.1450961, 25.7931921 ], [ -80.1450964, 25.7933088 ], [ -80.1450965, 25.7933198 ], [ -80.1450972, 25.7934622 ], [ -80.1450973, 25.7934784 ], [ -80.1450986, 25.7936265 ], [ -80.1450993, 25.7936383 ], [ -80.1451046, 25.793731 ], [ -80.1451126, 25.7938901 ], [ -80.1445069, 25.7938994 ] ] ] } },
{ "type": "Feature", "properties": { "name": "Washington Park", "amenity": null, "shop": null, "leisure": "park" }, "geometry": { "type": "Polygon", "coordinates": [ [ [ -80.1346722, 25.7718064 ], [ -80.1347756, 25.7712706 ], [ -80.1347763, 25.7712503 ], [ -80.1347626, 25.7712355 ], [ -80.1347404, 25.7712245 ], [ -80.1343556, 25.7711537 ], [ -80.1343389, 25.7711588 ], [ -80.1342142, 25.7717153 ], [ -80.1346722, 25.7718064 ] ] ] } },
{ "type": "Feature", "properties": { "name": "Walgreens", "amenity": "pharmacy", "shop": null, "leisure": null }, "geometry": { "type": "Polygon", "coordinates": [ [ [ -80.1403127, 25.7808707 ], [ -80.1403539, 25.7809144 ], [ -80.1403967, 25.780937 ], [ -80.1404302, 25.7809446 ], [ -80.1407585, 25.7809303 ], [ -80.1407518, 25.780613 ], [ -80.140688, 25.780597 ], [ -80.1403035, 25.7806046 ], [ -80.1403127, 25.7808707 ] ] ] } },
{ "type": "Feature", "properties": { "name": "CVS Pharmacy", "amenity": "pharmacy", "shop": null, "leisure": null }, "geometry": { "type": "Polygon", "coordinates": [ [ [ -80.1409332, 25.7860804 ], [ -80.1409252, 25.7857669 ], [ -80.140469, 25.7857764 ], [ -80.140477, 25.7860898 ], [ -80.1409332, 25.7860804 ] ] ] } },
{ "type": "Feature", "properties": { "name": "Publix", "amenity": null, "shop": "supermarket", "leisure": null }, "geometry": { "type": "Polygon", "coordinates": [ [ [ -80.1235921, 25.8843144 ], [ -80.1235855, 25.8842502 ], [ -80.1235551, 25.8842516 ], [ -80.1235465, 25.8841637 ], [ -80.1235736, 25.8841616 ], [ -80.1235567, 25.8839796 ], [ -80.1235239, 25.8839825 ], [ -80.1235135, 25.8838672 ], [ -80.1235438, 25.8838635 ], [ -80.1235307, 25.8837322 ], [ -80.1235214, 25.8837297 ], [ -80.1235074, 25.8837229 ], [ -80.1234935, 25.8837104 ], [ -80.1234843, 25.8836966 ], [ -80.1234779, 25.8836787 ], [ -80.1234765, 25.8836619 ], [ -80.12348, 25.8836458 ], [ -80.1234841, 25.883632 ], [ -80.1234936, 25.8836182 ], [ -80.1235055, 25.8836086 ], [ -80.1235223, 25.8836004 ], [ -80.1235373, 25.8835958 ], [ -80.1235586, 25.8835931 ], [ -80.1235797, 25.8835947 ], [ -80.1235956, 25.8836005 ], [ -80.1236093, 25.8836102 ], [ -80.1239231, 25.8835799 ], [ -80.1239686, 25.8840763 ], [ -80.1240059, 25.8840737 ], [ -80.1240137, 25.8841672 ], [ -80.1239794, 25.884169 ], [ -80.1239812, 25.8841895 ], [ -80.1239904, 25.8842821 ], [ -80.1239392, 25.884285 ], [ -80.1239419, 25.8843169 ], [ -80.1238214, 25.8843244 ], [ -80.1238189, 25.8842966 ], [ -80.1235921, 25.8843144 ] ] ] } },
{ "type": "Feature", "properties": { "name": "Ross", "amenity": null, "shop": "department_store", "leisure": null }, "geometry": { "type": "Polygon", "coordinates": [ [ [ -80.1307882, 25.789808 ], [ -80.1307978, 25.7901872 ], [ -80.130816, 25.7901868 ], [ -80.1308185, 25.7902863 ], [ -80.1307079, 25.7902886 ], [ -80.1307149, 25.7905667 ], [ -80.1306268, 25.7905684 ], [ -80.1306199, 25.7902926 ], [ -80.1305141, 25.7902947 ], [ -80.1305116, 25.7901952 ], [ -80.1305282, 25.7901948 ], [ -80.1305186, 25.7898136 ], [ -80.1307882, 25.789808 ] ] ] } },
{ "type": "Feature", "properties": { "name": "7-Eleven", "amenity": null, "shop": "convenience", "leisure": null }, "geometry": { "type": "Polygon", "coordinates": [ [ [ -80.1207474, 25.8453096 ], [ -80.1206322, 25.8452825 ], [ -80.1205839, 25.8454432 ], [ -80.1205605, 25.8455237 ], [ -80.1206752, 25.8455527 ], [ -80.1207474, 25.8453096 ] ] ] } },
{ "type": "Feature", "properties": { "name": "Burger King", "amenity": "fast_food", "shop": null, "leisure": null }, "geometry": { "type": "Polygon", "coordinates": [ [ [ -80.1323405, 25.7822087 ], [ -80.1323725, 25.7820642 ], [ -80.1323479, 25.7820603 ], [ -80.1323483, 25.7820541 ], [ -80.1323478, 25.7820479 ], [ -80.1323417, 25.78204 ], [ -80.1323295, 25.7820356 ], [ -80.1323333, 25.7820179 ], [ -80.1322458, 25.7820021 ], [ -80.1322241, 25.7821 ], [ -80.1322368, 25.7821546 ], [ -80.1322241, 25.7822014 ], [ -80.1322422, 25.7822164 ], [ -80.1322886, 25.7821994 ], [ -80.1323405, 25.7822087 ] ] ] } },
{ "type": "Feature", "properties": { "name": "Walgreens", "amenity": "pharmacy", "shop": null, "leisure": null }, "geometry": { "type": "Polygon", "coordinates": [ [ [ -80.1215605, 25.8594625 ], [ -80.1210984, 25.8594803 ], [ -80.1210796, 25.8590655 ], [ -80.1215405, 25.8590601 ], [ -80.1215605, 25.8594625 ] ] ] } },
{ "type": "Feature", "properties": { "name": "North Bayshore Park", "amenity": null, "shop": null, "leisure": "park" }, "geometry": { "type": "Polygon", "coordinates": [ [ [ -80.1518219, 25.8893516 ], [ -80.1521523, 25.8885501 ], [ -80.1515819, 25.8883617 ], [ -80.1513276, 25.8882893 ], [ -80.1512477, 25.8882579 ], [ -80.151134, 25.8882694 ], [ -80.1510379, 25.8884171 ], [ -80.1508928, 25.8886229 ], [ -80.1508286, 25.8887129 ], [ -80.150903, 25.8887758 ], [ -80.1509914, 25.8887413 ], [ -80.1510644, 25.8885306 ], [ -80.1511409, 25.8883798 ], [ -80.1512405, 25.8883693 ], [ -80.1516516, 25.8884834 ], [ -80.1513983, 25.8890999 ], [ -80.1513069, 25.8891552 ], [ -80.1510943, 25.8891806 ], [ -80.1518219, 25.8893516 ] ] ] } },
{ "type": "Feature", "properties": { "name": "News Cafe", "amenity": "cafe", "shop": null, "leisure": null }, "geometry": { "type": "Polygon", "coordinates": [ [ [ -80.1316489, 25.7781036 ], [ -80.1316206, 25.7782292 ], [ -80.1312559, 25.7781626 ], [ -80.1312551, 25.7781665 ], [ -80.1312408, 25.7781639 ], [ -80.13127, 25.7780345 ], [ -80.1316489, 25.7781036 ] ] ] } },
{ "type": "Feature", "properties": { "name": "Signature Market", "amenity": null, "shop": "convenience", "leisure": null }, "geometry": { "type": "Polygon", "coordinates": [ [ [ -80.1322277, 25.7826964 ], [ -80.1320801, 25.7826711 ], [ -80.1319416, 25.7826478 ], [ -80.1319588, 25.7825691 ], [ -80.1319797, 25.7825729 ], [ -80.132199, 25.7826119 ], [ -80.1322421, 25.7826195 ], [ -80.1322277, 25.7826964 ] ] ] } },
{ "type": "Feature", "properties": { "name": "Sunset Harbour Shops", "amenity": null, "shop": "mall", "leisure": null }, "geometry": { "type": "Polygon", "coordinates": [ [ [ -80.1443093, 25.7949767 ], [ -80.1443056, 25.7942018 ], [ -80.1438887, 25.7941995 ], [ -80.143918, 25.7949833 ], [ -80.1443093, 25.7949767 ] ] ] } },
{ "type": "Feature", "properties": { "name": "Miami-Dade Public Library, North Shore Branch", "amenity": "library", "shop": null, "leisure": null }, "geometry": { "type": "Polygon", "coordinates": [ [ [ -80.1208212, 25.8608247 ], [ -80.1208309, 25.8610112 ], [ -80.1205724, 25.8610221 ], [ -80.1205647, 25.8608743 ], [ -80.1205865, 25.8608734 ], [ -80.1206227, 25.8608987 ], [ -80.1206177, 25.8608323 ], [ -80.1208212, 25.8608247 ] ] ] } },
{ "type": "Feature", "properties": { "name": "Buoy Park", "amenity": null, "shop": null, "leisure": "park" }, "geometry": { "type": "Polygon", "coordinates": [ [ [ -80.150319, 25.7752032 ], [ -80.150279, 25.7752175 ], [ -80.1502009, 25.7752608 ], [ -80.1501706, 25.7752895 ], [ -80.1501396, 25.7753474 ], [ -80.1501319, 25.7753949 ], [ -80.1501315, 25.7754694 ], [ -80.1507632, 25.7797553 ], [ -80.1507739, 25.7797952 ], [ -80.1508034, 25.7798471 ], [ -80.1508347, 25.7798704 ], [ -80.1508829, 25.7798934 ], [ -80.1509406, 25.7798994 ], [ -80.1510103, 25.779897 ], [ -80.1510475, 25.7798858 ], [ -80.1510944, 25.7798604 ], [ -80.151127, 25.7798233 ], [ -80.1511458, 25.7797654 ], [ -80.1511525, 25.7797122 ], [ -80.1511404, 25.7796144 ], [ -80.1505182, 25.7753743 ], [ -80.1505007, 25.7753152 ], [ -80.1504722, 25.7752665 ], [ -80.1504524, 25.7752463 ], [ -80.1504122, 25.775221 ], [ -80.1503626, 25.7752077 ], [ -80.150319, 25.7752032 ] ] ] } },
{ "type": "Feature", "properties": { "name": "Soundscape Park", "amenity": null, "shop": null, "leisure": "park" }, "geometry": { "type": "Polygon", "coordinates": [ [ [ -80.1320771, 25.791233 ], [ -80.1321085, 25.7921338 ], [ -80.1330989, 25.7921154 ], [ -80.1330805, 25.7912073 ], [ -80.1320771, 25.791233 ] ] ] } },
{ "type": "Feature", "properties": { "name": "Town of Surfside Community Center", "amenity": "community_centre", "shop": null, "leisure": null }, "geometry": { "type": "Polygon", "coordinates": [ [ [ -80.1218627, 25.8818468 ], [ -80.122082, 25.8818301 ], [ -80.1220337, 25.8813716 ], [ -80.1218681, 25.8813811 ], [ -80.1218359, 25.8813883 ], [ -80.1218037, 25.8813932 ], [ -80.1217796, 25.8813883 ], [ -80.1217689, 25.8813787 ], [ -80.1217467, 25.881403 ], [ -80.121742, 25.8814221 ], [ -80.1217528, 25.8814583 ], [ -80.1217555, 25.8814824 ], [ -80.1217501, 25.8815065 ], [ -80.1217581, 25.8815331 ], [ -80.1217709, 25.8815575 ], [ -80.1217816, 25.8815768 ], [ -80.1217769, 25.881591 ], [ -80.1217689, 25.8816175 ], [ -80.1218467, 25.8816296 ], [ -80.1218627, 25.8818468 ] ] ] } },
{ "type": "Feature", "properties": { "name": "Presidente Supermarket", "amenity": null, "shop": "supermarket", "leisure": null }, "geometry": { "type": "Polygon", "coordinates": [ [ [ -80.1519733, 25.8480479 ], [ -80.1519687, 25.8478773 ], [ -80.1522217, 25.8478718 ], [ -80.1522226, 25.8479017 ], [ -80.152348, 25.8478989 ], [ -80.1523568, 25.8482243 ], [ -80.152183, 25.8482281 ], [ -80.1521838, 25.8482585 ], [ -80.1519516, 25.8482637 ], [ -80.1519458, 25.8480485 ], [ -80.1519733, 25.8480479 ] ] ] } },
{ "type": "Feature", "properties": { "name": "Macy's", "amenity": null, "shop": "department_store", "leisure": null }, "geometry": { "type": "Polygon", "coordinates": [ [ [ -80.1364487, 25.7914928 ], [ -80.1364691, 25.7920767 ], [ -80.1357857, 25.7920961 ], [ -80.1357652, 25.7915121 ], [ -80.1358278, 25.7915109 ], [ -80.136438, 25.7914932 ], [ -80.1364487, 25.7914928 ] ] ] } },
{ "type": "Feature", "properties": { "name": "Clinicare Medical Center", "amenity": "clinic", "shop": null, "leisure": null }, "geometry": { "type": "Polygon", "coordinates": [ [ [ -80.1219814, 25.8569782 ], [ -80.1219774, 25.8567892 ], [ -80.1220937, 25.8567872 ], [ -80.1220977, 25.8569762 ], [ -80.1219814, 25.8569782 ] ] ] } },
{ "type": "Feature", "properties": { "name": "Bay Supermarket", "amenity": null, "shop": "supermarket", "leisure": null }, "geometry": { "type": "Polygon", "coordinates": [ [ [ -80.128273, 25.8560707 ], [ -80.1282952, 25.8560297 ], [ -80.1283249, 25.8560042 ], [ -80.1283594, 25.8559798 ], [ -80.128401, 25.8559717 ], [ -80.128474, 25.8559668 ], [ -80.1284785, 25.8560567 ], [ -80.1284855, 25.8561707 ], [ -80.1284403, 25.856174 ], [ -80.1284482, 25.8562558 ], [ -80.1283515, 25.8562648 ], [ -80.1283082, 25.8562087 ], [ -80.1282889, 25.8561812 ], [ -80.1282746, 25.8561507 ], [ -80.1282676, 25.8561084 ], [ -80.128273, 25.8560707 ] ] ] } },
{ "type": "Feature", "properties": { "name": "North Shore Park & Youth Center", "amenity": "community_centre", "shop": null, "leisure": null }, "geometry": { "type": "Polygon", "coordinates": [ [ [ -80.1226444, 25.8575065 ], [ -80.1226441, 25.8574831 ], [ -80.1226019, 25.857484 ], [ -80.1225944, 25.8572564 ], [ -80.1229572, 25.8572577 ], [ -80.1229566, 25.8572296 ], [ -80.1231578, 25.8572262 ], [ -80.1231585, 25.8572585 ], [ -80.1232004, 25.8572578 ], [ -80.1231995, 25.8572156 ], [ -80.1233195, 25.8572136 ], [ -80.1233204, 25.857258 ], [ -80.1232609, 25.857259 ], [ -80.1232618, 25.8573003 ], [ -80.1233139, 25.8572994 ], [ -80.1233173, 25.8574673 ], [ -80.1232197, 25.857469 ], [ -80.123219, 25.857437 ], [ -80.1229172, 25.8574421 ], [ -80.1229178, 25.8574708 ], [ -80.1228808, 25.8574715 ], [ -80.1228809, 25.8575067 ], [ -80.1226444, 25.8575065 ] ] ] } },
{ "type": "Feature", "properties": { "name": "Miami-Dade Public Library, Miami Beach Regional", "amenity": "library", "shop": null, "leisure": null }, "geometry": { "type": "Polygon", "coordinates": [ [ [ -80.1290939, 25.7982826 ], [ -80.129004, 25.7982434 ], [ -80.1289869, 25.7982688 ], [ -80.1287552, 25.798191 ], [ -80.1287684, 25.7981662 ], [ -80.1287035, 25.7981447 ], [ -80.1287569, 25.7979953 ], [ -80.1285043, 25.797904 ], [ -80.1285595, 25.7977582 ], [ -80.1286276, 25.7977833 ], [ -80.1286396, 25.7977536 ], [ -80.1289729, 25.7978641 ], [ -80.1289618, 25.7978888 ], [ -80.1290043, 25.7979026 ], [ -80.129014, 25.7978777 ], [ -80.1291281, 25.7979155 ], [ -80.1291149, 25.7979417 ], [ -80.1291035, 25.7979765 ], [ -80.1291845, 25.798005 ], [ -80.1291344, 25.798119 ], [ -80.1291623, 25.7981288 ], [ -80.1291362, 25.7981934 ], [ -80.1290939, 25.7982826 ] ] ] } },
{ "type": "Feature", "properties": { "name": "Shell", "amenity": null, "shop": "convenience", "leisure": null }, "geometry": { "type": "Polygon", "coordinates": [ [ [ -80.1219511, 25.8564296 ], [ -80.1219502, 25.8561903 ], [ -80.1220171, 25.8561901 ], [ -80.1220174, 25.8562593 ], [ -80.1221152, 25.856259 ], [ -80.1221158, 25.8564291 ], [ -80.1219511, 25.8564296 ] ] ] } },
{ "type": "Feature", "properties": { "name": "36th Street Park", "amenity": null, "shop": null, "leisure": "park" }, "geometry": { "type": "Polygon", "coordinates": [ [ [ -80.1222871, 25.8094998 ], [ -80.1234553, 25.809651 ], [ -80.1235499, 25.8090534 ], [ -80.1227345, 25.8089589 ], [ -80.1227506, 25.8088457 ], [ -80.1223765, 25.8088024 ], [ -80.1222871, 25.8094998 ] ] ] } },
{ "type": "Feature", "properties": { "name": "Lincoln Road Mall", "amenity": null, "shop": "mall", "leisure": null }, "geometry": { "type": "Polygon", "coordinates": [ [ [ -80.1319961, 25.7910972 ], [ -80.1320833, 25.7911539 ], [ -80.1341573, 25.7910954 ], [ -80.1352906, 25.7910507 ], [ -80.135375, 25.7910857 ], [ -80.135485, 25.7911497 ], [ -80.1355521, 25.7911618 ], [ -80.135662, 25.7911578 ], [ -80.1399477, 25.7910416 ], [ -80.1400933, 25.7910387 ], [ -80.1405683, 25.7910203 ], [ -80.1405988, 25.7910198 ], [ -80.1406124, 25.7910196 ], [ -80.1410815, 25.7910118 ], [ -80.1410761, 25.7905407 ], [ -80.1410686, 25.7898935 ], [ -80.1405725, 25.7898992 ], [ -80.1400112, 25.7899056 ], [ -80.1398962, 25.7899069 ], [ -80.1386879, 25.7899407 ], [ -80.1366186, 25.7899998 ], [ -80.1342864, 25.790036 ], [ -80.1331509, 25.790058 ], [ -80.1319599, 25.7900678 ], [ -80.1319733, 25.7909348 ], [ -80.1319961, 25.7910972 ] ] ] } },
{ "type": "Feature", "properties": { "name": "Shell", "amenity": null, "shop": "convenience", "leisure": null }, "geometry": { "type": "Polygon", "coordinates": [ [ [ -80.1577115, 25.8489074 ], [ -80.1579976, 25.8489018 ], [ -80.1580003, 25.8490129 ], [ -80.1577142, 25.8490184 ], [ -80.1577124, 25.8489685 ], [ -80.1577115, 25.8489074 ] ] ] } },
{ "type": "Feature", "properties": { "name": "Hawthorne Tot Lot", "amenity": null, "shop": null, "leisure": "park" }, "geometry": { "type": "Polygon", "coordinates": [ [ [ -80.1294631, 25.8767997 ], [ -80.1293916, 25.876194 ], [ -80.1293687, 25.8759478 ], [ -80.1297869, 25.8759243 ], [ -80.1296214, 25.8762613 ], [ -80.1294631, 25.8767997 ] ] ] } },
{ "type": "Feature", "properties": { "name": "Officer Scott A. Winters Park", "amenity": null, "shop": null, "leisure": "park" }, "geometry": { "type": "Polygon", "coordinates": [ [ [ -80.1318238, 25.8887913 ], [ -80.1321157, 25.8887845 ], [ -80.1321339, 25.8887841 ], [ -80.1323361, 25.8887764 ], [ -80.1323494, 25.8889805 ], [ -80.1323586, 25.8891205 ], [ -80.1320967, 25.889127 ], [ -80.1318425, 25.8891342 ], [ -80.1318238, 25.8887913 ] ] ] } },
{ "type": "Feature", "properties": { "name": null, "amenity": null, "shop": null, "leisure": "park" }, "geometry": { "type": "Polygon", "coordinates": [ [ [ -80.1296227, 25.8693283 ], [ -80.1297193, 25.8694393 ], [ -80.1295714, 25.8695405 ], [ -80.128943, 25.8699707 ], [ -80.1289358, 25.8699982 ], [ -80.1288599, 25.8700441 ], [ -80.1288267, 25.8700497 ], [ -80.1287903, 25.8700425 ], [ -80.1287565, 25.8700251 ], [ -80.1287281, 25.869998 ], [ -80.1287184, 25.869972 ], [ -80.1287167, 25.8699437 ], [ -80.1286947, 25.868918 ], [ -80.1288278, 25.8688982 ], [ -80.1288771, 25.8689228 ], [ -80.1289779, 25.8690049 ], [ -80.1291024, 25.8691062 ], [ -80.1293111, 25.8692093 ], [ -80.1294075, 25.8692458 ], [ -80.129488, 25.8692677 ], [ -80.1295691, 25.8692897 ], [ -80.1296227, 25.8693283 ] ] ] } },
{ "type": "Feature", "properties": { "name": "Muss Park", "amenity": null, "shop": null, "leisure": "park" }, "geometry": { "type": "Polygon", "coordinates": [ [ [ -80.1303663, 25.8177328 ], [ -80.1309247, 25.8179094 ], [ -80.1309973, 25.8177225 ], [ -80.1311423, 25.8173777 ], [ -80.1312604, 25.8170779 ], [ -80.130724, 25.8168444 ], [ -80.1305429, 25.8172555 ], [ -80.1304267, 25.8173432 ], [ -80.1303162, 25.8174355 ], [ -80.1302752, 25.817505 ], [ -80.1302627, 25.8175984 ], [ -80.1302444, 25.8176986 ], [ -80.1303663, 25.8177328 ] ] ] } },
{ "type": "Feature", "properties": { "name": "Polo Park", "amenity": null, "shop": null, "leisure": "park" }, "geometry": { "type": "Polygon", "coordinates": [ [ [ -80.1352689, 25.8166852 ], [ -80.1353144, 25.816585 ], [ -80.1353828, 25.8164039 ], [ -80.1354386, 25.8161487 ], [ -80.1354568, 25.8159767 ], [ -80.1354978, 25.8154619 ], [ -80.1354841, 25.8152239 ], [ -80.1354124, 25.8148389 ], [ -80.1348611, 25.815012 ], [ -80.134795, 25.8156658 ], [ -80.1341037, 25.8156088 ], [ -80.133873, 25.8161521 ], [ -80.1352689, 25.8166852 ] ] ] } },
{ "type": "Feature", "properties": { "name": "Crespi Park", "amenity": null, "shop": null, "leisure": "park" }, "geometry": { "type": "Polygon", "coordinates": [ [ [ -80.1283609, 25.864359 ], [ -80.1284041, 25.8643044 ], [ -80.1283836, 25.863408 ], [ -80.1283358, 25.8633727 ], [ -80.1282845, 25.8633704 ], [ -80.1282413, 25.8633772 ], [ -80.1275339, 25.8642451 ], [ -80.1275237, 25.8642896 ], [ -80.1275351, 25.8643499 ], [ -80.1275658, 25.8643784 ], [ -80.1283609, 25.864359 ] ] ] } },
{ "type": "Feature", "properties": { "name": null, "amenity": null, "shop": null, "leisure": "park" }, "geometry": { "type": "Polygon", "coordinates": [ [ [ -80.1220369, 25.8708678 ], [ -80.1219816, 25.8700439 ], [ -80.1214498, 25.8700691 ], [ -80.121531, 25.8708898 ], [ -80.1220369, 25.8708678 ] ] ] } },
{ "type": "Feature", "properties": { "name": null, "amenity": null, "shop": null, "leisure": "park" }, "geometry": { "type": "Polygon", "coordinates": [ [ [ -80.1218183, 25.8679842 ], [ -80.1217967, 25.8671262 ], [ -80.1212773, 25.8671473 ], [ -80.1212915, 25.8679919 ], [ -80.1218183, 25.8679842 ] ] ] } },
{ "type": "Feature", "properties": { "name": null, "amenity": null, "shop": null, "leisure": "park" }, "geometry": { "type": "Polygon", "coordinates": [ [ [ -80.1221052, 25.871828 ], [ -80.1220505, 25.8709863 ], [ -80.1215232, 25.8710125 ], [ -80.1215824, 25.8718394 ], [ -80.1221052, 25.871828 ] ] ] } },
{ "type": "Feature", "properties": { "name": "North Shore Park & Youth Center", "amenity": null, "shop": null, "leisure": "park" }, "geometry": { "type": "Polygon", "coordinates": [ [ [ -80.1232884, 25.8582313 ], [ -80.1245112, 25.85818 ], [ -80.1250313, 25.858163 ], [ -80.1250677, 25.8581559 ], [ -80.125093, 25.8581431 ], [ -80.125105, 25.8581218 ], [ -80.1251128, 25.8580925 ], [ -80.1251127, 25.8580458 ], [ -80.1250169, 25.8577261 ], [ -80.1249719, 25.8575068 ], [ -80.1249646, 25.8573129 ], [ -80.1249747, 25.8571732 ], [ -80.1249612, 25.857143 ], [ -80.1249207, 25.8571195 ], [ -80.124695, 25.8571299 ], [ -80.1225215, 25.8571972 ], [ -80.1225019, 25.8572198 ], [ -80.122487, 25.8573077 ], [ -80.1224577, 25.8574655 ], [ -80.1223791, 25.8576864 ], [ -80.1223188, 25.8578254 ], [ -80.1222766, 25.8579632 ], [ -80.1222538, 25.8580851 ], [ -80.1222424, 25.8582428 ], [ -80.1222965, 25.8582696 ], [ -80.1232884, 25.8582313 ] ] ] } },
{ "type": "Feature", "properties": { "name": "Walgreens", "amenity": "pharmacy", "shop": null, "leisure": null }, "geometry": { "type": "Polygon", "coordinates": [ [ [ -80.1419213, 25.8518614 ], [ -80.141909, 25.8515865 ], [ -80.141931, 25.8515867 ], [ -80.1419417, 25.8515843 ], [ -80.141958, 25.851579 ], [ -80.1419751, 25.8515691 ], [ -80.1419905, 25.8515526 ], [ -80.1420556, 25.8514743 ], [ -80.1422573, 25.8516112 ], [ -80.1422884, 25.8516343 ], [ -80.1422987, 25.8516455 ], [ -80.1423073, 25.8516634 ], [ -80.1423148, 25.8516806 ], [ -80.1423179, 25.8516988 ], [ -80.1423176, 25.8517096 ], [ -80.1423135, 25.8517269 ], [ -80.1423056, 25.8517402 ], [ -80.1422994, 25.8517544 ], [ -80.1422843, 25.8517701 ], [ -80.1422672, 25.8517809 ], [ -80.1422432, 25.851796 ], [ -80.1422216, 25.8518043 ], [ -80.1422003, 25.8518232 ], [ -80.1421908, 25.8518321 ], [ -80.1421812, 25.8518488 ], [ -80.1421757, 25.8518568 ], [ -80.1421671, 25.8518685 ], [ -80.1421568, 25.8518775 ], [ -80.1421441, 25.8518861 ], [ -80.1421318, 25.8518938 ], [ -80.1421167, 25.8518987 ], [ -80.1421068, 25.8518994 ], [ -80.1420948, 25.8518947 ], [ -80.1420859, 25.8518842 ], [ -80.142079, 25.8518679 ], [ -80.1420279, 25.8518589 ], [ -80.1419213, 25.8518614 ] ] ] } },
{ "type": "Feature", "properties": { "name": "Tatum Park", "amenity": null, "shop": null, "leisure": "park" }, "geometry": { "type": "Polygon", "coordinates": [ [ [ -80.1240907, 25.8658769 ], [ -80.124021, 25.8658262 ], [ -80.1239968, 25.8651142 ], [ -80.1240692, 25.8650852 ], [ -80.1246164, 25.8650611 ], [ -80.1246566, 25.8650828 ], [ -80.124662, 25.8652373 ], [ -80.1242034, 25.8658069 ], [ -80.124147, 25.8658503 ], [ -80.1240907, 25.8658769 ] ] ] } },
{ "type": "Feature", "properties": { "name": "Brittany Bay Park", "amenity": null, "shop": null, "leisure": "park" }, "geometry": { "type": "Polygon", "coordinates": [ [ [ -80.1219, 25.8473854 ], [ -80.1214777, 25.8474334 ], [ -80.1213576, 25.8464089 ], [ -80.1213315, 25.8460095 ], [ -80.1213419, 25.8456476 ], [ -80.1214098, 25.8453516 ], [ -80.1214891, 25.8450858 ], [ -80.1216348, 25.8446946 ], [ -80.1216611, 25.8446668 ], [ -80.1217544, 25.8445856 ], [ -80.1218328, 25.8445574 ], [ -80.1219059, 25.8445856 ], [ -80.1218578, 25.8450703 ], [ -80.121832, 25.845472 ], [ -80.1217891, 25.8460899 ], [ -80.1217719, 25.846507 ], [ -80.1217805, 25.8469319 ], [ -80.1218749, 25.8472949 ], [ -80.1219, 25.8473854 ] ] ] } },
{ "type": "Feature", "properties": { "name": "Allison Park", "amenity": null, "shop": null, "leisure": "park" }, "geometry": { "type": "Polygon", "coordinates": [ [ [ -80.1196309, 25.8480564 ], [ -80.119133, 25.8480806 ], [ -80.1191311, 25.8479405 ], [ -80.1191926, 25.8478073 ], [ -80.119233, 25.8477536 ], [ -80.1192681, 25.8475248 ], [ -80.1192605, 25.8474383 ], [ -80.1192265, 25.8472872 ], [ -80.1192157, 25.847181 ], [ -80.1192426, 25.8471031 ], [ -80.1193887, 25.8470789 ], [ -80.1195463, 25.8470685 ], [ -80.1195982, 25.8471602 ], [ -80.1196002, 25.847226 ], [ -80.119609, 25.8474883 ], [ -80.1196021, 25.8475789 ], [ -80.1196078, 25.847655 ], [ -80.1196002, 25.8477692 ], [ -80.1195963, 25.8478159 ], [ -80.1196232, 25.8479439 ], [ -80.1196348, 25.8480079 ], [ -80.1196309, 25.8480564 ] ] ] } },
{ "type": "Feature", "properties": { "name": "Miami Beach Community Health Center", "amenity": "clinic", "shop": null, "leisure": null }, "geometry": { "type": "Polygon", "coordinates": [ [ [ -80.1322951, 25.8547186 ], [ -80.132253, 25.8546183 ], [ -80.1322376, 25.8545763 ], [ -80.1322046, 25.8545017 ], [ -80.1319826, 25.8545644 ], [ -80.1319196, 25.8545879 ], [ -80.1319266, 25.8546099 ], [ -80.1319916, 25.8547688 ], [ -80.1320073, 25.8548072 ], [ -80.1322951, 25.8547186 ] ] ] } },
{ "type": "Feature", "properties": { "name": "Marshalls", "amenity": null, "shop": "department_store", "leisure": null }, "geometry": { "type": "Polygon", "coordinates": [ [ [ -80.1364731, 25.7914636 ], [ -80.136437, 25.7914646 ], [ -80.136438, 25.7914932 ], [ -80.1358278, 25.7915109 ], [ -80.1358269, 25.7914871 ], [ -80.1357706, 25.7914887 ], [ -80.1357647, 25.7913237 ], [ -80.1358575, 25.791321 ], [ -80.135856, 25.7912787 ], [ -80.1364123, 25.7912625 ], [ -80.1364139, 25.7913045 ], [ -80.1364673, 25.791303 ], [ -80.1364725, 25.7914473 ], [ -80.1364731, 25.7914636 ] ] ] } },
{ "type": "Feature", "properties": { "name": "McDonald's", "amenity": "fast_food", "shop": null, "leisure": null }, "geometry": { "type": "Polygon", "coordinates": [ [ [ -80.1410227, 25.7891892 ], [ -80.1410011, 25.7891894 ], [ -80.1410023, 25.7892801 ], [ -80.1409121, 25.7892811 ], [ -80.1409115, 25.7892333 ], [ -80.1409262, 25.7892331 ], [ -80.1409252, 25.7891669 ], [ -80.1409047, 25.7891671 ], [ -80.140904, 25.7891193 ], [ -80.1409212, 25.7891191 ], [ -80.1409197, 25.7890103 ], [ -80.1409815, 25.7890096 ], [ -80.1409952, 25.7890145 ], [ -80.1410062, 25.7890222 ], [ -80.1410138, 25.789032 ], [ -80.1410206, 25.7890507 ], [ -80.1410227, 25.7891892 ] ] ] } },
{ "type": "Feature", "properties": { "name": "Showfields", "amenity": null, "shop": "department_store", "leisure": null }, "geometry": { "type": "Polygon", "coordinates": [ [ [ -80.1338573, 25.7904963 ], [ -80.1337083, 25.7904999 ], [ -80.1336962, 25.7900824 ], [ -80.1338453, 25.7900789 ], [ -80.1338466, 25.7901056 ], [ -80.1338509, 25.790267 ], [ -80.1338573, 25.7904963 ] ] ] } },
{ "type": "Feature", "properties": { "name": "South Passive Park", "amenity": null, "shop": null, "leisure": "park" }, "geometry": { "type": "Polygon", "coordinates": [ [ [ -80.1362458, 25.8847652 ], [ -80.1348792, 25.8848099 ], [ -80.134835, 25.8848026 ], [ -80.1348207, 25.8847896 ], [ -80.1348104, 25.8847735 ], [ -80.1348122, 25.8847375 ], [ -80.1348243, 25.8847049 ], [ -80.1349168, 25.8845818 ], [ -80.1349959, 25.8845275 ], [ -80.135063, 25.8845022 ], [ -80.1351797, 25.8844805 ], [ -80.1353969, 25.8845215 ], [ -80.1358341, 25.8846241 ], [ -80.1361613, 25.8847061 ], [ -80.1362525, 25.8847302 ], [ -80.1362627, 25.8847418 ], [ -80.1362621, 25.8847596 ], [ -80.1362458, 25.8847652 ] ] ] } },
{ "type": "Feature", "properties": { "name": "Marathon", "amenity": null, "shop": "convenience", "leisure": null }, "geometry": { "type": "Polygon", "coordinates": [ [ [ -80.1275749, 25.8563593 ], [ -80.1275721, 25.8563266 ], [ -80.1275257, 25.8563299 ], [ -80.1275181, 25.8562426 ], [ -80.1277174, 25.8562285 ], [ -80.127725, 25.8563158 ], [ -80.1276627, 25.8563202 ], [ -80.1276656, 25.8563529 ], [ -80.1275749, 25.8563593 ] ] ] } },
{ "type": "Feature", "properties": { "name": "Target", "amenity": null, "shop": "department_store", "leisure": null }, "geometry": { "type": "Polygon", "coordinates": [ [ [ -80.139411, 25.7753776 ], [ -80.1390427, 25.7753857 ], [ -80.1390339, 25.7750631 ], [ -80.1389533, 25.7750649 ], [ -80.1389408, 25.7746064 ], [ -80.1393898, 25.7745965 ], [ -80.139411, 25.7753776 ] ] ] } },
{ "type": "Feature", "properties": { "name": "Miami Beach Convention Center Park", "amenity": null, "shop": null, "leisure": "park" }, "geometry": { "type": "Polygon", "coordinates": [ [ [ -80.1365659, 25.7947046 ], [ -80.1365552, 25.7947269 ], [ -80.1365475, 25.7947302 ], [ -80.1365324, 25.7947366 ], [ -80.1364577, 25.7947383 ], [ -80.1363427, 25.7947409 ], [ -80.1363364, 25.7947411 ], [ -80.1363239, 25.7947414 ], [ -80.136054, 25.7947475 ], [ -80.1360137, 25.7947485 ], [ -80.1359326, 25.7947503 ], [ -80.1359058, 25.7947509 ], [ -80.135767, 25.7947541 ], [ -80.1357615, 25.7947516 ], [ -80.135133, 25.7947686 ], [ -80.1351095, 25.7947583 ], [ -80.1350988, 25.794736 ], [ -80.135074, 25.7939578 ], [ -80.1350709, 25.7938585 ], [ -80.1350695, 25.7938168 ], [ -80.1350585, 25.7934699 ], [ -80.1350713, 25.7934524 ], [ -80.1350961, 25.7934416 ], [ -80.1352124, 25.7934384 ], [ -80.1354659, 25.7934315 ], [ -80.135471, 25.7934313 ], [ -80.1354789, 25.7934311 ], [ -80.1359115, 25.7934193 ], [ -80.1359683, 25.7934178 ], [ -80.1362264, 25.7934107 ], [ -80.1362635, 25.7934097 ], [ -80.1364895, 25.7934035 ], [ -80.1365136, 25.7934162 ], [ -80.136527, 25.7934397 ], [ -80.1365325, 25.7936191 ], [ -80.136536, 25.7937322 ], [ -80.1365362, 25.793739 ], [ -80.1365365, 25.7937474 ], [ -80.1365441, 25.7939952 ], [ -80.1365443, 25.7940032 ], [ -80.1365453, 25.7940355 ], [ -80.1365462, 25.7940631 ], [ -80.1365612, 25.7945533 ], [ -80.1365617, 25.794567 ], [ -80.136562, 25.7945778 ], [ -80.1365649, 25.7946729 ], [ -80.1365659, 25.7947046 ] ] ] } },
{ "type": "Feature", "properties": { "name": "Veterans Park", "amenity": null, "shop": null, "leisure": "park" }, "geometry": { "type": "Polygon", "coordinates": [ [ [ -80.1216391, 25.8725924 ], [ -80.1216321, 25.8727838 ], [ -80.1216254, 25.8728146 ], [ -80.1216059, 25.8728188 ], [ -80.1214963, 25.873077 ], [ -80.1214966, 25.8730915 ], [ -80.1214923, 25.8731036 ], [ -80.1215073, 25.8731072 ], [ -80.1215184, 25.8731328 ], [ -80.1215309, 25.873139 ], [ -80.1215439, 25.8731455 ], [ -80.1215754, 25.8731681 ], [ -80.121963, 25.8731476 ], [ -80.1219828, 25.8731301 ], [ -80.1221763, 25.873119 ], [ -80.1221883, 25.8731146 ], [ -80.1221979, 25.8731068 ], [ -80.122204, 25.8730964 ], [ -80.1222058, 25.8730846 ], [ -80.1221975, 25.8729352 ], [ -80.1221816, 25.8726049 ], [ -80.1221789, 25.8725639 ], [ -80.1216551, 25.8725872 ], [ -80.1216391, 25.8725924 ] ] ] } },
{ "type": "Feature", "properties": { "name": null, "amenity": null, "shop": null, "leisure": "park" }, "geometry": { "type": "Polygon", "coordinates": [ [ [ -80.1287849, 25.8554268 ], [ -80.1287291, 25.8554268 ], [ -80.1287149, 25.8554382 ], [ -80.1283816, 25.8557059 ], [ -80.1283656, 25.855729 ], [ -80.1283685, 25.8557508 ], [ -80.1283858, 25.8557643 ], [ -80.1284126, 25.8557695 ], [ -80.1289873, 25.8557484 ], [ -80.1289977, 25.8556996 ], [ -80.1287849, 25.8554268 ] ] ] } },
{ "type": "Feature", "properties": { "name": null, "amenity": null, "shop": null, "leisure": "park" }, "geometry": { "type": "Polygon", "coordinates": [ [ [ -80.1283046, 25.8557583 ], [ -80.1281145, 25.8558724 ], [ -80.1281258, 25.8558775 ], [ -80.1283302, 25.8558533 ], [ -80.1291647, 25.855786 ], [ -80.1291707, 25.855775 ], [ -80.1284038, 25.855839 ], [ -80.1283474, 25.8558184 ], [ -80.1283275, 25.8558001 ], [ -80.1283046, 25.8557583 ] ] ] } },
{ "type": "Feature", "properties": { "name": "Trader Joe's", "amenity": null, "shop": "supermarket", "leisure": null }, "geometry": { "type": "Polygon", "coordinates": [ [ [ -80.1423769, 25.7915843 ], [ -80.1420821, 25.791592 ], [ -80.142093, 25.7919306 ], [ -80.1423141, 25.7919248 ], [ -80.1423137, 25.7919144 ], [ -80.1423712, 25.7919129 ], [ -80.1423702, 25.7918819 ], [ -80.1423865, 25.7918815 ], [ -80.1423769, 25.7915843 ] ] ] } },
{ "type": "Feature", "properties": { "name": "Canopy Park", "amenity": null, "shop": null, "leisure": "park" }, "geometry": { "type": "Polygon", "coordinates": [ [ [ -80.1419126, 25.7771491 ], [ -80.1414608, 25.7771621 ], [ -80.1409637, 25.7771708 ], [ -80.1409208, 25.7771692 ], [ -80.1409275, 25.7771316 ], [ -80.1409152, 25.7762779 ], [ -80.1409148, 25.7758821 ], [ -80.140915, 25.7758286 ], [ -80.1409158, 25.7758141 ], [ -80.1409181, 25.7758029 ], [ -80.1409234, 25.7757913 ], [ -80.14093, 25.7757833 ], [ -80.1409386, 25.7757732 ], [ -80.1409496, 25.775766 ], [ -80.1409652, 25.7757647 ], [ -80.1412094, 25.7757564 ], [ -80.1415545, 25.7757333 ], [ -80.1417068, 25.775729 ], [ -80.141737, 25.7757309 ], [ -80.1417561, 25.7757401 ], [ -80.1417681, 25.7757481 ], [ -80.1417786, 25.7757625 ], [ -80.1418142, 25.7758571 ], [ -80.1418991, 25.7760557 ], [ -80.1419076, 25.7761251 ], [ -80.1419102, 25.7761805 ], [ -80.1419111, 25.7762257 ], [ -80.1419206, 25.7767065 ], [ -80.1419052, 25.7767476 ], [ -80.141909, 25.7769677 ], [ -80.1419126, 25.7771491 ] ] ] } },
{ "type": "Feature", "properties": { "name": "Grab n Go", "amenity": null, "shop": "convenience", "leisure": null }, "geometry": { "type": "Polygon", "coordinates": [ [ [ -80.1321914, 25.7828705 ], [ -80.1320169, 25.7828414 ], [ -80.1320072, 25.7828888 ], [ -80.1321816, 25.7829182 ], [ -80.1321914, 25.7828705 ] ] ] } },
{ "type": "Feature", "properties": { "name": "Ocoas Breeze", "amenity": "cafe", "shop": null, "leisure": null }, "geometry": { "type": "Polygon", "coordinates": [ [ [ -80.1320254, 25.7828002 ], [ -80.1320288, 25.7827838 ], [ -80.1320339, 25.7827572 ], [ -80.1320619, 25.7827618 ], [ -80.1322095, 25.7827856 ], [ -80.1322007, 25.7828285 ], [ -80.1320254, 25.7828002 ] ] ] } },
{ "type": "Feature", "properties": { "name": "SQUAREAT", "amenity": "fast_food", "shop": null, "leisure": null }, "geometry": { "type": "Polygon", "coordinates": [ [ [ -80.1330511, 25.7780029 ], [ -80.1332447, 25.7780369 ], [ -80.1332588, 25.7779724 ], [ -80.133065, 25.7779384 ], [ -80.1330511, 25.7780029 ] ] ] } },
{ "type": "Feature", "properties": { "name": "Cortadito", "amenity": "cafe", "shop": null, "leisure": null }, "geometry": { "type": "Polygon", "coordinates": [ [ [ -80.1313037, 25.7865153 ], [ -80.131308, 25.7864672 ], [ -80.13132, 25.7863935 ], [ -80.1313919, 25.7864024 ], [ -80.1316393, 25.786433 ], [ -80.1316262, 25.7865043 ], [ -80.1313037, 25.7865153 ] ] ] } },
{ "type": "Feature", "properties": { "name": "Fernandez Food Market", "amenity": null, "shop": "convenience", "leisure": null }, "geometry": { "type": "Polygon", "coordinates": [ [ [ -80.1313593, 25.7856204 ], [ -80.1313463, 25.7857022 ], [ -80.131537, 25.7857269 ], [ -80.1317419, 25.7857534 ], [ -80.1317549, 25.7856718 ], [ -80.1315537, 25.7856455 ], [ -80.1313593, 25.7856204 ] ] ] } },
{ "type": "Feature", "properties": { "name": "La Sandwicherie", "amenity": "fast_food", "shop": null, "leisure": null }, "geometry": { "type": "Polygon", "coordinates": [ [ [ -80.1313949, 25.785613 ], [ -80.1313784, 25.7856108 ], [ -80.1314072, 25.7854307 ], [ -80.1314237, 25.7854329 ], [ -80.1313949, 25.785613 ] ] ] } },
{ "type": "Feature", "properties": { "name": "Kava Garden", "amenity": "cafe", "shop": null, "leisure": null }, "geometry": { "type": "Polygon", "coordinates": [ [ [ -80.1343325, 25.7702322 ], [ -80.1343615, 25.7700983 ], [ -80.134301, 25.7700877 ], [ -80.1342475, 25.7700783 ], [ -80.1342186, 25.7702123 ], [ -80.1343325, 25.7702322 ] ] ] } },
{ "type": "Feature", "properties": { "name": "Subway", "amenity": "fast_food", "shop": null, "leisure": null }, "geometry": { "type": "Polygon", "coordinates": [ [ [ -80.1346397, 25.8136098 ], [ -80.1347303, 25.8137874 ], [ -80.1346619, 25.8138157 ], [ -80.1345714, 25.813638 ], [ -80.1346397, 25.8136098 ] ] ] } },
{ "type": "Feature", "properties": { "name": "Domino's", "amenity": "fast_food", "shop": null, "leisure": null }, "geometry": { "type": "Polygon", "coordinates": [ [ [ -80.1342331, 25.8139718 ], [ -80.1342702, 25.8140475 ], [ -80.1341905, 25.8140793 ], [ -80.1341534, 25.8140035 ], [ -80.1342331, 25.8139718 ] ] ] } },
{ "type": "Feature", "properties": { "name": "Latin Cafe", "amenity": "fast_food", "shop": null, "leisure": null }, "geometry": { "type": "Polygon", "coordinates": [ [ [ -80.128465, 25.8139647 ], [ -80.1283909, 25.8139649 ], [ -80.1283878, 25.8140343 ], [ -80.1283863, 25.8142416 ], [ -80.1284612, 25.8142423 ], [ -80.128465, 25.8139647 ] ] ] } },
{ "type": "Feature", "properties": { "name": "Subway", "amenity": "fast_food", "shop": null, "leisure": null }, "geometry": { "type": "Polygon", "coordinates": [ [ [ -80.128474, 25.8559668 ], [ -80.1284738, 25.8559621 ], [ -80.1285515, 25.8559589 ], [ -80.1285564, 25.8560552 ], [ -80.128535, 25.8560561 ], [ -80.1285377, 25.85611 ], [ -80.1285033, 25.8561114 ], [ -80.1285005, 25.8560559 ], [ -80.1284785, 25.8560567 ], [ -80.128474, 25.8559668 ] ] ] } },
{ "type": "Feature", "properties": { "name": "Tropical Supermarket", "amenity": null, "shop": "supermarket", "leisure": null }, "geometry": { "type": "Polygon", "coordinates": [ [ [ -80.1293793, 25.8558908 ], [ -80.1294045, 25.85618 ], [ -80.1296234, 25.8561624 ], [ -80.1296107, 25.8559522 ], [ -80.129608, 25.8559346 ], [ -80.1296008, 25.8559194 ], [ -80.1295853, 25.8558992 ], [ -80.129562, 25.8558842 ], [ -80.1295329, 25.8558804 ], [ -80.1293793, 25.8558908 ] ] ] } },
{ "type": "Feature", "properties": { "name": "92nd Street Park", "amenity": null, "shop": null, "leisure": "park" }, "geometry": { "type": "Polygon", "coordinates": [ [ [ -80.1296089, 25.8828301 ], [ -80.1295946, 25.8825849 ], [ -80.1293273, 25.8825991 ], [ -80.1292293, 25.8825531 ], [ -80.1291341, 25.8827144 ], [ -80.1292097, 25.8827471 ], [ -80.1292288, 25.8827733 ], [ -80.1292326, 25.882812 ], [ -80.1292183, 25.8828473 ], [ -80.1296089, 25.8828301 ] ] ] } },
{ "type": "Feature", "properties": { "name": null, "amenity": "community_centre", "shop": null, "leisure": null }, "geometry": { "type": "Polygon", "coordinates": [ [ [ -80.1276534, 25.8878158 ], [ -80.1276289, 25.8878206 ], [ -80.127634, 25.8878344 ], [ -80.1273033, 25.8879029 ], [ -80.1273001, 25.8878856 ], [ -80.1272863, 25.8878875 ], [ -80.1272699, 25.8878835 ], [ -80.1272568, 25.8878762 ], [ -80.1272481, 25.887867 ], [ -80.1272452, 25.8878592 ], [ -80.1272439, 25.887851 ], [ -80.1272445, 25.8878404 ], [ -80.1272488, 25.8878283 ], [ -80.1272577, 25.8878178 ], [ -80.1272733, 25.8878024 ], [ -80.1272791, 25.8877973 ], [ -80.1272882, 25.8877893 ], [ -80.1273046, 25.8877766 ], [ -80.1273251, 25.8877642 ], [ -80.1273468, 25.8877541 ], [ -80.1273689, 25.8877447 ], [ -80.127394, 25.8877356 ], [ -80.1274174, 25.8877291 ], [ -80.1274359, 25.8877253 ], [ -80.1274548, 25.8877226 ], [ -80.1274703, 25.8877213 ], [ -80.127487, 25.8877208 ], [ -80.1275124, 25.8877213 ], [ -80.1275384, 25.887724 ], [ -80.1275621, 25.8877275 ], [ -80.1275841, 25.8877329 ], [ -80.1276029, 25.887739 ], [ -80.1276187, 25.8877447 ], [ -80.1276366, 25.887752 ], [ -80.1276539, 25.8877606 ], [ -80.1276642, 25.8877669 ], [ -80.1276716, 25.8877749 ], [ -80.1276759, 25.8877867 ], [ -80.127675, 25.8877965 ], [ -80.1276711, 25.8878052 ], [ -80.1276634, 25.8878113 ], [ -80.1276534, 25.8878158 ] ] ] } },
{ "type": "Feature", "properties": { "name": "Bal Harbour Waterfront Park", "amenity": null, "shop": null, "leisure": "park" }, "geometry": { "type": "Polygon", "coordinates": [ [ [ -80.1278665, 25.8878462 ], [ -80.1278211, 25.8876632 ], [ -80.1278023, 25.8875948 ], [ -80.1277877, 25.8875385 ], [ -80.1277741, 25.8874745 ], [ -80.1277657, 25.8874339 ], [ -80.1277453, 25.8873285 ], [ -80.1277412, 25.8873067 ], [ -80.1277366, 25.8872836 ], [ -80.1277319, 25.8872615 ], [ -80.1277118, 25.887123 ], [ -80.127707, 25.8870891 ], [ -80.1276933, 25.8869878 ], [ -80.1271495, 25.8870204 ], [ -80.1270949, 25.8870334 ], [ -80.1270735, 25.8870741 ], [ -80.1270676, 25.8872615 ], [ -80.1270691, 25.8873679 ], [ -80.1270895, 25.887568 ], [ -80.1271029, 25.8876281 ], [ -80.1271673, 25.8879871 ], [ -80.1278665, 25.8878462 ] ] ] } },
{ "type": "Feature", "properties": { "name": "Little Bay Park", "amenity": null, "shop": null, "leisure": "park" }, "geometry": { "type": "Polygon", "coordinates": [ [ [ -80.1281956, 25.879644 ], [ -80.1282075, 25.879817 ], [ -80.1280935, 25.8798202 ], [ -80.1280831, 25.8796921 ], [ -80.1280826, 25.8796791 ], [ -80.1280864, 25.8796704 ], [ -80.1280988, 25.8796599 ], [ -80.1281065, 25.8796547 ], [ -80.1281195, 25.8796502 ], [ -80.1281956, 25.879644 ] ] ] } },
{ "type": "Feature", "properties": { "name": "Founders Circle", "amenity": null, "shop": null, "leisure": "park" }, "geometry": { "type": "Polygon", "coordinates": [ [ [ -80.1236588, 25.8880279 ], [ -80.1236784, 25.8880185 ], [ -80.1236947, 25.8880055 ], [ -80.1237142, 25.8879779 ], [ -80.1237179, 25.8879648 ], [ -80.123721, 25.8879537 ], [ -80.1237228, 25.8879376 ], [ -80.1236937, 25.8879383 ], [ -80.1236931, 25.8879064 ], [ -80.1237054, 25.887906 ], [ -80.1236945, 25.8878036 ], [ -80.1233902, 25.8878487 ], [ -80.1233708, 25.8878584 ], [ -80.1233599, 25.8878698 ], [ -80.123535, 25.888011 ], [ -80.1235532, 25.8880234 ], [ -80.1235736, 25.8880318 ], [ -80.123596, 25.8880367 ], [ -80.1236117, 25.8880384 ], [ -80.1236274, 25.8880371 ], [ -80.1236429, 25.8880338 ], [ -80.1236588, 25.8880279 ] ] ] } },
{ "type": "Feature", "properties": { "name": "Bay Harbor Islands Tot Lot", "amenity": null, "shop": null, "leisure": "park" }, "geometry": { "type": "Polygon", "coordinates": [ [ [ -80.1393293, 25.8868938 ], [ -80.138795, 25.8870046 ], [ -80.1387695, 25.8869201 ], [ -80.1387183, 25.8867508 ], [ -80.1389005, 25.8866187 ], [ -80.1390237, 25.8866766 ], [ -80.1390465, 25.8866873 ], [ -80.1390647, 25.8866959 ], [ -80.1391016, 25.8867067 ], [ -80.1391107, 25.8867043 ], [ -80.1392704, 25.8866619 ], [ -80.1392972, 25.8867597 ], [ -80.1393293, 25.8868938 ] ] ] } },
{ "type": "Feature", "properties": { "name": "Chevron", "amenity": null, "shop": "convenience", "leisure": null }, "geometry": { "type": "Polygon", "coordinates": [ [ [ -80.1226827, 25.8565799 ], [ -80.1225501, 25.8565832 ], [ -80.1225458, 25.8564437 ], [ -80.1227531, 25.8564386 ], [ -80.1227548, 25.8564931 ], [ -80.1227014, 25.8564944 ], [ -80.1227016, 25.8565017 ], [ -80.1226804, 25.8565023 ], [ -80.1226827, 25.8565799 ] ] ] } },
{ "type": "Feature", "properties": { "name": "North Passive Park", "amenity": null, "shop": null, "leisure": "park" }, "geometry": { "type": "Polygon", "coordinates": [ [ [ -80.1360437, 25.8924575 ], [ -80.1360407, 25.8924764 ], [ -80.1360319, 25.8924964 ], [ -80.1358814, 25.8925825 ], [ -80.1358035, 25.8926229 ], [ -80.1357001, 25.8926518 ], [ -80.1355998, 25.8926604 ], [ -80.1354821, 25.8926444 ], [ -80.135425, 25.8926255 ], [ -80.1353782, 25.8926014 ], [ -80.1353321, 25.8925778 ], [ -80.1353037, 25.8925506 ], [ -80.1352914, 25.8925185 ], [ -80.1352933, 25.8924786 ], [ -80.135315, 25.8924501 ], [ -80.1353439, 25.8924306 ], [ -80.1353819, 25.8924241 ], [ -80.1358077, 25.892408 ], [ -80.1358502, 25.8924064 ], [ -80.1359786, 25.8923985 ], [ -80.1360012, 25.8924039 ], [ -80.1360238, 25.8924165 ], [ -80.136039, 25.8924334 ], [ -80.1360437, 25.8924575 ] ] ] } },
{ "type": "Feature", "properties": { "name": "95th Street Park", "amenity": null, "shop": null, "leisure": "park" }, "geometry": { "type": "Polygon", "coordinates": [ [ [ -80.1330934, 25.8860702 ], [ -80.1330834, 25.8858496 ], [ -80.1330766, 25.8858492 ], [ -80.1330668, 25.88583 ], [ -80.133047, 25.885791 ], [ -80.1329699, 25.8857322 ], [ -80.1327316, 25.8857408 ], [ -80.1327325, 25.885753 ], [ -80.1327268, 25.8857747 ], [ -80.1327328, 25.8858844 ], [ -80.1327697, 25.8858838 ], [ -80.1327804, 25.886084 ], [ -80.1327852, 25.8860896 ], [ -80.1330503, 25.8860782 ], [ -80.1330937, 25.8860767 ], [ -80.1330934, 25.8860702 ] ] ] } }
]
}
