{"type": "FeatureCollection", "features": [{"type": "Feature", "id": 5571, "geometry": {"type": "Point", "coordinates": [-80.13081137570467, 25.7918022740099]}, "properties": {"POINT_ID": 37272, "TREE_SPECI": "Green Buttonwood", "SCI_NAME": "Conocarpus erectus", "DBH": 9, "MULTI_TRUN": "No", "CONDITION": "Good", "PRUNING": "Structure Pruning", "RISK_FACTO": "None", "OBSERVATIO": "Lopsided Canopy", "OBSERVATI2": " ", "OBSERVATI3": " ", "OVERHEAD_U": "No", "GROWING_SP": "Road/ROW", "GPS_DATE": 1502841600000, "GPS_TIME": "10:01:15am", "NORTHING": 530963.221, "EASTING": 942160.949, "COMMEMORATIVE": null, "ALIAS_ID": null, "OBJECTID": 5571, "OBSERVATI4": null}}, {"type": "Feature", "id": 4809, "geometry": {"type": "Point", "coordinates": [-80.12904449774717, 25.79701992688274]}, "properties": {"POINT_ID": 36510, "TREE_SPECI": "Coconut Palm", "SCI_NAME": "Cocos nucifera", "DBH": 10, "MULTI_TRUN": "No", "CONDITION": "Good", "PRUNING": " ", "RISK_FACTO": "None", "OBSERVATIO": " ", "OBSERVATI2": " ", "OBSERVATI3": " ", "OVERHEAD_U": "No", "GROWING_SP": "Park", "GPS_DATE": 1499299200000, "GPS_TIME": "10:49:03am", "NORTHING": 532863.53, "EASTING": 942729.796, "COMMEMORATIVE": null, "ALIAS_ID": null, "OBJECTID": 4809, "OBSERVATI4": null}}, {"type": "Feature", "id": 3481, "geometry": {"type": "Point", "coordinates": [-80.13448342343439, 25.792716152085678]}, "properties": {"POINT_ID": 35182, "TREE_SPECI": "Pink Tabebuia", "SCI_NAME": "Tabebuia heterophylla", "DBH": 8, "MULTI_TRUN": "No", "CONDITION": "Good", "PRUNING": "Structure Pruning", "RISK_FACTO": "None", "OBSERVATIO": "Co-Dominant Leaders", "OBSERVATI2": "Constricted Roots", "OBSERVATI3": " ", "OVERHEAD_U": "No", "GROWING_SP": "Government", "GPS_DATE": 1495497600000, "GPS_TIME": "01:11:33pm", "NORTHING": 531287.43, "EASTING": 940950.476, "COMMEMORATIVE": null, "ALIAS_ID": null, "OBJECTID": 3481, "OBSERVATI4": null}}, {"type": "Feature", "id": 5548, "geometry": {"type": "Point", "coordinates": [-80.13199675526465, 25.790859473978802]}, "properties": {"POINT_ID": 37249, "TREE_SPECI": "Bottle Palm", "SCI_NAME": "Hyophorbe lagenicaulis", "DBH": 11, "MULTI_TRUN": "No", "CONDITION": "Good", "PRUNING": " ", "RISK_FACTO": "None", "OBSERVATIO": " ", "OBSERVATI2": " ", "OBSERVATI3": " ", "OVERHEAD_U": "No", "GROWING_SP": "Road/ROW", "GPS_DATE": 1502841600000, "GPS_TIME": "09:47:42am", "NORTHING": 530617.967, "EASTING": 941773.158, "COMMEMORATIVE": null, "ALIAS_ID": null, "OBJECTID": 5548, "OBSERVATI4": null}}, {"type": "Feature", "id": 4122, "geometry": {"type": "Point", "coordinates": [-80.13416248279069, 25.79062760615781]}, "properties": {"POINT_ID": 35823, "TREE_SPECI": "Coconut Palm", "SCI_NAME": "Cocos nucifera", "DBH": 9, "MULTI_TRUN": "No", "CONDITION": "Fair", "PRUNING": " ", "RISK_FACTO": "None", "OBSERVATIO": "Discolored Foliage", "OBSERVATI2": " ", "OBSERVATI3": " ", "OVERHEAD_U": "No", "GROWING_SP": "Park", "GPS_DATE": 1494979200000, "GPS_TIME": "11:31:43am", "NORTHING": 530528.998, "EASTING": 941061.073, "COMMEMORATIVE": null, "ALIAS_ID": null, "OBJECTID": 4122, "OBSERVATI4": null}}, {"type": "Feature", "id": 4145, "geometry": {"type": "Point", "coordinates": [-80.13363899086804, 25.79062077825231]}, "properties": {"POINT_ID": 35846, "TREE_SPECI": "Cabbage Palm", "SCI_NAME": "Sabal palmetto", "DBH": 10, "MULTI_TRUN": "No", "CONDITION": "Good", "PRUNING": " ", "RISK_FACTO": "None", "OBSERVATIO": " ", "OBSERVATI2": " ", "OBSERVATI3": " ", "OVERHEAD_U": "No", "GROWING_SP": "Park", "GPS_DATE": 1494979200000, "GPS_TIME": "11:56:38am", "NORTHING": 530527.65, "EASTING": 941233.346, "COMMEMORATIVE": null, "ALIAS_ID": null, "OBJECTID": 4145, "OBSERVATI4": null}}, {"type": "Feature", "id": 10440, "geometry": {"type": "Point", "coordinates": [-80.13033958859475, 25.78061933000478]}, "properties": {"POINT_ID": 42141, "TREE_SPECI": "Sea Grape", "SCI_NAME": "Coccoloba uvifera", "DBH": 12, "MULTI_TRUN": "Yes", "CONDITION": "Good", "PRUNING": " ", "RISK_FACTO": "None", "OBSERVATIO": " ", "OBSERVATI2": " ", "OBSERVATI3": " ", "OVERHEAD_U": "No", "GROWING_SP": "Park", "GPS_DATE": 1503446400000, "GPS_TIME": "01:06:35pm", "NORTHING": 526899.571, "EASTING": 942343.031, "COMMEMORATIVE": null, "ALIAS_ID": null, "OBJECTID": 10440, "OBSERVATI4": null}}, {"type": "Feature", "id": 6212, "geometry": {"type": "Point", "coordinates": [-80.13867437332327, 25.78446539056048]}, "properties": {"POINT_ID": 37913, "TREE_SPECI": "Black Olive", "SCI_NAME": "Bucida buceras", "DBH": 15, "MULTI_TRUN": "No", "CONDITION": "Fair", "PRUNING": "Crown Cleaning", "RISK_FACTO": "None", "OBSERVATIO": "Circling Roots", "OBSERVATI2": "Co-Dominant Leaders", "OBSERVATI3": "Dead Wood", "OVERHEAD_U": "No", "GROWING_SP": "Road/ROW", "GPS_DATE": 1501718400000, "GPS_TIME": "10:31:10am", "NORTHING": 528279.478, "EASTING": 939591.068, "COMMEMORATIVE": null, "ALIAS_ID": null, "OBJECTID": 6212, "OBSERVATI4": null}}, {"type": "Feature", "id": 4884, "geometry": {"type": "Point", "coordinates": [-80.12942625471463, 25.79696890019403]}, "properties": {"POINT_ID": 36585, "TREE_SPECI": "Lignum vitae", "SCI_NAME": "Guajacum sanctum", "DBH": 2, "MULTI_TRUN": "No", "CONDITION": "Good", "PRUNING": " ", "RISK_FACTO": "None", "OBSERVATIO": "Leaning - Minor", "OBSERVATI2": " ", "OBSERVATI3": " ", "OVERHEAD_U": "No", "GROWING_SP": "Park", "GPS_DATE": 1499299200000, "GPS_TIME": "12:07:28pm", "NORTHING": 532844.153, "EASTING": 942604.306, "COMMEMORATIVE": null, "ALIAS_ID": null, "OBJECTID": 4884, "OBSERVATI4": null}}, {"type": "Feature", "id": 9770, "geometry": {"type": "Point", "coordinates": [-80.1327903415052, 25.7802781022258]}, "properties": {"POINT_ID": 41471, "TREE_SPECI": "Coconut Palm", "SCI_NAME": "Cocos nucifera", "DBH": 9, "MULTI_TRUN": "No", "CONDITION": "Good", "PRUNING": " ", "RISK_FACTO": "None", "OBSERVATIO": " ", "OBSERVATI2": " ", "OBSERVATI3": " ", "OVERHEAD_U": "No", "GROWING_SP": "Road/ROW", "GPS_DATE": 1503964800000, "GPS_TIME": "09:35:54am", "NORTHING": 526770.227, "EASTING": 941537.35, "COMMEMORATIVE": null, "ALIAS_ID": null, "OBJECTID": 9770, "OBSERVATI4": null}}, {"type": "Feature", "id": 4151, "geometry": {"type": "Point", "coordinates": [-80.13344110587579, 25.790708601524052]}, "properties": {"POINT_ID": 35852, "TREE_SPECI": "Triangle Palm", "SCI_NAME": "Dypsis decaryi", "DBH": 16, "MULTI_TRUN": "No", "CONDITION": "Good", "PRUNING": " ", "RISK_FACTO": "None", "OBSERVATIO": "Discolored Foliage", "OBSERVATI2": " ", "OBSERVATI3": " ", "OVERHEAD_U": "No", "GROWING_SP": "Park", "GPS_DATE": 1494979200000, "GPS_TIME": "01:07:53pm", "NORTHING": 530559.999, "EASTING": 941298.251, "COMMEMORATIVE": null, "ALIAS_ID": null, "OBJECTID": 4151, "OBSERVATI4": null}}, {"type": "Feature", "id": 30826, "geometry": {"type": "Point", "coordinates": [-80.13798588805165, 25.797724022138716]}, "properties": {"POINT_ID": 29888, "TREE_SPECI": "Pink Tabebuia", "SCI_NAME": null, "DBH": 4, "MULTI_TRUN": "No", "CONDITION": "Good", "PRUNING": "Crown Cleaning", "RISK_FACTO": "None", "OBSERVATIO": "Limb Damage - Minor", "OBSERVATI2": " ", "OBSERVATI3": " ", "OVERHEAD_U": "No", "GROWING_SP": "Golf Course", "GPS_DATE": 1460937600000, "GPS_TIME": "10:47:37am", "NORTHING": 533100.085, "EASTING": 939786.08, "COMMEMORATIVE": "N", "ALIAS_ID": null, "OBJECTID": 30826, "OBSERVATI4": null}}, {"type": "Feature", "id": 5479, "geometry": {"type": "Point", "coordinates": [-80.13088707390257, 25.794307280588193]}, "properties": {"POINT_ID": 37180, "TREE_SPECI": "Green Buttonwood", "SCI_NAME": "Conocarpus erectus", "DBH": 9, "MULTI_TRUN": "No", "CONDITION": "Fair", "PRUNING": "Restoration Pruning", "RISK_FACTO": "None", "OBSERVATIO": "Lopsided Canopy", "OBSERVATI2": "Sprouting", "OBSERVATI3": " ", "OVERHEAD_U": "No", "GROWING_SP": "Road/ROW", "GPS_DATE": 1501632000000, "GPS_TIME": "03:43:06pm", "NORTHING": 531873.554, "EASTING": 942130.03, "COMMEMORATIVE": null, "ALIAS_ID": null, "OBJECTID": 5479, "OBSERVATI4": null}}, {"type": "Feature", "id": 4815, "geometry": {"type": "Point", "coordinates": [-80.12876354883964, 25.796861842986704]}, "properties": {"POINT_ID": 36516, "TREE_SPECI": "Coconut Palm", "SCI_NAME": "Cocos nucifera", "DBH": 10, "MULTI_TRUN": "No", "CONDITION": "Good", "PRUNING": " ", "RISK_FACTO": "None", "OBSERVATIO": " ", "OBSERVATI2": " ", "OBSERVATI3": " ", "OVERHEAD_U": "No", "GROWING_SP": "Park", "GPS_DATE": 1499299200000, "GPS_TIME": "10:50:59am", "NORTHING": 532806.683, "EASTING": 942822.618, "COMMEMORATIVE": null, "ALIAS_ID": null, "OBJECTID": 4815, "OBSERVATI4": null}}, {"type": "Feature", "id": 9793, "geometry": {"type": "Point", "coordinates": [-80.13326654574236, 25.779602013048972]}, "properties": {"POINT_ID": 41494, "TREE_SPECI": "Mahogany", "SCI_NAME": "Swietenia mahagoni", "DBH": 26, "MULTI_TRUN": "No", "CONDITION": "Fair", "PRUNING": "Crown Cleaning", "RISK_FACTO": "None", "OBSERVATIO": "Dead Wood", "OBSERVATI2": "Constricted Roots", "OBSERVATI3": "Co-Dominant Leaders", "OVERHEAD_U": "No", "GROWING_SP": "Parking Facility", "GPS_DATE": 1503964800000, "GPS_TIME": "09:54:09am", "NORTHING": 526523.457, "EASTING": 941382.257, "COMMEMORATIVE": null, "ALIAS_ID": null, "OBJECTID": 9793, "OBSERVATI4": null}}, {"type": "Feature", "id": 4128, "geometry": {"type": "Point", "coordinates": [-80.13413932441838, 25.790562657861365]}, "properties": {"POINT_ID": 35829, "TREE_SPECI": "Cabbage Palm", "SCI_NAME": "Sabal palmetto", "DBH": 12, "MULTI_TRUN": "No", "CONDITION": "Good", "PRUNING": " ", "RISK_FACTO": "None", "OBSERVATIO": " ", "OBSERVATI2": " ", "OBSERVATI3": " ", "OVERHEAD_U": "No", "GROWING_SP": "Park", "GPS_DATE": 1494979200000, "GPS_TIME": "11:37:37am", "NORTHING": 530505.442, "EASTING": 941068.848, "COMMEMORATIVE": null, "ALIAS_ID": null, "OBJECTID": 4128, "OBSERVATI4": null}}, {"type": "Feature", "id": 6235, "geometry": {"type": "Point", "coordinates": [-80.13971041732746, 25.784436358592423]}, "properties": {"POINT_ID": 37936, "TREE_SPECI": "Sapodilla", "SCI_NAME": "Manilkara zapota", "DBH": 36, "MULTI_TRUN": "No", "CONDITION": "Fair", "PRUNING": " ", "RISK_FACTO": "None", "OBSERVATIO": "Constricted Roots", "OBSERVATI2": "Co-Dominant Leaders", "OBSERVATI3": "Galls", "OVERHEAD_U": "No", "GROWING_SP": "Road/ROW", "GPS_DATE": 1501718400000, "GPS_TIME": "12:13:47pm", "NORTHING": 528266.697, "EASTING": 939250.205, "COMMEMORATIVE": null, "ALIAS_ID": null, "OBJECTID": 6235, "OBSERVATI4": null}}, {"type": "Feature", "id": 6120, "geometry": {"type": "Point", "coordinates": [-80.14188984153843, 25.78988276579822]}, "properties": {"POINT_ID": 37821, "TREE_SPECI": "Cabbage Palm", "SCI_NAME": "Sabal palmetto", "DBH": 8, "MULTI_TRUN": "No", "CONDITION": "Fair", "PRUNING": " ", "RISK_FACTO": "None", "OBSERVATIO": "Leaning - Moderate", "OBSERVATI2": " ", "OBSERVATI3": " ", "OVERHEAD_U": "No", "GROWING_SP": "Parking Facility", "GPS_DATE": 1501632000000, "GPS_TIME": "01:46:23pm", "NORTHING": 530241.626, "EASTING": 938520.123, "COMMEMORATIVE": null, "ALIAS_ID": null, "OBJECTID": 6120, "OBSERVATI4": null}}, {"type": "Feature", "id": 5456, "geometry": {"type": "Point", "coordinates": [-80.13200085364237, 25.79449610363121]}, "properties": {"POINT_ID": 37157, "TREE_SPECI": "Coconut Palm", "SCI_NAME": "Cocos nucifera", "DBH": 9, "MULTI_TRUN": "No", "CONDITION": "Fair", "PRUNING": " ", "RISK_FACTO": "None", "OBSERVATIO": "Discolored Foliage", "OBSERVATI2": " ", "OBSERVATI3": " ", "OVERHEAD_U": "No", "GROWING_SP": "Road/ROW", "GPS_DATE": 1501632000000, "GPS_TIME": "03:25:18pm", "NORTHING": 531939.769, "EASTING": 941763.095, "COMMEMORATIVE": null, "ALIAS_ID": null, "OBJECTID": 5456, "OBSERVATI4": null}}, {"type": "Feature", "id": 4792, "geometry": {"type": "Point", "coordinates": [-80.12970943369854, 25.797151508221596]}, "properties": {"POINT_ID": 36493, "TREE_SPECI": "Baobab", "SCI_NAME": "Adansonia digitata", "DBH": 80, "MULTI_TRUN": "No", "CONDITION": "Good", "PRUNING": "Crown Cleaning", "RISK_FACTO": "None", "OBSERVATIO": "Dead Wood", "OBSERVATI2": "Sprouting", "OBSERVATI3": "Decay Observed", "OVERHEAD_U": "No", "GROWING_SP": "Park", "GPS_DATE": 1499299200000, "GPS_TIME": "10:41:29am", "NORTHING": 532909.91, "EASTING": 942510.691, "COMMEMORATIVE": null, "ALIAS_ID": null, "OBJECTID": 4792, "OBSERVATI4": null}}, {"type": "Feature", "id": 6899, "geometry": {"type": "Point", "coordinates": [-80.13784602242224, 25.7834284445199]}, "properties": {"POINT_ID": 38600, "TREE_SPECI": "Pink Tabebuia", "SCI_NAME": "Tabebuia heterophylla", "DBH": 22, "MULTI_TRUN": "No", "CONDITION": "Good", "PRUNING": " ", "RISK_FACTO": "None", "OBSERVATIO": "Co-Dominant Leaders", "OBSERVATI2": " ", "OBSERVATI3": " ", "OVERHEAD_U": "No", "GROWING_SP": "Park", "GPS_DATE": 1502236800000, "GPS_TIME": "02:45:10pm", "NORTHING": 527904.362, "EASTING": 939866.121, "COMMEMORATIVE": null, "ALIAS_ID": null, "OBJECTID": 6899, "OBSERVATI4": null}}, {"type": "Feature", "id": 7022, "geometry": {"type": "Point", "coordinates": [-80.13648621283961, 25.782402433379545]}, "properties": {"POINT_ID": 38723, "TREE_SPECI": "Cabbage Palm", "SCI_NAME": "Sabal palmetto", "DBH": 15, "MULTI_TRUN": "No", "CONDITION": "Good", "PRUNING": " ", "RISK_FACTO": "None", "OBSERVATIO": " ", "OBSERVATI2": " ", "OBSERVATI3": " ", "OVERHEAD_U": "No", "GROWING_SP": "Park", "GPS_DATE": 1502841600000, "GPS_TIME": "09:45:52am", "NORTHING": 527534.369, "EASTING": 940316.043, "COMMEMORATIVE": null, "ALIAS_ID": null, "OBJECTID": 7022, "OBSERVATI4": null}}, {"type": "Feature", "id": 10002, "geometry": {"type": "Point", "coordinates": [-80.13341209853363, 25.7774125996651]}, "properties": {"POINT_ID": 41703, "TREE_SPECI": "Coconut Palm", "SCI_NAME": "Cocos nucifera", "DBH": 9, "MULTI_TRUN": "No", "CONDITION": "Fair", "PRUNING": " ", "RISK_FACTO": "None", "OBSERVATIO": "Tapered Trunk", "OBSERVATI2": " ", "OBSERVATI3": " ", "OVERHEAD_U": "No", "GROWING_SP": "Road/ROW", "GPS_DATE": 1503964800000, "GPS_TIME": "02:09:39pm", "NORTHING": 525727.355, "EASTING": 941339.592, "COMMEMORATIVE": null, "ALIAS_ID": null, "OBJECTID": 10002, "OBSERVATI4": null}}, {"type": "Feature", "id": 5425, "geometry": {"type": "Point", "coordinates": [-80.12696434845499, 25.794915248220633]}, "properties": {"POINT_ID": 37126, "TREE_SPECI": "Coconut Palm", "SCI_NAME": "Cocos nucifera", "DBH": 8, "MULTI_TRUN": "No", "CONDITION": "Fair", "PRUNING": " ", "RISK_FACTO": "None", "OBSERVATIO": "Discolored Foliage", "OBSERVATI2": " ", "OBSERVATI3": " ", "OVERHEAD_U": "No", "GROWING_SP": "Park", "GPS_DATE": 1501632000000, "GPS_TIME": "02:28:47pm", "NORTHING": 532103.073, "EASTING": 943419.313, "COMMEMORATIVE": null, "ALIAS_ID": null, "OBJECTID": 5425, "OBSERVATI4": null}}, {"type": "Feature", "id": 10365, "geometry": {"type": "Point", "coordinates": [-80.13019866705483, 25.781671117871838]}, "properties": {"POINT_ID": 42066, "TREE_SPECI": "Sea Grape", "SCI_NAME": "Coccoloba uvifera", "DBH": 44, "MULTI_TRUN": "No", "CONDITION": "Fair", "PRUNING": " ", "RISK_FACTO": "None", "OBSERVATIO": "Cavities", "OBSERVATI2": "Defoliated - Minor", "OBSERVATI3": " ", "OVERHEAD_U": "No", "GROWING_SP": "Park", "GPS_DATE": 1503446400000, "GPS_TIME": "12:29:21pm", "NORTHING": 527282.171, "EASTING": 942386.881, "COMMEMORATIVE": null, "ALIAS_ID": null, "OBJECTID": 10365, "OBSERVATI4": null}}, {"type": "Feature", "id": 5496, "geometry": {"type": "Point", "coordinates": [-80.12999592952896, 25.79397124010643]}, "properties": {"POINT_ID": 37197, "TREE_SPECI": "Pigeon Plum", "SCI_NAME": "Coccoloba diversifolia", "DBH": 5, "MULTI_TRUN": "No", "CONDITION": "Fair", "PRUNING": " ", "RISK_FACTO": "None", "OBSERVATIO": "Support - Remove", "OBSERVATI2": "Reduced Canopy - Minor", "OBSERVATI3": " ", "OVERHEAD_U": "No", "GROWING_SP": "Road/ROW", "GPS_DATE": 1502841600000, "GPS_TIME": "08:50:40am", "NORTHING": 531753.35, "EASTING": 942424.063, "COMMEMORATIVE": null, "ALIAS_ID": null, "OBJECTID": 5496, "OBSERVATI4": null}}, {"type": "Feature", "id": 3458, "geometry": {"type": "Point", "coordinates": [-80.1347164001853, 25.792738308052346]}, "properties": {"POINT_ID": 35159, "TREE_SPECI": "Vera Wood", "SCI_NAME": "Bulnesia arboria", "DBH": 9, "MULTI_TRUN": "No", "CONDITION": "Good", "PRUNING": "Structure Pruning", "RISK_FACTO": "None", "OBSERVATIO": "Co-Dominant Leaders", "OBSERVATI2": " ", "OBSERVATI3": " ", "OVERHEAD_U": "No", "GROWING_SP": "Government", "GPS_DATE": 1495497600000, "GPS_TIME": "11:57:15am", "NORTHING": 531294.979, "EASTING": 940873.763, "COMMEMORATIVE": null, "ALIAS_ID": null, "OBJECTID": 3458, "OBSERVATI4": null}}, {"type": "Feature", "id": 30849, "geometry": {"type": "Point", "coordinates": [-80.13782083660134, 25.798655642594643]}, "properties": {"POINT_ID": 29912, "TREE_SPECI": "Coconut Palm", "SCI_NAME": null, "DBH": 8, "MULTI_TRUN": "No", "CONDITION": "Good", "PRUNING": " ", "RISK_FACTO": "None", "OBSERVATIO": " ", "OBSERVATI2": " ", "OBSERVATI3": " ", "OVERHEAD_U": "No", "GROWING_SP": "Golf Course", "GPS_DATE": 1460937600000, "GPS_TIME": "11:07:38am", "NORTHING": 533439.057, "EASTING": 939838.17, "COMMEMORATIVE": "N", "ALIAS_ID": null, "OBJECTID": 30849, "OBSERVATI4": null}}, {"type": "Feature", "id": 6876, "geometry": {"type": "Point", "coordinates": [-80.13771955747565, 25.783190129770375]}, "properties": {"POINT_ID": 38577, "TREE_SPECI": "Strangler Fig", "SCI_NAME": "Ficus aurea", "DBH": 60, "MULTI_TRUN": "No", "CONDITION": "Fair", "PRUNING": "Crown Cleaning", "RISK_FACTO": "None", "OBSERVATIO": "Constricted Roots", "OBSERVATI2": "Limb Damage - Minor", "OBSERVATI3": "Dead Wood", "OVERHEAD_U": "No", "GROWING_SP": "Park", "GPS_DATE": 1502236800000, "GPS_TIME": "02:17:42pm", "NORTHING": 527818.014, "EASTING": 939908.304, "COMMEMORATIVE": null, "ALIAS_ID": null, "OBJECTID": 6876, "OBSERVATI4": null}}, {"type": "Feature", "id": 9824, "geometry": {"type": "Point", "coordinates": [-80.13522597803369, 25.779484823932847]}, "properties": {"POINT_ID": 41525, "TREE_SPECI": "Washingtonia Palm", "SCI_NAME": "Washingtonia robusta", "DBH": 18, "MULTI_TRUN": "No", "CONDITION": "Good", "PRUNING": " ", "RISK_FACTO": "None", "OBSERVATIO": " ", "OBSERVATI2": " ", "OBSERVATI3": " ", "OVERHEAD_U": "No", "GROWING_SP": "Road/ROW", "GPS_DATE": 1503964800000, "GPS_TIME": "10:27:27am", "NORTHING": 526476.625, "EASTING": 940737.718, "COMMEMORATIVE": null, "ALIAS_ID": null, "OBJECTID": 9824, "OBSERVATI4": null}}, {"type": "Feature", "id": 6753, "geometry": {"type": "Point", "coordinates": [-80.13880899581643, 25.781933681868676]}, "properties": {"POINT_ID": 38454, "TREE_SPECI": "Silver Buttonwood", "SCI_NAME": "Conocarpus erectus var. sericeus", "DBH": 26, "MULTI_TRUN": "No", "CONDITION": "Poor", "PRUNING": " ", "RISK_FACTO": "None", "OBSERVATIO": "Uprooted - Mostly", "OBSERVATI2": "Trunk Damage - Moderate", "OBSERVATI3": "Decay Observed", "OVERHEAD_U": "No", "GROWING_SP": "Park", "GPS_DATE": 1502236800000, "GPS_TIME": "12:24:15pm", "NORTHING": 527358.987, "EASTING": 939552.784, "COMMEMORATIVE": null, "ALIAS_ID": null, "OBJECTID": 6753, "OBSERVATI4": null}}, {"type": "Feature", "id": 7168, "geometry": {"type": "Point", "coordinates": [-80.13819685298591, 25.784740334071774]}, "properties": {"POINT_ID": 38869, "TREE_SPECI": "Australian Pine", "SCI_NAME": "Casuarina equisetifolia", "DBH": 10, "MULTI_TRUN": "No", "CONDITION": "Fair", "PRUNING": " ", "RISK_FACTO": "None", "OBSERVATIO": "Leaning - Moderate", "OBSERVATI2": " ", "OBSERVATI3": " ", "OVERHEAD_U": "No", "GROWING_SP": "Park", "GPS_DATE": 1502841600000, "GPS_TIME": "12:09:16pm", "NORTHING": 528380.44, "EASTING": 939747.552, "COMMEMORATIVE": null, "ALIAS_ID": null, "OBJECTID": 7168, "OBSERVATI4": null}}, {"type": "Feature", "id": 7045, "geometry": {"type": "Point", "coordinates": [-80.13702032384155, 25.78307703400199]}, "properties": {"POINT_ID": 38746, "TREE_SPECI": "Cabbage Palm", "SCI_NAME": "Sabal palmetto", "DBH": 16, "MULTI_TRUN": "No", "CONDITION": "Good", "PRUNING": " ", "RISK_FACTO": "None", "OBSERVATIO": " ", "OBSERVATI2": " ", "OBSERVATI3": " ", "OVERHEAD_U": "No", "GROWING_SP": "Park", "GPS_DATE": 1502841600000, "GPS_TIME": "09:55:14am", "NORTHING": 527778.414, "EASTING": 940138.673, "COMMEMORATIVE": null, "ALIAS_ID": null, "OBJECTID": 7045, "OBSERVATI4": null}}, {"type": "Feature", "id": 4500, "geometry": {"type": "Point", "coordinates": [-80.12774251413931, 25.798742898341665]}, "properties": {"POINT_ID": 36201, "TREE_SPECI": "Coconut Palm", "SCI_NAME": "Cocos nucifera", "DBH": 11, "MULTI_TRUN": "No", "CONDITION": "Good", "PRUNING": " ", "RISK_FACTO": "None", "OBSERVATIO": " ", "OBSERVATI2": " ", "OBSERVATI3": " ", "OVERHEAD_U": "No", "GROWING_SP": "Road/ROW", "GPS_DATE": 1496707200000, "GPS_TIME": "02:08:07pm", "NORTHING": 533492.618, "EASTING": 943154.046, "COMMEMORATIVE": null, "ALIAS_ID": null, "OBJECTID": 4500, "OBSERVATI4": null}}, {"type": "Feature", "id": 3773, "geometry": {"type": "Point", "coordinates": [-80.13297680086204, 25.792119473663494]}, "properties": {"POINT_ID": 35474, "TREE_SPECI": "Montgomery Palm", "SCI_NAME": "Veitchia montgomeryana", "DBH": 8, "MULTI_TRUN": "No", "CONDITION": "Good", "PRUNING": " ", "RISK_FACTO": "None", "OBSERVATIO": " ", "OBSERVATI2": " ", "OBSERVATI3": " ", "OVERHEAD_U": "No", "GROWING_SP": "Park", "GPS_DATE": 1494374400000, "GPS_TIME": "10:54:43am", "NORTHING": 531073.816, "EASTING": 941447.655, "COMMEMORATIVE": null, "ALIAS_ID": null, "OBJECTID": 3773, "OBSERVATI4": null}}, {"type": "Feature", "id": 6945, "geometry": {"type": "Point", "coordinates": [-80.13737555897677, 25.783364098265153]}, "properties": {"POINT_ID": 38646, "TREE_SPECI": "Foxtail Palm", "SCI_NAME": "Wodyetia bifurcata", "DBH": 15, "MULTI_TRUN": "No", "CONDITION": "Good", "PRUNING": " ", "RISK_FACTO": "None", "OBSERVATIO": "Discolored Foliage", "OBSERVATI2": " ", "OBSERVATI3": " ", "OVERHEAD_U": "No", "GROWING_SP": "Park", "GPS_DATE": 1502841600000, "GPS_TIME": "08:55:15am", "NORTHING": 527881.988, "EASTING": 940021.091, "COMMEMORATIVE": null, "ALIAS_ID": null, "OBJECTID": 6945, "OBSERVATI4": null}}, {"type": "Feature", "id": 3919, "geometry": {"type": "Point", "coordinates": [-80.13301366612532, 25.791460786465002]}, "properties": {"POINT_ID": 35620, "TREE_SPECI": "Montgomery Palm", "SCI_NAME": "Veitchia montgomeryana", "DBH": 15, "MULTI_TRUN": "Yes", "CONDITION": "Good", "PRUNING": " ", "RISK_FACTO": "None", "OBSERVATIO": " ", "OBSERVATI2": " ", "OBSERVATI3": " ", "OVERHEAD_U": "No", "GROWING_SP": "Park", "GPS_DATE": 1494374400000, "GPS_TIME": "01:04:35pm", "NORTHING": 530834.323, "EASTING": 941437.101, "COMMEMORATIVE": null, "ALIAS_ID": null, "OBJECTID": 3919, "OBSERVATI4": null}}, {"type": "Feature", "id": 7500, "geometry": {"type": "Point", "coordinates": [-80.13302603108887, 25.789909212763053]}, "properties": {"POINT_ID": 39201, "TREE_SPECI": "Cabbage Palm", "SCI_NAME": "Sabal palmetto", "DBH": 15, "MULTI_TRUN": "No", "CONDITION": "Good", "PRUNING": " ", "RISK_FACTO": "None", "OBSERVATIO": " ", "OBSERVATI2": " ", "OBSERVATI3": " ", "OVERHEAD_U": "No", "GROWING_SP": "Road/ROW", "GPS_DATE": 1502841600000, "GPS_TIME": "02:58:17pm", "NORTHING": 530270.344, "EASTING": 941436.745, "COMMEMORATIVE": null, "ALIAS_ID": null, "OBJECTID": 7500, "OBSERVATI4": null}}, {"type": "Feature", "id": 4168, "geometry": {"type": "Point", "coordinates": [-80.13351690192104, 25.790658646065424]}, "properties": {"POINT_ID": 35869, "TREE_SPECI": "Pygmy Date Palm", "SCI_NAME": "Phoenix roebelenii", "DBH": 5, "MULTI_TRUN": "No", "CONDITION": "Good", "PRUNING": " ", "RISK_FACTO": "None", "OBSERVATIO": "Discolored Foliage", "OBSERVATI2": " ", "OBSERVATI3": " ", "OVERHEAD_U": "No", "GROWING_SP": "Park", "GPS_DATE": 1494979200000, "GPS_TIME": "01:17:01pm", "NORTHING": 530541.678, "EASTING": 941273.429, "COMMEMORATIVE": null, "ALIAS_ID": null, "OBJECTID": 4168, "OBSERVATI4": null}}, {"type": "Feature", "id": 6976, "geometry": {"type": "Point", "coordinates": [-80.13706981152718, 25.781969817491486]}, "properties": {"POINT_ID": 38677, "TREE_SPECI": "Pink Tabebuia", "SCI_NAME": "Tabebuia heterophylla", "DBH": 10, "MULTI_TRUN": "No", "CONDITION": "Good", "PRUNING": " ", "RISK_FACTO": "None", "OBSERVATIO": "Defoliated - Minor", "OBSERVATI2": "Leaning - Minor", "OBSERVATI3": " ", "OVERHEAD_U": "No", "GROWING_SP": "Park", "GPS_DATE": 1502841600000, "GPS_TIME": "09:13:36am", "NORTHING": 527375.867, "EASTING": 940125.025, "COMMEMORATIVE": null, "ALIAS_ID": null, "OBJECTID": 6976, "OBSERVATI4": null}}, {"type": "Feature", "id": 3435, "geometry": {"type": "Point", "coordinates": [-80.13451889171344, 25.790520894240387]}, "properties": {"POINT_ID": 35136, "TREE_SPECI": "Cabbage Palm", "SCI_NAME": "Sabal palmetto", "DBH": 13, "MULTI_TRUN": "No", "CONDITION": "Good", "PRUNING": " ", "RISK_FACTO": "None", "OBSERVATIO": " ", "OBSERVATI2": " ", "OBSERVATI3": " ", "OVERHEAD_U": "No", "GROWING_SP": "Park", "GPS_DATE": 1494979200000, "GPS_TIME": "10:52:53am", "NORTHING": 530489.441, "EASTING": 940944.05, "COMMEMORATIVE": null, "ALIAS_ID": null, "OBJECTID": 3435, "OBSERVATI4": null}}, {"type": "Feature", "id": 30803, "geometry": {"type": "Point", "coordinates": [-80.1383078300319, 25.797527275412396]}, "properties": {"POINT_ID": 29865, "TREE_SPECI": "Pink Tabebuia", "SCI_NAME": null, "DBH": 4, "MULTI_TRUN": "No", "CONDITION": "Good", "PRUNING": "Crown Cleaning", "RISK_FACTO": "None", "OBSERVATIO": "Limb Damage - Minor", "OBSERVATI2": " ", "OBSERVATI3": " ", "OVERHEAD_U": "No", "GROWING_SP": "Golf Course", "GPS_DATE": 1460937600000, "GPS_TIME": "10:32:51am", "NORTHING": 533027.88, "EASTING": 939680.618, "COMMEMORATIVE": "N", "ALIAS_ID": null, "OBJECTID": 30803, "OBSERVATI4": null}}, {"type": "Feature", "id": 6922, "geometry": {"type": "Point", "coordinates": [-80.13781860187757, 25.783531629017087]}, "properties": {"POINT_ID": 38623, "TREE_SPECI": "Queen Palm", "SCI_NAME": "Syagrus romanzoffiana", "DBH": 8, "MULTI_TRUN": "No", "CONDITION": "Good", "PRUNING": " ", "RISK_FACTO": "None", "OBSERVATIO": " ", "OBSERVATI2": " ", "OBSERVATI3": " ", "OVERHEAD_U": "No", "GROWING_SP": "Park", "GPS_DATE": 1502841600000, "GPS_TIME": "08:27:09am", "NORTHING": 527941.926, "EASTING": 939874.899, "COMMEMORATIVE": null, "ALIAS_ID": null, "OBJECTID": 6922, "OBSERVATI4": null}}, {"type": "Feature", "id": 9753, "geometry": {"type": "Point", "coordinates": [-80.13225678865997, 25.77946765054019]}, "properties": {"POINT_ID": 41454, "TREE_SPECI": "Christmas Palm", "SCI_NAME": "Veitchia merrillii", "DBH": 3, "MULTI_TRUN": "No", "CONDITION": "Fair", "PRUNING": " ", "RISK_FACTO": "None", "OBSERVATIO": "Discolored Foliage", "OBSERVATI2": " ", "OBSERVATI3": " ", "OVERHEAD_U": "No", "GROWING_SP": "Road/ROW", "GPS_DATE": 1503964800000, "GPS_TIME": "09:27:32am", "NORTHING": 526476.808, "EASTING": 941714.873, "COMMEMORATIVE": null, "ALIAS_ID": null, "OBJECTID": 9753, "OBSERVATI4": null}}, {"type": "Feature", "id": 6999, "geometry": {"type": "Point", "coordinates": [-80.1371538431938, 25.78246280597614]}, "properties": {"POINT_ID": 38700, "TREE_SPECI": "Cabbage Palm", "SCI_NAME": "Sabal palmetto", "DBH": 14, "MULTI_TRUN": "No", "CONDITION": "Good", "PRUNING": " ", "RISK_FACTO": "None", "OBSERVATIO": " ", "OBSERVATI2": " ", "OBSERVATI3": " ", "OVERHEAD_U": "No", "GROWING_SP": "Park", "GPS_DATE": 1502841600000, "GPS_TIME": "09:33:27am", "NORTHING": 527554.873, "EASTING": 940096.198, "COMMEMORATIVE": null, "ALIAS_ID": null, "OBJECTID": 6999, "OBSERVATI4": null}}, {"type": "Feature", "id": 6993, "geometry": {"type": "Point", "coordinates": [-80.1371770826149, 25.78270343359653]}, "properties": {"POINT_ID": 38694, "TREE_SPECI": "Cabbage Palm", "SCI_NAME": "Sabal palmetto", "DBH": 15, "MULTI_TRUN": "No", "CONDITION": "Good", "PRUNING": " ", "RISK_FACTO": "None", "OBSERVATIO": " ", "OBSERVATI2": " ", "OBSERVATI3": " ", "OVERHEAD_U": "No", "GROWING_SP": "Park", "GPS_DATE": 1502841600000, "GPS_TIME": "09:30:55am", "NORTHING": 527642.284, "EASTING": 940087.977, "COMMEMORATIVE": null, "ALIAS_ID": null, "OBJECTID": 6993, "OBSERVATI4": null}}, {"type": "Feature", "id": 3750, "geometry": {"type": "Point", "coordinates": [-80.13424134807896, 25.79164756655621]}, "properties": {"POINT_ID": 35451, "TREE_SPECI": "Live Oak", "SCI_NAME": "Quercus virginiana", "DBH": 8, "MULTI_TRUN": "No", "CONDITION": "Good", "PRUNING": "Structure Pruning", "RISK_FACTO": "None", "OBSERVATIO": "Co-Dominant Leaders", "OBSERVATI2": " ", "OBSERVATI3": " ", "OVERHEAD_U": "No", "GROWING_SP": "Road/ROW", "GPS_DATE": 1494374400000, "GPS_TIME": "10:22:59am", "NORTHING": 530899.554, "EASTING": 941032.684, "COMMEMORATIVE": null, "ALIAS_ID": null, "OBJECTID": 3750, "OBSERVATI4": null}}, {"type": "Feature", "id": 30832, "geometry": {"type": "Point", "coordinates": [-80.1379395819975, 25.797752033660412]}, "properties": {"POINT_ID": 29894, "TREE_SPECI": "Pink Tabebuia", "SCI_NAME": null, "DBH": 4, "MULTI_TRUN": "No", "CONDITION": "Good", "PRUNING": " ", "RISK_FACTO": "None", "OBSERVATIO": " ", "OBSERVATI2": " ", "OBSERVATI3": " ", "OVERHEAD_U": "No", "GROWING_SP": "Golf Course", "GPS_DATE": 1460937600000, "GPS_TIME": "10:50:04am", "NORTHING": 533110.366, "EASTING": 939801.25, "COMMEMORATIVE": "N", "ALIAS_ID": null, "OBJECTID": 30832, "OBSERVATI4": null}}, {"type": "Feature", "id": 10434, "geometry": {"type": "Point", "coordinates": [-80.13008376455001, 25.780586032194996]}, "properties": {"POINT_ID": 42135, "TREE_SPECI": "Sea Grape", "SCI_NAME": "Coccoloba uvifera", "DBH": 14, "MULTI_TRUN": "No", "CONDITION": "Poor", "PRUNING": " ", "RISK_FACTO": "None", "OBSERVATIO": "Leaning - Moderate", "OBSERVATI2": "Trunk Damage - Major", "OBSERVATI3": "Decay Observed", "OVERHEAD_U": "No", "GROWING_SP": "Park", "GPS_DATE": 1503446400000, "GPS_TIME": "01:01:30pm", "NORTHING": 526888.024, "EASTING": 942427.298, "COMMEMORATIVE": null, "ALIAS_ID": null, "OBJECTID": 10434, "OBSERVATI4": null}}, {"type": "Feature", "id": 31041, "geometry": {"type": "Point", "coordinates": [-80.13693843985787, 25.79981712624244]}, "properties": {"POINT_ID": 30104, "TREE_SPECI": "Australian Pine", "SCI_NAME": null, "DBH": 46, "MULTI_TRUN": "No", "CONDITION": "Fair", "PRUNING": " ", "RISK_FACTO": "None", "OBSERVATIO": "Sprouting", "OBSERVATI2": "Galls", "OBSERVATI3": "Stubs", "OVERHEAD_U": "No", "GROWING_SP": "Golf Course", "GPS_DATE": 1461110400000, "GPS_TIME": "08:14:02am", "NORTHING": 533863.126, "EASTING": 940125.738, "COMMEMORATIVE": "N", "ALIAS_ID": null, "OBJECTID": 31041, "OBSERVATI4": null}}, {"type": "Feature", "id": 6807, "geometry": {"type": "Point", "coordinates": [-80.13819290086295, 25.78218239145003]}, "properties": {"POINT_ID": 38508, "TREE_SPECI": "Umbrella Tree", "SCI_NAME": "Schefflera actinophylla", "DBH": 4, "MULTI_TRUN": "No", "CONDITION": "Good", "PRUNING": " ", "RISK_FACTO": "None", "OBSERVATIO": " ", "OBSERVATI2": " ", "OBSERVATI3": " ", "OVERHEAD_U": "No", "GROWING_SP": "Park", "GPS_DATE": 1502236800000, "GPS_TIME": "01:14:47pm", "NORTHING": 527450.712, "EASTING": 939754.936, "COMMEMORATIVE": null, "ALIAS_ID": null, "OBJECTID": 6807, "OBSERVATI4": null}}, {"type": "Feature", "id": 3819, "geometry": {"type": "Point", "coordinates": [-80.13255782509289, 25.791996129226195]}, "properties": {"POINT_ID": 35520, "TREE_SPECI": "Montgomery Palm", "SCI_NAME": "Veitchia montgomeryana", "DBH": 8, "MULTI_TRUN": "No", "CONDITION": "Fair", "PRUNING": " ", "RISK_FACTO": "None", "OBSERVATIO": "Reduced Canopy - Moderate", "OBSERVATI2": " ", "OBSERVATI3": " ", "OVERHEAD_U": "No", "GROWING_SP": "Park", "GPS_DATE": 1494374400000, "GPS_TIME": "11:25:15am", "NORTHING": 531029.892, "EASTING": 941585.814, "COMMEMORATIVE": null, "ALIAS_ID": null, "OBJECTID": 3819, "OBSERVATI4": null}}, {"type": "Feature", "id": 3487, "geometry": {"type": "Point", "coordinates": [-80.13448397006002, 25.792892983331637]}, "properties": {"POINT_ID": 35188, "TREE_SPECI": "Pink Tabebuia", "SCI_NAME": "Tabebuia heterophylla", "DBH": 10, "MULTI_TRUN": "No", "CONDITION": "Fair", "PRUNING": "Clearance Pruning, Structure Pruning", "RISK_FACTO": "None", "OBSERVATIO": "Co-Dominant Leaders", "OBSERVATI2": "Adjacent Light Pole", "OBSERVATI3": "Reduced Canopy - Minor", "OVERHEAD_U": "Yes", "GROWING_SP": "Government", "GPS_DATE": 1495497600000, "GPS_TIME": "01:17:03pm", "NORTHING": 531351.702, "EASTING": 940949.874, "COMMEMORATIVE": null, "ALIAS_ID": null, "OBJECTID": 3487, "OBSERVATI4": null}}, {"type": "Feature", "id": 6172, "geometry": {"type": "Point", "coordinates": [-80.14128615598773, 25.788385318688164]}, "properties": {"POINT_ID": 37873, "TREE_SPECI": "Montgomery Palm", "SCI_NAME": "Veitchia montgomeryana", "DBH": 6, "MULTI_TRUN": "No", "CONDITION": "Good", "PRUNING": " ", "RISK_FACTO": "None", "OBSERVATIO": " ", "OBSERVATI2": " ", "OBSERVATI3": " ", "OVERHEAD_U": "No", "GROWING_SP": "Road/ROW", "GPS_DATE": 1501718400000, "GPS_TIME": "08:57:51am", "NORTHING": 529698.643, "EASTING": 938722.318, "COMMEMORATIVE": null, "ALIAS_ID": null, "OBJECTID": 6172, "OBSERVATI4": null}}, {"type": "Feature", "id": 4483, "geometry": {"type": "Point", "coordinates": [-80.1271615641207, 25.800006634563992]}, "properties": {"POINT_ID": 36184, "TREE_SPECI": "Coconut Palm", "SCI_NAME": "Cocos nucifera", "DBH": 11, "MULTI_TRUN": "No", "CONDITION": "Fair", "PRUNING": " ", "RISK_FACTO": "None", "OBSERVATIO": "Discolored Foliage", "OBSERVATI2": " ", "OBSERVATI3": " ", "OVERHEAD_U": "No", "GROWING_SP": "Road/ROW", "GPS_DATE": 1496707200000, "GPS_TIME": "01:36:16pm", "NORTHING": 533953.218, "EASTING": 943342.151, "COMMEMORATIVE": null, "ALIAS_ID": null, "OBJECTID": 4483, "OBSERVATI4": null}}, {"type": "Feature", "id": 7139, "geometry": {"type": "Point", "coordinates": [-80.13804441294388, 25.784455706466336]}, "properties": {"POINT_ID": 38840, "TREE_SPECI": "Mahogany", "SCI_NAME": "Swietenia mahagoni", "DBH": 22, "MULTI_TRUN": "No", "CONDITION": "Fair", "PRUNING": " ", "RISK_FACTO": "None", "OBSERVATIO": "Constricted Roots", "OBSERVATI2": "Co-Dominant Leaders", "OBSERVATI3": "Trunk Damage - Minor", "OVERHEAD_U": "No", "GROWING_SP": "Park", "GPS_DATE": 1502841600000, "GPS_TIME": "11:48:27am", "NORTHING": 528277.314, "EASTING": 939798.392, "COMMEMORATIVE": null, "ALIAS_ID": null, "OBJECTID": 7139, "OBSERVATI4": null}}, {"type": "Feature", "id": 10457, "geometry": {"type": "Point", "coordinates": [-80.13059564028966, 25.78019909521145]}, "properties": {"POINT_ID": 42158, "TREE_SPECI": "Cabbage Palm", "SCI_NAME": "Sabal palmetto", "DBH": 16, "MULTI_TRUN": "No", "CONDITION": "Good", "PRUNING": " ", "RISK_FACTO": "None", "OBSERVATIO": " ", "OBSERVATI2": " ", "OBSERVATI3": " ", "OVERHEAD_U": "No", "GROWING_SP": "Park", "GPS_DATE": 1503446400000, "GPS_TIME": "01:14:18pm", "NORTHING": 526746.271, "EASTING": 942259.777, "COMMEMORATIVE": null, "ALIAS_ID": null, "OBJECTID": 10457, "OBSERVATI4": null}}, {"type": "Feature", "id": 30855, "geometry": {"type": "Point", "coordinates": [-80.13786613103262, 25.798808724364477]}, "properties": {"POINT_ID": 29918, "TREE_SPECI": "Senegal Date Palm", "SCI_NAME": null, "DBH": 3, "MULTI_TRUN": "No", "CONDITION": "Good", "PRUNING": " ", "RISK_FACTO": "None", "OBSERVATIO": " ", "OBSERVATI2": " ", "OBSERVATI3": " ", "OVERHEAD_U": "No", "GROWING_SP": "Golf Course", "GPS_DATE": 1460937600000, "GPS_TIME": "11:18:01am", "NORTHING": 533494.601, "EASTING": 939822.902, "COMMEMORATIVE": "N", "ALIAS_ID": null, "OBJECTID": 30855, "OBSERVATI4": null}}, {"type": "Feature", "id": 10062, "geometry": {"type": "Point", "coordinates": [-80.13498035477357, 25.77808855370295]}, "properties": {"POINT_ID": 41763, "TREE_SPECI": "Brazilian Beauty Leaf", "SCI_NAME": "Calophyllum brasiliense", "DBH": 4, "MULTI_TRUN": "No", "CONDITION": "Fair", "PRUNING": " ", "RISK_FACTO": "None", "OBSERVATIO": "Constricted Roots", "OBSERVATI2": " ", "OBSERVATI3": " ", "OVERHEAD_U": "No", "GROWING_SP": "Road/ROW", "GPS_DATE": 1504051200000, "GPS_TIME": "09:09:15am", "NORTHING": 525969.653, "EASTING": 940821.881, "COMMEMORATIVE": null, "ALIAS_ID": null, "OBJECTID": 10062, "OBSERVATI4": null}}, {"type": "Feature", "id": 4460, "geometry": {"type": "Point", "coordinates": [-80.12601169931166, 25.79854437217439]}, "properties": {"POINT_ID": 36161, "TREE_SPECI": "Cabbage Palm", "SCI_NAME": "Sabal palmetto", "DBH": 9, "MULTI_TRUN": "No", "CONDITION": "Poor", "PRUNING": " ", "RISK_FACTO": "None", "OBSERVATIO": "Discolored Foliage", "OBSERVATI2": " ", "OBSERVATI3": " ", "OVERHEAD_U": "No", "GROWING_SP": "Park", "GPS_DATE": 1496707200000, "GPS_TIME": "11:55:44am", "NORTHING": 533424.237, "EASTING": 943724.018, "COMMEMORATIVE": null, "ALIAS_ID": null, "OBJECTID": 4460, "OBSERVATI4": null}}, {"type": "Feature", "id": 3796, "geometry": {"type": "Point", "coordinates": [-80.13277793774556, 25.79209779545472]}, "properties": {"POINT_ID": 35497, "TREE_SPECI": "Arecina Palm", "SCI_NAME": "Veitchia arecina", "DBH": 6, "MULTI_TRUN": "No", "CONDITION": "Good", "PRUNING": " ", "RISK_FACTO": "None", "OBSERVATIO": " ", "OBSERVATI2": " ", "OBSERVATI3": " ", "OVERHEAD_U": "No", "GROWING_SP": "Park", "GPS_DATE": 1494374400000, "GPS_TIME": "11:17:25am", "NORTHING": 531066.368, "EASTING": 941513.143, "COMMEMORATIVE": null, "ALIAS_ID": null, "OBJECTID": 3796, "OBSERVATI4": null}}, {"type": "Feature", "id": 3464, "geometry": {"type": "Point", "coordinates": [-80.13470494971578, 25.792369122604818]}, "properties": {"POINT_ID": 35165, "TREE_SPECI": "Senegal Date Palm", "SCI_NAME": "Phoenix reclinata", "DBH": 26, "MULTI_TRUN": "Yes", "CONDITION": "Good", "PRUNING": "Clearance Pruning", "RISK_FACTO": "None", "OBSERVATIO": "Discolored Foliage", "OBSERVATI2": "Adjacent Light Pole", "OBSERVATI3": " ", "OVERHEAD_U": "Yes", "GROWING_SP": "Government", "GPS_DATE": 1495497600000, "GPS_TIME": "12:51:01pm", "NORTHING": 531160.816, "EASTING": 940878.412, "COMMEMORATIVE": null, "ALIAS_ID": null, "OBJECTID": 3464, "OBSERVATI4": null}}, {"type": "Feature", "id": 4855, "geometry": {"type": "Point", "coordinates": [-80.12927181457016, 25.796908414991364]}, "properties": {"POINT_ID": 36556, "TREE_SPECI": "Washingtonia Palm", "SCI_NAME": "Washingtonia robusta", "DBH": 8, "MULTI_TRUN": "No", "CONDITION": "Good", "PRUNING": " ", "RISK_FACTO": "None", "OBSERVATIO": " ", "OBSERVATI2": " ", "OBSERVATI3": " ", "OVERHEAD_U": "No", "GROWING_SP": "Park", "GPS_DATE": 1499299200000, "GPS_TIME": "11:53:50am", "NORTHING": 532822.504, "EASTING": 942655.268, "COMMEMORATIVE": null, "ALIAS_ID": null, "OBJECTID": 4855, "OBSERVATI4": null}}, {"type": "Feature", "id": 4738, "geometry": {"type": "Point", "coordinates": [-80.12929429244365, 25.797495371853312]}, "properties": {"POINT_ID": 36439, "TREE_SPECI": "Kapok", "SCI_NAME": "Ceiba pentandra", "DBH": 14, "MULTI_TRUN": "No", "CONDITION": "Fair", "PRUNING": " ", "RISK_FACTO": "None", "OBSERVATIO": "Circling Roots", "OBSERVATI2": " ", "OBSERVATI3": " ", "OVERHEAD_U": "No", "GROWING_SP": "Park", "GPS_DATE": 1499299200000, "GPS_TIME": "09:46:57am", "NORTHING": 533035.797, "EASTING": 942646.461, "COMMEMORATIVE": null, "ALIAS_ID": null, "OBJECTID": 4738, "OBSERVATI4": null}}, {"type": "Feature", "id": 6736, "geometry": {"type": "Point", "coordinates": [-80.14021028253164, 25.781875954248456]}, "properties": {"POINT_ID": 38437, "TREE_SPECI": "Silver Buttonwood", "SCI_NAME": "Conocarpus erectus var. sericeus", "DBH": 18, "MULTI_TRUN": "No", "CONDITION": "Good", "PRUNING": " ", "RISK_FACTO": "None", "OBSERVATIO": "Co-Dominant Leaders", "OBSERVATI2": " ", "OBSERVATI3": " ", "OVERHEAD_U": "No", "GROWING_SP": "Park", "GPS_DATE": 1502236800000, "GPS_TIME": "12:14:43pm", "NORTHING": 527334.993, "EASTING": 939091.789, "COMMEMORATIVE": null, "ALIAS_ID": null, "OBJECTID": 6736, "OBSERVATI4": null}}, {"type": "Feature", "id": 9724, "geometry": {"type": "Point", "coordinates": [-80.13226719566323, 25.78048635627587]}, "properties": {"POINT_ID": 41425, "TREE_SPECI": "Washingtonia Palm", "SCI_NAME": "Washingtonia robusta", "DBH": 18, "MULTI_TRUN": "No", "CONDITION": "Good", "PRUNING": "Clearance Pruning", "RISK_FACTO": "None", "OBSERVATIO": "Utility Lines - Conflict", "OBSERVATI2": "Leaning - Moderate", "OBSERVATI3": " ", "OVERHEAD_U": "No", "GROWING_SP": "Road/ROW", "GPS_DATE": 1503964800000, "GPS_TIME": "09:04:35am", "NORTHING": 526847.055, "EASTING": 941709.01, "COMMEMORATIVE": null, "ALIAS_ID": null, "OBJECTID": 9724, "OBSERVATI4": null}}, {"type": "Feature", "id": 7185, "geometry": {"type": "Point", "coordinates": [-80.13801929876925, 25.78506762051437]}, "properties": {"POINT_ID": 38886, "TREE_SPECI": "Pink Tabebuia", "SCI_NAME": "Tabebuia heterophylla", "DBH": 10, "MULTI_TRUN": "No", "CONDITION": "Good", "PRUNING": " ", "RISK_FACTO": "None", "OBSERVATIO": "Co-Dominant Leaders", "OBSERVATI2": " ", "OBSERVATI3": " ", "OVERHEAD_U": "No", "GROWING_SP": "Park", "GPS_DATE": 1502841600000, "GPS_TIME": "12:32:39pm", "NORTHING": 528499.781, "EASTING": 939805.201, "COMMEMORATIVE": null, "ALIAS_ID": null, "OBJECTID": 7185, "OBSERVATI4": null}}, {"type": "Feature", "id": 3859, "geometry": {"type": "Point", "coordinates": [-80.13298598232518, 25.7916982846174]}, "properties": {"POINT_ID": 35560, "TREE_SPECI": "Montgomery Palm", "SCI_NAME": "Veitchia montgomeryana", "DBH": 8, "MULTI_TRUN": "No", "CONDITION": "Good", "PRUNING": " ", "RISK_FACTO": "None", "OBSERVATIO": " ", "OBSERVATI2": " ", "OBSERVATI3": " ", "OVERHEAD_U": "No", "GROWING_SP": "Park", "GPS_DATE": 1494374400000, "GPS_TIME": "11:38:56am", "NORTHING": 530920.706, "EASTING": 941445.642, "COMMEMORATIVE": null, "ALIAS_ID": null, "OBJECTID": 3859, "OBSERVATI4": null}}, {"type": "Feature", "id": 7062, "geometry": {"type": "Point", "coordinates": [-80.13688923653571, 25.783117570235326]}, "properties": {"POINT_ID": 38763, "TREE_SPECI": "Cabbage Palm", "SCI_NAME": "Sabal palmetto", "DBH": 14, "MULTI_TRUN": "No", "CONDITION": "Good", "PRUNING": " ", "RISK_FACTO": "None", "OBSERVATIO": " ", "OBSERVATI2": " ", "OBSERVATI3": " ", "OVERHEAD_U": "No", "GROWING_SP": "Park", "GPS_DATE": 1502841600000, "GPS_TIME": "10:01:51am", "NORTHING": 527793.431, "EASTING": 940181.714, "COMMEMORATIVE": null, "ALIAS_ID": null, "OBJECTID": 7062, "OBSERVATI4": null}}, {"type": "Feature", "id": 6189, "geometry": {"type": "Point", "coordinates": [-80.13876182068734, 25.786907147973842]}, "properties": {"POINT_ID": 37890, "TREE_SPECI": "Royal Palm", "SCI_NAME": "Roystonea elata", "DBH": 14, "MULTI_TRUN": "No", "CONDITION": "Good", "PRUNING": " ", "RISK_FACTO": "None", "OBSERVATIO": " ", "OBSERVATI2": " ", "OBSERVATI3": " ", "OVERHEAD_U": "No", "GROWING_SP": "Road/ROW", "GPS_DATE": 1501718400000, "GPS_TIME": "10:01:39am", "NORTHING": 529166.796, "EASTING": 939556.488, "COMMEMORATIVE": null, "ALIAS_ID": null, "OBJECTID": 6189, "OBSERVATI4": null}}, {"type": "Feature", "id": 6859, "geometry": {"type": "Point", "coordinates": [-80.13826537621041, 25.78265193340699]}, "properties": {"POINT_ID": 38560, "TREE_SPECI": "Coconut Palm", "SCI_NAME": "Cocos nucifera", "DBH": 10, "MULTI_TRUN": "No", "CONDITION": "Good", "PRUNING": " ", "RISK_FACTO": "None", "OBSERVATIO": " ", "OBSERVATI2": " ", "OBSERVATI3": " ", "OVERHEAD_U": "No", "GROWING_SP": "Park", "GPS_DATE": 1502236800000, "GPS_TIME": "01:50:35pm", "NORTHING": 527621.22, "EASTING": 939729.969, "COMMEMORATIVE": null, "ALIAS_ID": null, "OBJECTID": 6859, "OBSERVATI4": null}}, {"type": "Feature", "id": 7400, "geometry": {"type": "Point", "coordinates": [-80.13850616306254, 25.78582980437031]}, "properties": {"POINT_ID": 39101, "TREE_SPECI": "Brazilian Beauty Leaf", "SCI_NAME": "Calophyllum brasiliense", "DBH": 12, "MULTI_TRUN": "No", "CONDITION": "Fair", "PRUNING": " ", "RISK_FACTO": "None", "OBSERVATIO": "Hat Racked", "OBSERVATI2": "Constricted Roots", "OBSERVATI3": "Lopsided Canopy", "OVERHEAD_U": "No", "GROWING_SP": "Park", "GPS_DATE": 1502928000000, "GPS_TIME": "09:27:48am", "NORTHING": 528775.764, "EASTING": 939643.177, "COMMEMORATIVE": null, "ALIAS_ID": null, "OBJECTID": 7400, "OBSERVATI4": null}}, {"type": "Feature", "id": 10388, "geometry": {"type": "Point", "coordinates": [-80.12962935684165, 25.78144535222588]}, "properties": {"POINT_ID": 42089, "TREE_SPECI": "Coconut Palm", "SCI_NAME": "Cocos nucifera", "DBH": 10, "MULTI_TRUN": "No", "CONDITION": "Fair", "PRUNING": " ", "RISK_FACTO": "None", "OBSERVATIO": "Discolored Foliage", "OBSERVATI2": " ", "OBSERVATI3": " ", "OVERHEAD_U": "No", "GROWING_SP": "Park", "GPS_DATE": 1503446400000, "GPS_TIME": "12:40:18pm", "NORTHING": 527201.349, "EASTING": 942574.771, "COMMEMORATIVE": null, "ALIAS_ID": null, "OBJECTID": 10388, "OBSERVATI4": null}}, {"type": "Feature", "id": 30872, "geometry": {"type": "Point", "coordinates": [-80.13780282755562, 25.799484051279634]}, "properties": {"POINT_ID": 29935, "TREE_SPECI": "Gumbo Limbo", "SCI_NAME": null, "DBH": 18, "MULTI_TRUN": "No", "CONDITION": "Poor", "PRUNING": "Crown Cleaning", "RISK_FACTO": "None", "OBSERVATIO": "Limb Damage - Minor", "OBSERVATI2": "Defoliated - Moderate", "OBSERVATI3": "Leaning - Minor", "OVERHEAD_U": "No", "GROWING_SP": "Golf Course", "GPS_DATE": 1460937600000, "GPS_TIME": "12:19:17pm", "NORTHING": 533740.199, "EASTING": 939842.123, "COMMEMORATIVE": "N", "ALIAS_ID": null, "OBJECTID": 30872, "OBSERVATI4": null}}, {"type": "Feature", "id": 7068, "geometry": {"type": "Point", "coordinates": [-80.13722950846311, 25.78310314788358]}, "properties": {"POINT_ID": 38769, "TREE_SPECI": "Cabbage Palm", "SCI_NAME": "Sabal palmetto", "DBH": 15, "MULTI_TRUN": "No", "CONDITION": "Good", "PRUNING": " ", "RISK_FACTO": "None", "OBSERVATIO": " ", "OBSERVATI2": " ", "OBSERVATI3": " ", "OVERHEAD_U": "No", "GROWING_SP": "Park", "GPS_DATE": 1502841600000, "GPS_TIME": "10:04:00am", "NORTHING": 527787.455, "EASTING": 940069.774, "COMMEMORATIVE": null, "ALIAS_ID": null, "OBJECTID": 7068, "OBSERVATI4": null}}, {"type": "Feature", "id": 4197, "geometry": {"type": "Point", "coordinates": [-80.13322504251805, 25.790667774893393]}, "properties": {"POINT_ID": 35898, "TREE_SPECI": "Triangle Palm", "SCI_NAME": "Dypsis decaryi", "DBH": 15, "MULTI_TRUN": "No", "CONDITION": "Good", "PRUNING": " ", "RISK_FACTO": "None", "OBSERVATIO": " ", "OBSERVATI2": " ", "OBSERVATI3": " ", "OVERHEAD_U": "No", "GROWING_SP": "Park", "GPS_DATE": 1494979200000, "GPS_TIME": "01:28:37pm", "NORTHING": 530545.628, "EASTING": 941369.445, "COMMEMORATIVE": null, "ALIAS_ID": null, "OBJECTID": 4197, "OBSERVATI4": null}}, {"type": "Feature", "id": 3865, "geometry": {"type": "Point", "coordinates": [-80.1328722514103, 25.791745474495094]}, "properties": {"POINT_ID": 35566, "TREE_SPECI": "Montgomery Palm", "SCI_NAME": "Veitchia montgomeryana", "DBH": 7, "MULTI_TRUN": "No", "CONDITION": "Fair", "PRUNING": " ", "RISK_FACTO": "None", "OBSERVATIO": "Discolored Foliage", "OBSERVATI2": " ", "OBSERVATI3": " ", "OVERHEAD_U": "No", "GROWING_SP": "Park", "GPS_DATE": 1494374400000, "GPS_TIME": "11:44:12am", "NORTHING": 530938.105, "EASTING": 941482.952, "COMMEMORATIVE": null, "ALIAS_ID": null, "OBJECTID": 3865, "OBSERVATI4": null}}, {"type": "Feature", "id": 10394, "geometry": {"type": "Point", "coordinates": [-80.12980094656908, 25.78141398017597]}, "properties": {"POINT_ID": 42095, "TREE_SPECI": "Coconut Palm", "SCI_NAME": "Cocos nucifera", "DBH": 9, "MULTI_TRUN": "No", "CONDITION": "Fair", "PRUNING": " ", "RISK_FACTO": "None", "OBSERVATIO": "Discolored Foliage", "OBSERVATI2": " ", "OBSERVATI3": " ", "OVERHEAD_U": "No", "GROWING_SP": "Park", "GPS_DATE": 1503446400000, "GPS_TIME": "12:42:06pm", "NORTHING": 527189.573, "EASTING": 942518.38, "COMMEMORATIVE": null, "ALIAS_ID": null, "OBJECTID": 10394, "OBSERVATI4": null}}, {"type": "Feature", "id": 10511, "geometry": {"type": "Point", "coordinates": [-80.13019976582092, 25.77995744543741]}, "properties": {"POINT_ID": 42212, "TREE_SPECI": "Sea Grape", "SCI_NAME": "Coccoloba uvifera", "DBH": 36, "MULTI_TRUN": "Yes", "CONDITION": "Good", "PRUNING": " ", "RISK_FACTO": "None", "OBSERVATIO": "Cluster", "OBSERVATI2": " ", "OBSERVATI3": " ", "OVERHEAD_U": "No", "GROWING_SP": "Park", "GPS_DATE": 1503446400000, "GPS_TIME": "01:36:41pm", "NORTHING": 526659.299, "EASTING": 942390.633, "COMMEMORATIVE": null, "ALIAS_ID": null, "OBJECTID": 10511, "OBSERVATI4": null}}, {"type": "Feature", "id": 10720, "geometry": {"type": "Point", "coordinates": [-80.13100091930076, 25.77723435483094]}, "properties": {"POINT_ID": 42421, "TREE_SPECI": "Coconut Palm", "SCI_NAME": "Cocos nucifera", "DBH": 11, "MULTI_TRUN": "No", "CONDITION": "Good", "PRUNING": " ", "RISK_FACTO": "None", "OBSERVATIO": " ", "OBSERVATI2": " ", "OBSERVATI3": " ", "OVERHEAD_U": "No", "GROWING_SP": "Park", "GPS_DATE": 1503446400000, "GPS_TIME": "03:06:28pm", "NORTHING": 525667.795, "EASTING": 942133.515, "COMMEMORATIVE": null, "ALIAS_ID": null, "OBJECTID": 10720, "OBSERVATI4": null}}, {"type": "Feature", "id": 6853, "geometry": {"type": "Point", "coordinates": [-80.13823319074801, 25.78266487348544]}, "properties": {"POINT_ID": 38554, "TREE_SPECI": "Washingtonia Palm", "SCI_NAME": "Washingtonia robusta", "DBH": 10, "MULTI_TRUN": "No", "CONDITION": "Good", "PRUNING": " ", "RISK_FACTO": "None", "OBSERVATIO": " ", "OBSERVATI2": " ", "OBSERVATI3": " ", "OVERHEAD_U": "No", "GROWING_SP": "Park", "GPS_DATE": 1502236800000, "GPS_TIME": "01:47:50pm", "NORTHING": 527625.993, "EASTING": 939740.53, "COMMEMORATIVE": null, "ALIAS_ID": null, "OBJECTID": 6853, "OBSERVATI4": null}}, {"type": "Feature", "id": 5525, "geometry": {"type": "Point", "coordinates": [-80.13081374226368, 25.792981430837386]}, "properties": {"POINT_ID": 37226, "TREE_SPECI": "Vera Wood", "SCI_NAME": "Bulnesia arboria", "DBH": 2, "MULTI_TRUN": "No", "CONDITION": "Fair", "PRUNING": "Structure Pruning", "RISK_FACTO": "None", "OBSERVATIO": "Lopsided Canopy", "OBSERVATI2": " ", "OBSERVATI3": " ", "OVERHEAD_U": "No", "GROWING_SP": "Road/ROW", "GPS_DATE": 1502841600000, "GPS_TIME": "09:18:27am", "NORTHING": 531391.805, "EASTING": 942157.341, "COMMEMORATIVE": null, "ALIAS_ID": null, "OBJECTID": 5525, "OBSERVATI4": null}}, {"type": "Feature", "id": 4861, "geometry": {"type": "Point", "coordinates": [-80.12926763052226, 25.796955935508652]}, "properties": {"POINT_ID": 36562, "TREE_SPECI": "Washingtonia Palm", "SCI_NAME": "Washingtonia robusta", "DBH": 11, "MULTI_TRUN": "No", "CONDITION": "Good", "PRUNING": " ", "RISK_FACTO": "None", "OBSERVATIO": " ", "OBSERVATI2": " ", "OBSERVATI3": " ", "OVERHEAD_U": "No", "GROWING_SP": "Park", "GPS_DATE": 1499299200000, "GPS_TIME": "11:55:16am", "NORTHING": 532839.786, "EASTING": 942656.531, "COMMEMORATIVE": null, "ALIAS_ID": null, "OBJECTID": 4861, "OBSERVATI4": null}}, {"type": "Feature", "id": 4529, "geometry": {"type": "Point", "coordinates": [-80.1292512786237, 25.798690199082124]}, "properties": {"POINT_ID": 36230, "TREE_SPECI": "Coconut Palm", "SCI_NAME": "Cocos nucifera", "DBH": 9, "MULTI_TRUN": "No", "CONDITION": "Good", "PRUNING": " ", "RISK_FACTO": "None", "OBSERVATIO": " ", "OBSERVATI2": " ", "OBSERVATI3": " ", "OVERHEAD_U": "No", "GROWING_SP": "Road/ROW", "GPS_DATE": 1496707200000, "GPS_TIME": "02:42:06pm", "NORTHING": 533470.177, "EASTING": 942657.742, "COMMEMORATIVE": null, "ALIAS_ID": null, "OBJECTID": 4529, "OBSERVATI4": null}}, {"type": "Feature", "id": 10056, "geometry": {"type": "Point", "coordinates": [-80.13494508865857, 25.777391215085764]}, "properties": {"POINT_ID": 41757, "TREE_SPECI": "Pigeon Plum", "SCI_NAME": "Coccoloba diversifolia", "DBH": 5, "MULTI_TRUN": "No", "CONDITION": "Fair", "PRUNING": " ", "RISK_FACTO": "None", "OBSERVATIO": "Insect Damage Leaves", "OBSERVATI2": "Insect Damage Leaves", "OBSERVATI3": " ", "OVERHEAD_U": "No", "GROWING_SP": "Road/ROW", "GPS_DATE": 1504051200000, "GPS_TIME": "09:04:51am", "NORTHING": 525716.267, "EASTING": 940835.151, "COMMEMORATIVE": null, "ALIAS_ID": null, "OBJECTID": 10056, "OBSERVATI4": null}}, {"type": "Feature", "id": 7855, "geometry": {"type": "Point", "coordinates": [-80.13175858697653, 25.78676127262523]}, "properties": {"POINT_ID": 39556, "TREE_SPECI": "Coconut Palm", "SCI_NAME": "Cocos nucifera", "DBH": 8, "MULTI_TRUN": "No", "CONDITION": "Good", "PRUNING": " ", "RISK_FACTO": "None", "OBSERVATIO": " ", "OBSERVATI2": " ", "OBSERVATI3": " ", "OVERHEAD_U": "No", "GROWING_SP": "Road/ROW", "GPS_DATE": 1503360000000, "GPS_TIME": "08:33:44am", "NORTHING": 529128.907, "EASTING": 941861.349, "COMMEMORATIVE": null, "ALIAS_ID": null, "OBJECTID": 7855, "OBSERVATI4": null}}, {"type": "Feature", "id": 10411, "geometry": {"type": "Point", "coordinates": [-80.12988753144415, 25.780940530644607]}, "properties": {"POINT_ID": 42112, "TREE_SPECI": "Coconut Palm", "SCI_NAME": "Cocos nucifera", "DBH": 12, "MULTI_TRUN": "No", "CONDITION": "Fair", "PRUNING": " ", "RISK_FACTO": "None", "OBSERVATIO": "Discolored Foliage", "OBSERVATI2": " ", "OBSERVATI3": " ", "OVERHEAD_U": "No", "GROWING_SP": "Park", "GPS_DATE": 1503446400000, "GPS_TIME": "12:52:33pm", "NORTHING": 527017.3, "EASTING": 942491.023, "COMMEMORATIVE": null, "ALIAS_ID": null, "OBJECTID": 10411, "OBSERVATI4": null}}, {"type": "Feature", "id": 7394, "geometry": {"type": "Point", "coordinates": [-80.13717163731637, 25.78650006622884]}, "properties": {"POINT_ID": 39095, "TREE_SPECI": "Podocarpus", "SCI_NAME": "Podocarpus macrophyllus", "DBH": 10, "MULTI_TRUN": "No", "CONDITION": "Good", "PRUNING": " ", "RISK_FACTO": "None", "OBSERVATIO": "Co-Dominant Leaders", "OBSERVATI2": " ", "OBSERVATI3": " ", "OVERHEAD_U": "No", "GROWING_SP": "Park", "GPS_DATE": 1502928000000, "GPS_TIME": "09:17:08am", "NORTHING": 529022.259, "EASTING": 940080.729, "COMMEMORATIVE": null, "ALIAS_ID": null, "OBJECTID": 7394, "OBSERVATI4": null}}, {"type": "Feature", "id": 9747, "geometry": {"type": "Point", "coordinates": [-80.13179151557227, 25.780477143142164]}, "properties": {"POINT_ID": 41448, "TREE_SPECI": "Sylvester Date Palm", "SCI_NAME": "Phoenix sylvestris", "DBH": 12, "MULTI_TRUN": "No", "CONDITION": "Good", "PRUNING": " ", "RISK_FACTO": "None", "OBSERVATIO": " ", "OBSERVATI2": " ", "OBSERVATI3": " ", "OVERHEAD_U": "No", "GROWING_SP": "Road/ROW", "GPS_DATE": 1503964800000, "GPS_TIME": "09:22:19am", "NORTHING": 526844.738, "EASTING": 941865.569, "COMMEMORATIVE": null, "ALIAS_ID": null, "OBJECTID": 9747, "OBSERVATI4": null}}, {"type": "Feature", "id": 7423, "geometry": {"type": "Point", "coordinates": [-80.13776134115594, 25.786483919517803]}, "properties": {"POINT_ID": 39124, "TREE_SPECI": "MacArthur Palm", "SCI_NAME": "Ptychosperma macarthurii", "DBH": 3, "MULTI_TRUN": "No", "CONDITION": "Good", "PRUNING": " ", "RISK_FACTO": "None", "OBSERVATIO": " ", "OBSERVATI2": " ", "OBSERVATI3": " ", "OVERHEAD_U": "No", "GROWING_SP": "Park", "GPS_DATE": 1502928000000, "GPS_TIME": "09:48:03am", "NORTHING": 529015.12, "EASTING": 939886.717, "COMMEMORATIVE": null, "ALIAS_ID": null, "OBJECTID": 7423, "OBSERVATI4": null}}, {"type": "Feature", "id": 3913, "geometry": {"type": "Point", "coordinates": [-80.13302766592213, 25.791530140274865]}, "properties": {"POINT_ID": 35614, "TREE_SPECI": "Montgomery Palm", "SCI_NAME": "Veitchia montgomeryana", "DBH": 8, "MULTI_TRUN": "No", "CONDITION": "Fair", "PRUNING": " ", "RISK_FACTO": "None", "OBSERVATIO": "Discolored Foliage", "OBSERVATI2": " ", "OBSERVATI3": " ", "OVERHEAD_U": "No", "GROWING_SP": "Park", "GPS_DATE": 1494374400000, "GPS_TIME": "01:03:00pm", "NORTHING": 530859.5, "EASTING": 941432.328, "COMMEMORATIVE": null, "ALIAS_ID": null, "OBJECTID": 3913, "OBSERVATI4": null}}, {"type": "Feature", "id": 6066, "geometry": {"type": "Point", "coordinates": [-80.14002708985574, 25.790076346311498]}, "properties": {"POINT_ID": 37767, "TREE_SPECI": "Coconut Palm", "SCI_NAME": "Cocos nucifera", "DBH": 10, "MULTI_TRUN": "No", "CONDITION": "Good", "PRUNING": " ", "RISK_FACTO": "None", "OBSERVATIO": "Vine Cover - Heavy", "OBSERVATI2": " ", "OBSERVATI3": " ", "OVERHEAD_U": "No", "GROWING_SP": "Road/ROW", "GPS_DATE": 1501632000000, "GPS_TIME": "12:54:54pm", "NORTHING": 530315.986, "EASTING": 939132.612, "COMMEMORATIVE": null, "ALIAS_ID": null, "OBJECTID": 6066, "OBSERVATI4": null}}, {"type": "Feature", "id": 3842, "geometry": {"type": "Point", "coordinates": [-80.13237902427085, 25.79196566829785]}, "properties": {"POINT_ID": 35543, "TREE_SPECI": "Montgomery Palm", "SCI_NAME": "Veitchia montgomeryana", "DBH": 15, "MULTI_TRUN": "Yes", "CONDITION": "Good", "PRUNING": " ", "RISK_FACTO": "None", "OBSERVATIO": " ", "OBSERVATI2": " ", "OBSERVATI3": " ", "OVERHEAD_U": "No", "GROWING_SP": "Park", "GPS_DATE": 1494374400000, "GPS_TIME": "11:32:21am", "NORTHING": 531019.208, "EASTING": 941644.722, "COMMEMORATIVE": null, "ALIAS_ID": null, "OBJECTID": 3842, "OBSERVATI4": null}}, {"type": "Feature", "id": 3510, "geometry": {"type": "Point", "coordinates": [-80.13410663955086, 25.792763592487372]}, "properties": {"POINT_ID": 35211, "TREE_SPECI": "Coccothrinax sp.", "SCI_NAME": "Coccothrinax sp.", "DBH": 4, "MULTI_TRUN": "No", "CONDITION": "Poor", "PRUNING": " ", "RISK_FACTO": "None", "OBSERVATIO": "Discolored Foliage", "OBSERVATI2": "Frizzled Fronds", "OBSERVATI3": " ", "OVERHEAD_U": "No", "GROWING_SP": "Government", "GPS_DATE": 1495497600000, "GPS_TIME": "01:37:20pm", "NORTHING": 531305.488, "EASTING": 941074.343, "COMMEMORATIVE": null, "ALIAS_ID": null, "OBJECTID": 3510, "OBSERVATI4": null}}, {"type": "Feature", "id": 4560, "geometry": {"type": "Point", "coordinates": [-80.13044097590382, 25.798348978094406]}, "properties": {"POINT_ID": 36261, "TREE_SPECI": "Cabbage Palm", "SCI_NAME": "Sabal palmetto", "DBH": 15, "MULTI_TRUN": "No", "CONDITION": "Good", "PRUNING": " ", "RISK_FACTO": "None", "OBSERVATIO": " ", "OBSERVATI2": " ", "OBSERVATI3": " ", "OVERHEAD_U": "No", "GROWING_SP": "Road/ROW", "GPS_DATE": 1496707200000, "GPS_TIME": "03:17:25pm", "NORTHING": 533343.565, "EASTING": 942267.113, "COMMEMORATIVE": null, "ALIAS_ID": null, "OBJECTID": 4560, "OBSERVATI4": null}}, {"type": "Feature", "id": 4892, "geometry": {"type": "Point", "coordinates": [-80.13041528890535, 25.797263074221362]}, "properties": {"POINT_ID": 36593, "TREE_SPECI": "Bridalveil Tree", "SCI_NAME": "Caesalpinia granadillo", "DBH": 13, "MULTI_TRUN": "No", "CONDITION": "Good", "PRUNING": " ", "RISK_FACTO": "None", "OBSERVATIO": "Co-Dominant Leaders", "OBSERVATI2": " ", "OBSERVATI3": " ", "OVERHEAD_U": "No", "GROWING_SP": "Park", "GPS_DATE": 1499299200000, "GPS_TIME": "12:15:34pm", "NORTHING": 532948.926, "EASTING": 942278.172, "COMMEMORATIVE": null, "ALIAS_ID": null, "OBJECTID": 4892, "OBSERVATI4": null}}, {"type": "Feature", "id": 4506, "geometry": {"type": "Point", "coordinates": [-80.12894029425377, 25.79900917117821]}, "properties": {"POINT_ID": 36207, "TREE_SPECI": "Washingtonia Palm", "SCI_NAME": "Washingtonia robusta", "DBH": 14, "MULTI_TRUN": "No", "CONDITION": "Fair", "PRUNING": " ", "RISK_FACTO": "None", "OBSERVATIO": "Discolored Foliage", "OBSERVATI2": " ", "OBSERVATI3": " ", "OVERHEAD_U": "No", "GROWING_SP": "Road/ROW", "GPS_DATE": 1496707200000, "GPS_TIME": "02:25:09pm", "NORTHING": 533586.791, "EASTING": 942759.298, "COMMEMORATIVE": null, "ALIAS_ID": null, "OBJECTID": 4506, "OBSERVATI4": null}}, {"type": "Feature", "id": 10689, "geometry": {"type": "Point", "coordinates": [-80.1310445014257, 25.777873167651748]}, "properties": {"POINT_ID": 42390, "TREE_SPECI": "Coconut Palm", "SCI_NAME": "Cocos nucifera", "DBH": 9, "MULTI_TRUN": "No", "CONDITION": "Good", "PRUNING": " ", "RISK_FACTO": "None", "OBSERVATIO": " ", "OBSERVATI2": " ", "OBSERVATI3": " ", "OVERHEAD_U": "No", "GROWING_SP": "Park", "GPS_DATE": 1503446400000, "GPS_TIME": "02:53:39pm", "NORTHING": 525899.89, "EASTING": 942117.641, "COMMEMORATIVE": null, "ALIAS_ID": null, "OBJECTID": 10689, "OBSERVATI4": null}}, {"type": "Feature", "id": 7162, "geometry": {"type": "Point", "coordinates": [-80.13822236752596, 25.78473823042115]}, "properties": {"POINT_ID": 38863, "TREE_SPECI": "Australian Pine", "SCI_NAME": "Casuarina equisetifolia", "DBH": 20, "MULTI_TRUN": "No", "CONDITION": "Fair", "PRUNING": " ", "RISK_FACTO": "None", "OBSERVATIO": "Co-Dominant Leaders", "OBSERVATI2": "Leaning - Minor", "OBSERVATI3": " ", "OVERHEAD_U": "No", "GROWING_SP": "Park", "GPS_DATE": 1502841600000, "GPS_TIME": "12:02:21pm", "NORTHING": 528379.62, "EASTING": 939739.161, "COMMEMORATIVE": null, "ALIAS_ID": null, "OBJECTID": 7162, "OBSERVATI4": null}}, {"type": "Feature", "id": 6830, "geometry": {"type": "Point", "coordinates": [-80.1375107720145, 25.78244904676951]}, "properties": {"POINT_ID": 38531, "TREE_SPECI": "Royal Palm", "SCI_NAME": "Roystonea elata", "DBH": 24, "MULTI_TRUN": "No", "CONDITION": "Good", "PRUNING": " ", "RISK_FACTO": "None", "OBSERVATIO": " ", "OBSERVATI2": " ", "OBSERVATI3": " ", "OVERHEAD_U": "No", "GROWING_SP": "Park", "GPS_DATE": 1502236800000, "GPS_TIME": "01:33:34pm", "NORTHING": 527549.102, "EASTING": 939978.774, "COMMEMORATIVE": null, "ALIAS_ID": null, "OBJECTID": 6830, "OBSERVATI4": null}}, {"type": "Feature", "id": 4546, "geometry": {"type": "Point", "coordinates": [-80.13079210035579, 25.798457066853988]}, "properties": {"POINT_ID": 36247, "TREE_SPECI": "Dahoon Holly", "SCI_NAME": "Ilex cassine", "DBH": 4, "MULTI_TRUN": "No", "CONDITION": "Good", "PRUNING": " ", "RISK_FACTO": "None", "OBSERVATIO": " ", "OBSERVATI2": " ", "OBSERVATI3": " ", "OVERHEAD_U": "No", "GROWING_SP": "Road/ROW", "GPS_DATE": 1496707200000, "GPS_TIME": "03:12:49pm", "NORTHING": 533382.089, "EASTING": 942151.322, "COMMEMORATIVE": null, "ALIAS_ID": null, "OBJECTID": 4546, "OBSERVATI4": null}}, {"type": "Feature", "id": 5379, "geometry": {"type": "Point", "coordinates": [-80.12740642804852, 25.79497753502716]}, "properties": {"POINT_ID": 37080, "TREE_SPECI": "Green Buttonwood", "SCI_NAME": "Conocarpus erectus", "DBH": 13, "MULTI_TRUN": "No", "CONDITION": "Good", "PRUNING": " ", "RISK_FACTO": "None", "OBSERVATIO": " ", "OBSERVATI2": " ", "OBSERVATI3": " ", "OVERHEAD_U": "No", "GROWING_SP": "Park", "GPS_DATE": 1501632000000, "GPS_TIME": "01:20:21pm", "NORTHING": 532124.748, "EASTING": 943273.7, "COMMEMORATIVE": null, "ALIAS_ID": null, "OBJECTID": 5379, "OBSERVATI4": null}}, {"type": "Feature", "id": 5293, "geometry": {"type": "Point", "coordinates": [-80.12760120524366, 25.795961807437774]}, "properties": {"POINT_ID": 36994, "TREE_SPECI": "Date Palm", "SCI_NAME": "Phoenix dactylifera", "DBH": 18, "MULTI_TRUN": "No", "CONDITION": "Good", "PRUNING": " ", "RISK_FACTO": "None", "OBSERVATIO": " ", "OBSERVATI2": " ", "OBSERVATI3": " ", "OVERHEAD_U": "No", "GROWING_SP": "Park", "GPS_DATE": 1499731200000, "GPS_TIME": "01:24:47pm", "NORTHING": 532482.078, "EASTING": 943207.24, "COMMEMORATIVE": null, "ALIAS_ID": null, "OBJECTID": 5293, "OBSERVATI4": null}}, {"type": "Feature", "id": 7091, "geometry": {"type": "Point", "coordinates": [-80.13704912341178, 25.78377297682751]}, "properties": {"POINT_ID": 38792, "TREE_SPECI": "Triangle Palm", "SCI_NAME": "Dypsis decaryi", "DBH": 14, "MULTI_TRUN": "No", "CONDITION": "Fair", "PRUNING": " ", "RISK_FACTO": "None", "OBSERVATIO": "Tapered Trunk", "OBSERVATI2": " ", "OBSERVATI3": " ", "OVERHEAD_U": "No", "GROWING_SP": "Park", "GPS_DATE": 1502841600000, "GPS_TIME": "10:30:35am", "NORTHING": 528031.307, "EASTING": 940127.539, "COMMEMORATIVE": null, "ALIAS_ID": null, "OBJECTID": 7091, "OBSERVATI4": null}}, {"type": "Feature", "id": 5542, "geometry": {"type": "Point", "coordinates": [-80.1317983013954, 25.791872043775488]}, "properties": {"POINT_ID": 37243, "TREE_SPECI": "Royal Palm", "SCI_NAME": "Roystonea elata", "DBH": 18, "MULTI_TRUN": "No", "CONDITION": "Fair", "PRUNING": " ", "RISK_FACTO": "None", "OBSERVATIO": "Discolored Foliage", "OBSERVATI2": " ", "OBSERVATI3": " ", "OVERHEAD_U": "No", "GROWING_SP": "Road/ROW", "GPS_DATE": 1502841600000, "GPS_TIME": "09:43:03am", "NORTHING": 530986.438, "EASTING": 941836.033, "COMMEMORATIVE": null, "ALIAS_ID": null, "OBJECTID": 5542, "OBSERVATI4": null}}, {"type": "Feature", "id": 10703, "geometry": {"type": "Point", "coordinates": [-80.13102183684227, 25.77774180636645]}, "properties": {"POINT_ID": 42404, "TREE_SPECI": "Coconut Palm", "SCI_NAME": "Cocos nucifera", "DBH": 13, "MULTI_TRUN": "No", "CONDITION": "Good", "PRUNING": " ", "RISK_FACTO": "None", "OBSERVATIO": " ", "OBSERVATI2": " ", "OBSERVATI3": " ", "OVERHEAD_U": "No", "GROWING_SP": "Park", "GPS_DATE": 1503446400000, "GPS_TIME": "02:58:55pm", "NORTHING": 525852.194, "EASTING": 942125.415, "COMMEMORATIVE": null, "ALIAS_ID": null, "OBJECTID": 10703, "OBSERVATI4": null}}, {"type": "Feature", "id": 4174, "geometry": {"type": "Point", "coordinates": [-80.13350043093499, 25.790608811594776]}, "properties": {"POINT_ID": 35875, "TREE_SPECI": "Pygmy Date Palm", "SCI_NAME": "Phoenix roebelenii", "DBH": 4, "MULTI_TRUN": "No", "CONDITION": "Fair", "PRUNING": " ", "RISK_FACTO": "None", "OBSERVATIO": "Discolored Foliage", "OBSERVATI2": " ", "OBSERVATI3": " ", "OVERHEAD_U": "No", "GROWING_SP": "Park", "GPS_DATE": 1494979200000, "GPS_TIME": "01:19:13pm", "NORTHING": 530523.6, "EASTING": 941278.968, "COMMEMORATIVE": null, "ALIAS_ID": null, "OBJECTID": 4174, "OBSERVATI4": null}}, {"type": "Feature", "id": 7494, "geometry": {"type": "Point", "coordinates": [-80.13316697998445, 25.790496136757433]}, "properties": {"POINT_ID": 39195, "TREE_SPECI": "Coconut Palm", "SCI_NAME": "Cocos nucifera", "DBH": 13, "MULTI_TRUN": "No", "CONDITION": "Good", "PRUNING": " ", "RISK_FACTO": "None", "OBSERVATIO": " ", "OBSERVATI2": " ", "OBSERVATI3": " ", "OVERHEAD_U": "No", "GROWING_SP": "Road/ROW", "GPS_DATE": 1502841600000, "GPS_TIME": "02:46:05pm", "NORTHING": 530483.368, "EASTING": 941388.961, "COMMEMORATIVE": null, "ALIAS_ID": null, "OBJECTID": 7494, "OBSERVATI4": null}}, {"type": "Feature", "id": 9707, "geometry": {"type": "Point", "coordinates": [-80.1340910021641, 25.78117339867863]}, "properties": {"POINT_ID": 41408, "TREE_SPECI": "Orange Geiger", "SCI_NAME": "Cordia sebestena", "DBH": 16, "MULTI_TRUN": "No", "CONDITION": "Poor", "PRUNING": " ", "RISK_FACTO": "None", "OBSERVATIO": "Circling Roots", "OBSERVATI2": "Defoliated - Moderate", "OBSERVATI3": "Insect Damage Leaves", "OVERHEAD_U": "No", "GROWING_SP": "Road/ROW", "GPS_DATE": 1503964800000, "GPS_TIME": "08:31:04am", "NORTHING": 527092.825, "EASTING": 941107.187, "COMMEMORATIVE": null, "ALIAS_ID": null, "OBJECTID": 9707, "OBSERVATI4": null}}, {"type": "Feature", "id": 9956, "geometry": {"type": "Point", "coordinates": [-80.13610546018751, 25.778375480396374]}, "properties": {"POINT_ID": 41657, "TREE_SPECI": "Foxtail Palm", "SCI_NAME": "Wodyetia bifurcata", "DBH": 4, "MULTI_TRUN": "No", "CONDITION": "Poor", "PRUNING": " ", "RISK_FACTO": "None", "OBSERVATIO": "Discolored Foliage", "OBSERVATI2": "Frizzled Fronds", "OBSERVATI3": " ", "OVERHEAD_U": "No", "GROWING_SP": "Road/ROW", "GPS_DATE": 1503964800000, "GPS_TIME": "12:36:00pm", "NORTHING": 526071.513, "EASTING": 940450.939, "COMMEMORATIVE": null, "ALIAS_ID": null, "OBJECTID": 9956, "OBSERVATI4": null}}, {"type": "Feature", "id": 6953, "geometry": {"type": "Point", "coordinates": [-80.13735614486839, 25.78269713531695]}, "properties": {"POINT_ID": 38654, "TREE_SPECI": "Montgomery Palm", "SCI_NAME": "Veitchia montgomeryana", "DBH": 7, "MULTI_TRUN": "No", "CONDITION": "Good", "PRUNING": " ", "RISK_FACTO": "None", "OBSERVATIO": " ", "OBSERVATI2": " ", "OBSERVATI3": " ", "OVERHEAD_U": "No", "GROWING_SP": "Park", "GPS_DATE": 1502841600000, "GPS_TIME": "08:59:56am", "NORTHING": 527639.608, "EASTING": 940029.067, "COMMEMORATIVE": null, "ALIAS_ID": null, "OBJECTID": 6953, "OBSERVATI4": null}}, {"type": "Feature", "id": 6870, "geometry": {"type": "Point", "coordinates": [-80.13798441819573, 25.782926767846057]}, "properties": {"POINT_ID": 38571, "TREE_SPECI": "Florida Thatch Palm", "SCI_NAME": "Thrinax radiata", "DBH": 8, "MULTI_TRUN": "No", "CONDITION": "Good", "PRUNING": " ", "RISK_FACTO": "None", "OBSERVATIO": " ", "OBSERVATI2": " ", "OBSERVATI3": " ", "OVERHEAD_U": "No", "GROWING_SP": "Park", "GPS_DATE": 1502236800000, "GPS_TIME": "02:13:19pm", "NORTHING": 527721.72, "EASTING": 939821.772, "COMMEMORATIVE": null, "ALIAS_ID": null, "OBJECTID": 6870, "OBSERVATI4": null}}, {"type": "Feature", "id": 3965, "geometry": {"type": "Point", "coordinates": [-80.13279918079662, 25.791284015736174]}, "properties": {"POINT_ID": 35666, "TREE_SPECI": "Royal Poinciana", "SCI_NAME": "Delonix regia", "DBH": 11, "MULTI_TRUN": "No", "CONDITION": "Poor", "PRUNING": "Crown Cleaning", "RISK_FACTO": "Leaning - Major", "OBSERVATIO": "Lopsided Canopy", "OBSERVATI2": "Defoliated - Moderate", "OBSERVATI3": "Dead Wood", "OVERHEAD_U": "No", "GROWING_SP": "Park", "GPS_DATE": 1494374400000, "GPS_TIME": "01:24:34pm", "NORTHING": 530770.536, "EASTING": 941508.101, "COMMEMORATIVE": null, "ALIAS_ID": null, "OBJECTID": 3965, "OBSERVATI4": null}}, {"type": "Feature", "id": 6166, "geometry": {"type": "Point", "coordinates": [-80.14154973857788, 25.788830240064435]}, "properties": {"POINT_ID": 37867, "TREE_SPECI": "Silver Buttonwood", "SCI_NAME": "Conocarpus erectus var. sericeus", "DBH": 10, "MULTI_TRUN": "Yes", "CONDITION": "Good", "PRUNING": " ", "RISK_FACTO": "None", "OBSERVATIO": " ", "OBSERVATI2": " ", "OBSERVATI3": " ", "OVERHEAD_U": "No", "GROWING_SP": "Road/ROW", "GPS_DATE": 1501718400000, "GPS_TIME": "08:52:56am", "NORTHING": 529859.794, "EASTING": 938634.529, "COMMEMORATIVE": null, "ALIAS_ID": null, "OBJECTID": 6166, "OBSERVATI4": null}}, {"type": "Feature", "id": 5502, "geometry": {"type": "Point", "coordinates": [-80.12999706053319, 25.79384565913087]}, "properties": {"POINT_ID": 37203, "TREE_SPECI": "Pigeon Plum", "SCI_NAME": "Coccoloba diversifolia", "DBH": 2, "MULTI_TRUN": "No", "CONDITION": "Fair", "PRUNING": "Structure Pruning", "RISK_FACTO": "None", "OBSERVATIO": "Reduced Canopy - Moderate", "OBSERVATI2": "Co-Dominant Leaders", "OBSERVATI3": " ", "OVERHEAD_U": "No", "GROWING_SP": "Road/ROW", "GPS_DATE": 1502841600000, "GPS_TIME": "08:55:13am", "NORTHING": 531707.702, "EASTING": 942423.992, "COMMEMORATIVE": null, "ALIAS_ID": null, "OBJECTID": 5502, "OBSERVATI4": null}}, {"type": "Feature", "id": 4838, "geometry": {"type": "Point", "coordinates": [-80.12923366136205, 25.796840189902877]}, "properties": {"POINT_ID": 36539, "TREE_SPECI": "Washingtonia Palm", "SCI_NAME": "Washingtonia robusta", "DBH": 15, "MULTI_TRUN": "No", "CONDITION": "Good", "PRUNING": " ", "RISK_FACTO": "None", "OBSERVATIO": " ", "OBSERVATI2": " ", "OBSERVATI3": " ", "OVERHEAD_U": "No", "GROWING_SP": "Park", "GPS_DATE": 1499299200000, "GPS_TIME": "11:49:57am", "NORTHING": 532797.789, "EASTING": 942667.986, "COMMEMORATIVE": null, "ALIAS_ID": null, "OBJECTID": 4838, "OBSERVATI4": null}}, {"type": "Feature", "id": 5247, "geometry": {"type": "Point", "coordinates": [-80.12697663838867, 25.796017446747967]}, "properties": {"POINT_ID": 36948, "TREE_SPECI": "Cabbage Palm", "SCI_NAME": "Sabal palmetto", "DBH": 11, "MULTI_TRUN": "No", "CONDITION": "Good", "PRUNING": " ", "RISK_FACTO": "None", "OBSERVATIO": " ", "OBSERVATI2": " ", "OBSERVATI3": " ", "OVERHEAD_U": "No", "GROWING_SP": "Park", "GPS_DATE": 1499731200000, "GPS_TIME": "12:57:07pm", "NORTHING": 532503.664, "EASTING": 943412.613, "COMMEMORATIVE": null, "ALIAS_ID": null, "OBJECTID": 5247, "OBSERVATI4": null}}, {"type": "Feature", "id": 7749, "geometry": {"type": "Point", "coordinates": [-80.13191801984684, 25.78808454003888]}, "properties": {"POINT_ID": 39450, "TREE_SPECI": "Coconut Palm", "SCI_NAME": "Cocos nucifera", "DBH": 8, "MULTI_TRUN": "No", "CONDITION": "Poor", "PRUNING": " ", "RISK_FACTO": "None", "OBSERVATIO": "Discolored Foliage", "OBSERVATI2": "White Fly", "OBSERVATI3": " ", "OVERHEAD_U": "No", "GROWING_SP": "Road/ROW", "GPS_DATE": 1503273600000, "GPS_TIME": "02:12:48pm", "NORTHING": 529609.53, "EASTING": 941805.715, "COMMEMORATIVE": null, "ALIAS_ID": null, "OBJECTID": 7749, "OBSERVATI4": null}}, {"type": "Feature", "id": 9870, "geometry": {"type": "Point", "coordinates": [-80.13194492048994, 25.779222172881514]}, "properties": {"POINT_ID": 41571, "TREE_SPECI": "Sylvester Date Palm", "SCI_NAME": "Phoenix sylvestris", "DBH": 11, "MULTI_TRUN": "No", "CONDITION": "Good", "PRUNING": " ", "RISK_FACTO": "None", "OBSERVATIO": " ", "OBSERVATI2": " ", "OBSERVATI3": " ", "OVERHEAD_U": "No", "GROWING_SP": "Road/ROW", "GPS_DATE": 1503964800000, "GPS_TIME": "11:13:54am", "NORTHING": 526388.261, "EASTING": 941818.092, "COMMEMORATIVE": null, "ALIAS_ID": null, "OBJECTID": 9870, "OBSERVATI4": null}}, {"type": "Feature", "id": 8110, "geometry": {"type": "Point", "coordinates": [-80.12820824494418, 25.788722775964]}, "properties": {"POINT_ID": 39811, "TREE_SPECI": "Coconut Palm", "SCI_NAME": "Cocos nucifera", "DBH": 11, "MULTI_TRUN": "No", "CONDITION": "Fair", "PRUNING": " ", "RISK_FACTO": "None", "OBSERVATIO": "Discolored Foliage", "OBSERVATI2": " ", "OBSERVATI3": " ", "OVERHEAD_U": "No", "GROWING_SP": "Park", "GPS_DATE": 1503360000000, "GPS_TIME": "01:26:49pm", "NORTHING": 529849.575, "EASTING": 943024.921, "COMMEMORATIVE": null, "ALIAS_ID": null, "OBJECTID": 8110, "OBSERVATI4": null}}, {"type": "Feature", "id": 8081, "geometry": {"type": "Point", "coordinates": [-80.12801729221607, 25.78945584791849]}, "properties": {"POINT_ID": 39782, "TREE_SPECI": "Coconut Palm", "SCI_NAME": "Cocos nucifera", "DBH": 11, "MULTI_TRUN": "No", "CONDITION": "Poor", "PRUNING": " ", "RISK_FACTO": "None", "OBSERVATIO": "Discolored Foliage", "OBSERVATI2": " ", "OBSERVATI3": " ", "OVERHEAD_U": "No", "GROWING_SP": "Park", "GPS_DATE": 1503360000000, "GPS_TIME": "01:09:06pm", "NORTHING": 530116.441, "EASTING": 943085.991, "COMMEMORATIVE": null, "ALIAS_ID": null, "OBJECTID": 8081, "OBSERVATI4": null}}, {"type": "Feature", "id": 5147, "geometry": {"type": "Point", "coordinates": [-80.1274717401894, 25.796490012784982]}, "properties": {"POINT_ID": 36848, "TREE_SPECI": "Coconut Palm", "SCI_NAME": "Cocos nucifera", "DBH": 11, "MULTI_TRUN": "No", "CONDITION": "Fair", "PRUNING": " ", "RISK_FACTO": "None", "OBSERVATIO": "Discolored Foliage", "OBSERVATI2": " ", "OBSERVATI3": " ", "OVERHEAD_U": "No", "GROWING_SP": "Park", "GPS_DATE": 1499731200000, "GPS_TIME": "11:18:26am", "NORTHING": 532674.348, "EASTING": 943248.567, "COMMEMORATIVE": null, "ALIAS_ID": null, "OBJECTID": 5147, "OBSERVATI4": null}}, {"type": "Feature", "id": 5187, "geometry": {"type": "Point", "coordinates": [-80.12811223065928, 25.796502842607392]}, "properties": {"POINT_ID": 36888, "TREE_SPECI": "Cabbage Palm", "SCI_NAME": "Sabal palmetto", "DBH": 10, "MULTI_TRUN": "No", "CONDITION": "Good", "PRUNING": " ", "RISK_FACTO": "None", "OBSERVATIO": " ", "OBSERVATI2": " ", "OBSERVATI3": " ", "OVERHEAD_U": "No", "GROWING_SP": "Park", "GPS_DATE": 1499731200000, "GPS_TIME": "11:42:08am", "NORTHING": 532677.615, "EASTING": 943037.79, "COMMEMORATIVE": null, "ALIAS_ID": null, "OBJECTID": 5187, "OBSERVATI4": null}}, {"type": "Feature", "id": 7732, "geometry": {"type": "Point", "coordinates": [-80.1314293907334, 25.78910040004139]}, "properties": {"POINT_ID": 39433, "TREE_SPECI": "Coconut Palm", "SCI_NAME": "Cocos nucifera", "DBH": 9, "MULTI_TRUN": "No", "CONDITION": "Poor", "PRUNING": " ", "RISK_FACTO": "None", "OBSERVATIO": "Discolored Foliage", "OBSERVATI2": " ", "OBSERVATI3": " ", "OVERHEAD_U": "No", "GROWING_SP": "Road/ROW", "GPS_DATE": 1503273600000, "GPS_TIME": "01:46:39pm", "NORTHING": 529979.826, "EASTING": 941964.068, "COMMEMORATIVE": null, "ALIAS_ID": null, "OBJECTID": 7732, "OBSERVATI4": null}}, {"type": "Feature", "id": 7849, "geometry": {"type": "Point", "coordinates": [-80.13181177324344, 25.786300066660527]}, "properties": {"POINT_ID": 39550, "TREE_SPECI": "Coconut Palm", "SCI_NAME": "Cocos nucifera", "DBH": 8, "MULTI_TRUN": "No", "CONDITION": "Good", "PRUNING": " ", "RISK_FACTO": "None", "OBSERVATIO": "White Fly", "OBSERVATI2": " ", "OBSERVATI3": " ", "OVERHEAD_U": "No", "GROWING_SP": "Road/ROW", "GPS_DATE": 1503360000000, "GPS_TIME": "08:28:01am", "NORTHING": 528961.156, "EASTING": 941844.952, "COMMEMORATIVE": null, "ALIAS_ID": null, "OBJECTID": 7849, "OBSERVATI4": null}}, {"type": "Feature", "id": 8064, "geometry": {"type": "Point", "coordinates": [-80.1277693254958, 25.79042186102632]}, "properties": {"POINT_ID": 39765, "TREE_SPECI": "Coconut Palm", "SCI_NAME": "Cocos nucifera", "DBH": 14, "MULTI_TRUN": "No", "CONDITION": "Poor", "PRUNING": " ", "RISK_FACTO": "None", "OBSERVATIO": "Discolored Foliage", "OBSERVATI2": " ", "OBSERVATI3": " ", "OVERHEAD_U": "No", "GROWING_SP": "Park", "GPS_DATE": 1503360000000, "GPS_TIME": "01:00:55pm", "NORTHING": 530468.1, "EASTING": 943165.261, "COMMEMORATIVE": null, "ALIAS_ID": null, "OBJECTID": 8064, "OBSERVATI4": null}}, {"type": "Feature", "id": 5193, "geometry": {"type": "Point", "coordinates": [-80.12809337665459, 25.796489329906986]}, "properties": {"POINT_ID": 36894, "TREE_SPECI": "Gumbo Limbo", "SCI_NAME": "Bursera simaruba", "DBH": 11, "MULTI_TRUN": "No", "CONDITION": "Good", "PRUNING": " ", "RISK_FACTO": "None", "OBSERVATIO": " ", "OBSERVATI2": " ", "OBSERVATI3": " ", "OVERHEAD_U": "No", "GROWING_SP": "Park", "GPS_DATE": 1499731200000, "GPS_TIME": "11:43:51am", "NORTHING": 532672.745, "EASTING": 943044.026, "COMMEMORATIVE": null, "ALIAS_ID": null, "OBJECTID": 5193, "OBSERVATI4": null}}, {"type": "Feature", "id": 7202, "geometry": {"type": "Point", "coordinates": [-80.1379719570529, 25.785129669159705]}, "properties": {"POINT_ID": 38903, "TREE_SPECI": "Queen Crepe Myrtle", "SCI_NAME": "Lagerstroemia speciosa", "DBH": 5, "MULTI_TRUN": "No", "CONDITION": "Fair", "PRUNING": " ", "RISK_FACTO": "None", "OBSERVATIO": "Co-Dominant Leaders", "OBSERVATI2": "Circling Roots", "OBSERVATI3": " ", "OVERHEAD_U": "No", "GROWING_SP": "Park", "GPS_DATE": 1502841600000, "GPS_TIME": "12:46:18pm", "NORTHING": 528522.436, "EASTING": 939820.632, "COMMEMORATIVE": null, "ALIAS_ID": null, "OBJECTID": 7202, "OBSERVATI4": null}}, {"type": "Feature", "id": 7214, "geometry": {"type": "Point", "coordinates": [-80.13738477965506, 25.785445110556484]}, "properties": {"POINT_ID": 38915, "TREE_SPECI": "Podocarpus", "SCI_NAME": "Podocarpus macrophyllus", "DBH": 20, "MULTI_TRUN": "Yes", "CONDITION": "Good", "PRUNING": " ", "RISK_FACTO": "None", "OBSERVATIO": " ", "OBSERVATI2": " ", "OBSERVATI3": " ", "OVERHEAD_U": "No", "GROWING_SP": "Park", "GPS_DATE": 1502841600000, "GPS_TIME": "01:04:32pm", "NORTHING": 528638.355, "EASTING": 940013.103, "COMMEMORATIVE": null, "ALIAS_ID": null, "OBJECTID": 7214, "OBSERVATI4": null}}, {"type": "Feature", "id": 7755, "geometry": {"type": "Point", "coordinates": [-80.13178960428091, 25.78783524260643]}, "properties": {"POINT_ID": 39456, "TREE_SPECI": "Coconut Palm", "SCI_NAME": "Cocos nucifera", "DBH": 8, "MULTI_TRUN": "No", "CONDITION": "Good", "PRUNING": " ", "RISK_FACTO": "None", "OBSERVATIO": "White Fly", "OBSERVATI2": " ", "OBSERVATI3": " ", "OVERHEAD_U": "No", "GROWING_SP": "Road/ROW", "GPS_DATE": 1503273600000, "GPS_TIME": "02:18:03pm", "NORTHING": 529519.196, "EASTING": 941848.569, "COMMEMORATIVE": null, "ALIAS_ID": null, "OBJECTID": 7755, "OBSERVATI4": null}}, {"type": "Feature", "id": 7826, "geometry": {"type": "Point", "coordinates": [-80.1319180337574, 25.78642828535278]}, "properties": {"POINT_ID": 39527, "TREE_SPECI": "Coconut Palm", "SCI_NAME": "Cocos nucifera", "DBH": 7, "MULTI_TRUN": "No", "CONDITION": "Fair", "PRUNING": " ", "RISK_FACTO": "None", "OBSERVATIO": "Discolored Foliage", "OBSERVATI2": "White Fly", "OBSERVATI3": " ", "OVERHEAD_U": "No", "GROWING_SP": "Road/ROW", "GPS_DATE": 1503360000000, "GPS_TIME": "08:15:00am", "NORTHING": 529007.53, "EASTING": 941809.678, "COMMEMORATIVE": null, "ALIAS_ID": null, "OBJECTID": 7826, "OBSERVATI4": null}}, {"type": "Feature", "id": 8035, "geometry": {"type": "Point", "coordinates": [-80.12812918687993, 25.790101667235856]}, "properties": {"POINT_ID": 39736, "TREE_SPECI": "Coconut Palm", "SCI_NAME": "Cocos nucifera", "DBH": 10, "MULTI_TRUN": "No", "CONDITION": "Fair", "PRUNING": " ", "RISK_FACTO": "None", "OBSERVATIO": "Discolored Foliage", "OBSERVATI2": " ", "OBSERVATI3": " ", "OVERHEAD_U": "No", "GROWING_SP": "Park", "GPS_DATE": 1503360000000, "GPS_TIME": "12:51:35pm", "NORTHING": 530350.934, "EASTING": 943047.618, "COMMEMORATIVE": null, "ALIAS_ID": null, "OBJECTID": 8035, "OBSERVATI4": null}}, {"type": "Feature", "id": 8047, "geometry": {"type": "Point", "coordinates": [-80.12813713061769, 25.79038205825417]}, "properties": {"POINT_ID": 39748, "TREE_SPECI": "Coconut Palm", "SCI_NAME": "Cocos nucifera", "DBH": 9, "MULTI_TRUN": "No", "CONDITION": "Fair", "PRUNING": " ", "RISK_FACTO": "None", "OBSERVATIO": "Discolored Foliage", "OBSERVATI2": " ", "OBSERVATI3": " ", "OVERHEAD_U": "No", "GROWING_SP": "Park", "GPS_DATE": 1503360000000, "GPS_TIME": "12:54:42pm", "NORTHING": 530452.831, "EASTING": 943044.329, "COMMEMORATIVE": null, "ALIAS_ID": null, "OBJECTID": 8047, "OBSERVATI4": null}}, {"type": "Feature", "id": 4051, "geometry": {"type": "Point", "coordinates": [-80.13227122691544, 25.79126012615068]}, "properties": {"POINT_ID": 35752, "TREE_SPECI": "Montgomery Palm", "SCI_NAME": "Veitchia montgomeryana", "DBH": 16, "MULTI_TRUN": "Yes", "CONDITION": "Good", "PRUNING": " ", "RISK_FACTO": "None", "OBSERVATIO": "Discolored Foliage", "OBSERVATI2": " ", "OBSERVATI3": " ", "OVERHEAD_U": "No", "GROWING_SP": "Park", "GPS_DATE": 1494374400000, "GPS_TIME": "02:02:21pm", "NORTHING": 530762.998, "EASTING": 941681.882, "COMMEMORATIVE": null, "ALIAS_ID": null, "OBJECTID": 4051, "OBSERVATI4": null}}, {"type": "Feature", "id": 8087, "geometry": {"type": "Point", "coordinates": [-80.1279446942811, 25.78973941630908]}, "properties": {"POINT_ID": 39788, "TREE_SPECI": "Coconut Palm", "SCI_NAME": "Cocos nucifera", "DBH": 10, "MULTI_TRUN": "No", "CONDITION": "Poor", "PRUNING": " ", "RISK_FACTO": "None", "OBSERVATIO": "Discolored Foliage", "OBSERVATI2": " ", "OBSERVATI3": " ", "OVERHEAD_U": "No", "GROWING_SP": "Park", "GPS_DATE": 1503360000000, "GPS_TIME": "01:13:50pm", "NORTHING": 530219.668, "EASTING": 943109.198, "COMMEMORATIVE": null, "ALIAS_ID": null, "OBJECTID": 8087, "OBSERVATI4": null}}, {"type": "Feature", "id": 8158, "geometry": {"type": "Point", "coordinates": [-80.1281846803759, 25.787513606402612]}, "properties": {"POINT_ID": 39859, "TREE_SPECI": "Coconut Palm", "SCI_NAME": "Cocos nucifera", "DBH": 8, "MULTI_TRUN": "No", "CONDITION": "Poor", "PRUNING": " ", "RISK_FACTO": "None", "OBSERVATIO": "Discolored Foliage", "OBSERVATI2": " ", "OBSERVATI3": " ", "OVERHEAD_U": "No", "GROWING_SP": "Park", "GPS_DATE": 1503360000000, "GPS_TIME": "01:48:52pm", "NORTHING": 529410.128, "EASTING": 943035.585, "COMMEMORATIVE": null, "ALIAS_ID": null, "OBJECTID": 8158, "OBSERVATI4": null}}, {"type": "Feature", "id": 5170, "geometry": {"type": "Point", "coordinates": [-80.12838142645725, 25.796544435020365]}, "properties": {"POINT_ID": 36871, "TREE_SPECI": "Cabbage Palm", "SCI_NAME": "Sabal palmetto", "DBH": 11, "MULTI_TRUN": "No", "CONDITION": "Good", "PRUNING": " ", "RISK_FACTO": "None", "OBSERVATIO": " ", "OBSERVATI2": " ", "OBSERVATI3": " ", "OVERHEAD_U": "No", "GROWING_SP": "Park", "GPS_DATE": 1499731200000, "GPS_TIME": "11:29:46am", "NORTHING": 532692.147, "EASTING": 942949.114, "COMMEMORATIVE": null, "ALIAS_ID": null, "OBJECTID": 5170, "OBSERVATI4": null}}, {"type": "Feature", "id": 6707, "geometry": {"type": "Point", "coordinates": [-80.1407699373533, 25.78259706388676]}, "properties": {"POINT_ID": 38408, "TREE_SPECI": "Silver Buttonwood", "SCI_NAME": "Conocarpus erectus var. sericeus", "DBH": 20, "MULTI_TRUN": "No", "CONDITION": "Poor", "PRUNING": " ", "RISK_FACTO": "None", "OBSERVATIO": "Constricted by Other Tree", "OBSERVATI2": "Leaning - Moderate", "OBSERVATI3": "Limb Damage - Moderate", "OVERHEAD_U": "No", "GROWING_SP": "Park", "GPS_DATE": 1502236800000, "GPS_TIME": "11:42:40am", "NORTHING": 527595.893, "EASTING": 938905.91, "COMMEMORATIVE": null, "ALIAS_ID": null, "OBJECTID": 6707, "OBSERVATI4": null}}, {"type": "Feature", "id": 2276, "geometry": {"type": "Point", "coordinates": [-80.13521851932042, 25.79533632890139]}, "properties": {"POINT_ID": 33977, "TREE_SPECI": "Bridalveil Tree", "SCI_NAME": "Caesalpinia granadillo", "DBH": 9, "MULTI_TRUN": "No", "CONDITION": "Good", "PRUNING": " ", "RISK_FACTO": "None", "OBSERVATIO": "Leaning - Minor", "OBSERVATI2": "Co-Dominant Leaders", "OBSERVATI3": " ", "OVERHEAD_U": "No", "GROWING_SP": "Park", "GPS_DATE": 1499212800000, "GPS_TIME": "01:04:09pm", "NORTHING": 532238.199, "EASTING": 940702.339, "COMMEMORATIVE": null, "ALIAS_ID": null, "OBJECTID": 2276, "OBSERVATI4": null}}, {"type": "Feature", "id": 2969, "geometry": {"type": "Point", "coordinates": [-80.13613901874814, 25.795149210537584]}, "properties": {"POINT_ID": 34670, "TREE_SPECI": "Areca Palm", "SCI_NAME": "Dypsis lutescens", "DBH": 2, "MULTI_TRUN": "Yes", "CONDITION": "Good", "PRUNING": " ", "RISK_FACTO": "None", "OBSERVATIO": "Cluster", "OBSERVATI2": " ", "OBSERVATI3": " ", "OVERHEAD_U": "No", "GROWING_SP": "Park", "GPS_DATE": 1493164800000, "GPS_TIME": "09:39:00am", "NORTHING": 532168.199, "EASTING": 940399.904, "COMMEMORATIVE": null, "ALIAS_ID": null, "OBJECTID": 2969, "OBSERVATI4": null}}, {"type": "Feature", "id": 2963, "geometry": {"type": "Point", "coordinates": [-80.13624979376718, 25.79515796155299]}, "properties": {"POINT_ID": 34664, "TREE_SPECI": "Solitaire Palm", "SCI_NAME": "Ptychosperma elegans", "DBH": 3, "MULTI_TRUN": "No", "CONDITION": "Good", "PRUNING": " ", "RISK_FACTO": "None", "OBSERVATIO": " ", "OBSERVATI2": " ", "OBSERVATI3": " ", "OVERHEAD_U": "No", "GROWING_SP": "Park", "GPS_DATE": 1493164800000, "GPS_TIME": "09:35:11am", "NORTHING": 532171.14, "EASTING": 940363.433, "COMMEMORATIVE": null, "ALIAS_ID": null, "OBJECTID": 2963, "OBSERVATI4": null}}, {"type": "Feature", "id": 10016, "geometry": {"type": "Point", "coordinates": [-80.13324707517307, 25.778154248537188]}, "properties": {"POINT_ID": 41717, "TREE_SPECI": "Washingtonia Palm", "SCI_NAME": "Washingtonia robusta", "DBH": 12, "MULTI_TRUN": "No", "CONDITION": "Good", "PRUNING": " ", "RISK_FACTO": "None", "OBSERVATIO": " ", "OBSERVATI2": " ", "OBSERVATI3": " ", "OVERHEAD_U": "No", "GROWING_SP": "Road/ROW", "GPS_DATE": 1503964800000, "GPS_TIME": "02:17:06pm", "NORTHING": 525997.28, "EASTING": 941392.126, "COMMEMORATIVE": null, "ALIAS_ID": null, "OBJECTID": 10016, "OBSERVATI4": null}}, {"type": "Feature", "id": 5233, "geometry": {"type": "Point", "coordinates": [-80.12718164255344, 25.79595979636505]}, "properties": {"POINT_ID": 36934, "TREE_SPECI": "Coconut Palm", "SCI_NAME": "Cocos nucifera", "DBH": 9, "MULTI_TRUN": "No", "CONDITION": "Fair", "PRUNING": " ", "RISK_FACTO": "None", "OBSERVATIO": "Discolored Foliage", "OBSERVATI2": " ", "OBSERVATI3": " ", "OVERHEAD_U": "No", "GROWING_SP": "Park", "GPS_DATE": 1499731200000, "GPS_TIME": "12:50:30pm", "NORTHING": 532482.263, "EASTING": 943345.297, "COMMEMORATIVE": null, "ALIAS_ID": null, "OBJECTID": 5233, "OBSERVATI4": null}}, {"type": "Feature", "id": 3040, "geometry": {"type": "Point", "coordinates": [-80.13589159162935, 25.795579453233746]}, "properties": {"POINT_ID": 34741, "TREE_SPECI": "Solitaire Palm", "SCI_NAME": "Ptychosperma elegans", "DBH": 3, "MULTI_TRUN": "No", "CONDITION": "Good", "PRUNING": " ", "RISK_FACTO": "None", "OBSERVATIO": " ", "OBSERVATI2": " ", "OBSERVATI3": " ", "OVERHEAD_U": "No", "GROWING_SP": "Park", "GPS_DATE": 1493164800000, "GPS_TIME": "10:52:16am", "NORTHING": 532325.114, "EASTING": 940480.291, "COMMEMORATIVE": null, "ALIAS_ID": null, "OBJECTID": 3040, "OBSERVATI4": null}}, {"type": "Feature", "id": 2299, "geometry": {"type": "Point", "coordinates": [-80.13512759726468, 25.79583336905627]}, "properties": {"POINT_ID": 34000, "TREE_SPECI": "Frangipani", "SCI_NAME": "Plumeria acuminata", "DBH": 16, "MULTI_TRUN": "No", "CONDITION": "Good", "PRUNING": " ", "RISK_FACTO": "None", "OBSERVATIO": " ", "OBSERVATI2": " ", "OBSERVATI3": " ", "OVERHEAD_U": "No", "GROWING_SP": "Park", "GPS_DATE": 1499212800000, "GPS_TIME": "01:26:59pm", "NORTHING": 532419.055, "EASTING": 940731.069, "COMMEMORATIVE": null, "ALIAS_ID": null, "OBJECTID": 2299, "OBSERVATI4": null}}, {"type": "Feature", "id": 4606, "geometry": {"type": "Point", "coordinates": [-80.12815627314896, 25.798192021001235]}, "properties": {"POINT_ID": 36307, "TREE_SPECI": "Coconut Palm", "SCI_NAME": "Cocos nucifera", "DBH": 9, "MULTI_TRUN": "No", "CONDITION": "Good", "PRUNING": " ", "RISK_FACTO": "None", "OBSERVATIO": " ", "OBSERVATI2": " ", "OBSERVATI3": " ", "OVERHEAD_U": "No", "GROWING_SP": "Road/ROW", "GPS_DATE": 1496707200000, "GPS_TIME": "03:37:45pm", "NORTHING": 533291.488, "EASTING": 943019.232, "COMMEMORATIVE": null, "ALIAS_ID": null, "OBJECTID": 4606, "OBSERVATI4": null}}, {"type": "Feature", "id": 4692, "geometry": {"type": "Point", "coordinates": [-80.12891313684477, 25.79719255676246]}, "properties": {"POINT_ID": 36393, "TREE_SPECI": "Coconut Palm", "SCI_NAME": "Cocos nucifera", "DBH": 11, "MULTI_TRUN": "No", "CONDITION": "Good", "PRUNING": " ", "RISK_FACTO": "None", "OBSERVATIO": " ", "OBSERVATI2": " ", "OBSERVATI3": " ", "OVERHEAD_U": "No", "GROWING_SP": "Park", "GPS_DATE": 1499299200000, "GPS_TIME": "09:01:53am", "NORTHING": 532926.562, "EASTING": 942772.603, "COMMEMORATIVE": null, "ALIAS_ID": null, "OBJECTID": 4692, "OBSERVATI4": null}}, {"type": "Feature", "id": 2322, "geometry": {"type": "Point", "coordinates": [-80.13561339969888, 25.79617804889992]}, "properties": {"POINT_ID": 34023, "TREE_SPECI": "Sea Grape", "SCI_NAME": "Coccoloba uvifera", "DBH": 10, "MULTI_TRUN": "No", "CONDITION": "Good", "PRUNING": "Clearance Pruning", "RISK_FACTO": "None", "OBSERVATIO": "Utility Lines - Conflict", "OBSERVATI2": " ", "OBSERVATI3": " ", "OVERHEAD_U": "Yes", "GROWING_SP": "Road/ROW", "GPS_DATE": 1499212800000, "GPS_TIME": "01:55:59pm", "NORTHING": 532543.287, "EASTING": 940570.399, "COMMEMORATIVE": null, "ALIAS_ID": null, "OBJECTID": 2322, "OBSERVATI4": null}}, {"type": "Feature", "id": 3364, "geometry": {"type": "Point", "coordinates": [-80.13547114914957, 25.790694870785348]}, "properties": {"POINT_ID": 35065, "TREE_SPECI": "Date Palm", "SCI_NAME": "Phoenix dactylifera", "DBH": 18, "MULTI_TRUN": "No", "CONDITION": "Good", "PRUNING": " ", "RISK_FACTO": "None", "OBSERVATIO": " ", "OBSERVATI2": " ", "OBSERVATI3": " ", "OVERHEAD_U": "No", "GROWING_SP": "Park", "GPS_DATE": 1494979200000, "GPS_TIME": "10:22:58am", "NORTHING": 530550.618, "EASTING": 940630.291, "COMMEMORATIVE": null, "ALIAS_ID": null, "OBJECTID": 3364, "OBSERVATI4": null}}, {"type": "Feature", "id": 2986, "geometry": {"type": "Point", "coordinates": [-80.13610882653307, 25.79517484578358]}, "properties": {"POINT_ID": 34687, "TREE_SPECI": "Solitaire Palm", "SCI_NAME": "Ptychosperma elegans", "DBH": 3, "MULTI_TRUN": "No", "CONDITION": "Good", "PRUNING": " ", "RISK_FACTO": "None", "OBSERVATIO": " ", "OBSERVATI2": " ", "OBSERVATI3": " ", "OVERHEAD_U": "No", "GROWING_SP": "Park", "GPS_DATE": 1493164800000, "GPS_TIME": "09:52:14am", "NORTHING": 532177.581, "EASTING": 940409.777, "COMMEMORATIVE": null, "ALIAS_ID": null, "OBJECTID": 2986, "OBSERVATI4": null}}, {"type": "Feature", "id": 2345, "geometry": {"type": "Point", "coordinates": [-80.13567935362013, 25.795450186029278]}, "properties": {"POINT_ID": 34046, "TREE_SPECI": "Spicewood", "SCI_NAME": "Calyptranthes pallens", "DBH": 3, "MULTI_TRUN": "No", "CONDITION": "Good", "PRUNING": " ", "RISK_FACTO": "None", "OBSERVATIO": " ", "OBSERVATI2": " ", "OBSERVATI3": " ", "OVERHEAD_U": "No", "GROWING_SP": "Park", "GPS_DATE": 1498608000000, "GPS_TIME": "09:09:07am", "NORTHING": 532278.587, "EASTING": 940550.434, "COMMEMORATIVE": null, "ALIAS_ID": null, "OBJECTID": 2345, "OBSERVATI4": null}}, {"type": "Feature", "id": 7016, "geometry": {"type": "Point", "coordinates": [-80.13671015805814, 25.78237021034044]}, "properties": {"POINT_ID": 38717, "TREE_SPECI": "Cabbage Palm", "SCI_NAME": "Sabal palmetto", "DBH": 16, "MULTI_TRUN": "No", "CONDITION": "Good", "PRUNING": " ", "RISK_FACTO": "None", "OBSERVATIO": " ", "OBSERVATI2": " ", "OBSERVATI3": " ", "OVERHEAD_U": "No", "GROWING_SP": "Park", "GPS_DATE": 1502841600000, "GPS_TIME": "09:43:47am", "NORTHING": 527522.174, "EASTING": 940242.425, "COMMEMORATIVE": null, "ALIAS_ID": null, "OBJECTID": 7016, "OBSERVATI4": null}}, {"type": "Feature", "id": 3009, "geometry": {"type": "Point", "coordinates": [-80.13593053196416, 25.795283775012752]}, "properties": {"POINT_ID": 34710, "TREE_SPECI": "Solitaire Palm", "SCI_NAME": "Ptychosperma elegans", "DBH": 3, "MULTI_TRUN": "No", "CONDITION": "Good", "PRUNING": " ", "RISK_FACTO": "None", "OBSERVATIO": " ", "OBSERVATI2": " ", "OBSERVATI3": " ", "OVERHEAD_U": "No", "GROWING_SP": "Park", "GPS_DATE": 1493164800000, "GPS_TIME": "10:09:57am", "NORTHING": 532217.559, "EASTING": 940468.183, "COMMEMORATIVE": null, "ALIAS_ID": null, "OBJECTID": 3009, "OBSERVATI4": null}}, {"type": "Feature", "id": 6561, "geometry": {"type": "Point", "coordinates": [-80.13848845797112, 25.78370194599932]}, "properties": {"POINT_ID": 38262, "TREE_SPECI": "Pink Tabebuia", "SCI_NAME": "Tabebuia heterophylla", "DBH": 12, "MULTI_TRUN": "No", "CONDITION": "Fair", "PRUNING": " ", "RISK_FACTO": "None", "OBSERVATIO": "Utility Lines - Adjacent", "OBSERVATI2": "Constricted Roots", "OBSERVATI3": " ", "OVERHEAD_U": "Yes", "GROWING_SP": "Road/ROW", "GPS_DATE": 1501804800000, "GPS_TIME": "01:51:21pm", "NORTHING": 528002.389, "EASTING": 939654.062, "COMMEMORATIVE": null, "ALIAS_ID": null, "OBJECTID": 6561, "OBSERVATI4": null}}, {"type": "Feature", "id": 2823, "geometry": {"type": "Point", "coordinates": [-80.13564326224346, 25.793213267732558]}, "properties": {"POINT_ID": 34524, "TREE_SPECI": "Crepe Myrtle", "SCI_NAME": "Lagerstroemia indica", "DBH": 6, "MULTI_TRUN": "Yes", "CONDITION": "Good", "PRUNING": " ", "RISK_FACTO": "None", "OBSERVATIO": " ", "OBSERVATI2": " ", "OBSERVATI3": " ", "OVERHEAD_U": "No", "GROWING_SP": "Government", "GPS_DATE": 1493078400000, "GPS_TIME": "01:09:38pm", "NORTHING": 531465.61, "EASTING": 940567.647, "COMMEMORATIVE": null, "ALIAS_ID": null, "OBJECTID": 2823, "OBSERVATI4": null}}, {"type": "Feature", "id": 2282, "geometry": {"type": "Point", "coordinates": [-80.13519080044844, 25.79527184650742]}, "properties": {"POINT_ID": 33983, "TREE_SPECI": "Live Oak", "SCI_NAME": "Quercus virginiana", "DBH": 11, "MULTI_TRUN": "No", "CONDITION": "Fair", "PRUNING": " ", "RISK_FACTO": "None", "OBSERVATIO": "Leaning - Minor", "OBSERVATI2": "Co-Dominant Leaders", "OBSERVATI3": " ", "OVERHEAD_U": "No", "GROWING_SP": "Park", "GPS_DATE": 1499212800000, "GPS_TIME": "01:11:42pm", "NORTHING": 532214.821, "EASTING": 940711.614, "COMMEMORATIVE": null, "ALIAS_ID": null, "OBJECTID": 2282, "OBSERVATI4": null}}, {"type": "Feature", "id": 2159, "geometry": {"type": "Point", "coordinates": [-80.13539195750721, 25.795780248232816]}, "properties": {"POINT_ID": 33860, "TREE_SPECI": "Florida Thatch Palm", "SCI_NAME": "Thrinax radiata", "DBH": 3, "MULTI_TRUN": "No", "CONDITION": "Good", "PRUNING": " ", "RISK_FACTO": "None", "OBSERVATIO": "Leaning - Minor", "OBSERVATI2": " ", "OBSERVATI3": " ", "OVERHEAD_U": "No", "GROWING_SP": "Park", "GPS_DATE": 1499212800000, "GPS_TIME": "10:04:22am", "NORTHING": 532399.176, "EASTING": 940644.211, "COMMEMORATIVE": null, "ALIAS_ID": null, "OBJECTID": 2159, "OBSERVATI4": null}}, {"type": "Feature", "id": 2153, "geometry": {"type": "Point", "coordinates": [-80.13548185916365, 25.795669230899875]}, "properties": {"POINT_ID": 33854, "TREE_SPECI": "Lignum vitae", "SCI_NAME": "Guajacum sanctum", "DBH": 6, "MULTI_TRUN": "Yes", "CONDITION": "Good", "PRUNING": " ", "RISK_FACTO": "None", "OBSERVATIO": " ", "OBSERVATI2": " ", "OBSERVATI3": " ", "OVERHEAD_U": "No", "GROWING_SP": "Park", "GPS_DATE": 1499212800000, "GPS_TIME": "09:59:07am", "NORTHING": 532358.63, "EASTING": 940614.895, "COMMEMORATIVE": null, "ALIAS_ID": null, "OBJECTID": 2153, "OBSERVATI4": null}}, {"type": "Feature", "id": 2840, "geometry": {"type": "Point", "coordinates": [-80.13590833910469, 25.79329620226931]}, "properties": {"POINT_ID": 34541, "TREE_SPECI": "Wild/Cuban Tamarind", "SCI_NAME": "Lysiloma latisiliquum", "DBH": 8, "MULTI_TRUN": "No", "CONDITION": "Good", "PRUNING": " ", "RISK_FACTO": "None", "OBSERVATIO": "Co-Dominant Leaders", "OBSERVATI2": " ", "OBSERVATI3": " ", "OVERHEAD_U": "No", "GROWING_SP": "Road/ROW", "GPS_DATE": 1493078400000, "GPS_TIME": "01:24:28pm", "NORTHING": 531495.182, "EASTING": 940480.227, "COMMEMORATIVE": null, "ALIAS_ID": null, "OBJECTID": 2840, "OBSERVATI4": null}}, {"type": "Feature", "id": 3905, "geometry": {"type": "Point", "coordinates": [-80.13236362608585, 25.7918802661928]}, "properties": {"POINT_ID": 35606, "TREE_SPECI": "Arecina Palm", "SCI_NAME": "Veitchia arecina", "DBH": 6, "MULTI_TRUN": "No", "CONDITION": "Good", "PRUNING": " ", "RISK_FACTO": "None", "OBSERVATIO": " ", "OBSERVATI2": " ", "OBSERVATI3": " ", "OVERHEAD_U": "No", "GROWING_SP": "Park", "GPS_DATE": 1494374400000, "GPS_TIME": "11:58:08am", "NORTHING": 530988.2, "EASTING": 941649.993, "COMMEMORATIVE": null, "ALIAS_ID": null, "OBJECTID": 3905, "OBSERVATI4": null}}, {"type": "Feature", "id": 7901, "geometry": {"type": "Point", "coordinates": [-80.13203119154907, 25.78481163357001]}, "properties": {"POINT_ID": 39602, "TREE_SPECI": "Coconut Palm", "SCI_NAME": "Cocos nucifera", "DBH": 8, "MULTI_TRUN": "No", "CONDITION": "Good", "PRUNING": "Clearance Pruning", "RISK_FACTO": "None", "OBSERVATIO": "White Fly", "OBSERVATI2": "Adjacent Light Pole", "OBSERVATI3": " ", "OVERHEAD_U": "Yes", "GROWING_SP": "Road/ROW", "GPS_DATE": 1503360000000, "GPS_TIME": "09:12:46am", "NORTHING": 528419.678, "EASTING": 941776.315, "COMMEMORATIVE": null, "ALIAS_ID": null, "OBJECTID": 7901, "OBSERVATI4": null}}, {"type": "Feature", "id": 7889, "geometry": {"type": "Point", "coordinates": [-80.13218146713156, 25.784717322322543]}, "properties": {"POINT_ID": 39590, "TREE_SPECI": "Coconut Palm", "SCI_NAME": "Cocos nucifera", "DBH": 8, "MULTI_TRUN": "No", "CONDITION": "Good", "PRUNING": " ", "RISK_FACTO": "None", "OBSERVATIO": "White Fly", "OBSERVATI2": " ", "OBSERVATI3": " ", "OVERHEAD_U": "No", "GROWING_SP": "Road/ROW", "GPS_DATE": 1503360000000, "GPS_TIME": "09:05:20am", "NORTHING": 528385.073, "EASTING": 941727.089, "COMMEMORATIVE": null, "ALIAS_ID": null, "OBJECTID": 7889, "OBSERVATI4": null}}, {"type": "Feature", "id": 2923, "geometry": {"type": "Point", "coordinates": [-80.13652771510733, 25.795232608361033]}, "properties": {"POINT_ID": 34624, "TREE_SPECI": "Buccaneer Palm", "SCI_NAME": "Pseudophoenix sargentii", "DBH": 8, "MULTI_TRUN": "No", "CONDITION": "Dead", "PRUNING": "Remove Tree", "RISK_FACTO": "None", "OBSERVATIO": " ", "OBSERVATI2": " ", "OBSERVATI3": " ", "OVERHEAD_U": "No", "GROWING_SP": "Park", "GPS_DATE": 1493078400000, "GPS_TIME": "03:22:43pm", "NORTHING": 532197.672, "EASTING": 940271.808, "COMMEMORATIVE": null, "ALIAS_ID": null, "OBJECTID": 2923, "OBSERVATI4": null}}, {"type": "Feature", "id": 2136, "geometry": {"type": "Point", "coordinates": [-80.13562236829969, 25.795684943390196]}, "properties": {"POINT_ID": 33837, "TREE_SPECI": "Mataranka Palm", "SCI_NAME": "Livistona rigida", "DBH": 8, "MULTI_TRUN": "No", "CONDITION": "Good", "PRUNING": " ", "RISK_FACTO": "None", "OBSERVATIO": " ", "OBSERVATI2": " ", "OBSERVATI3": " ", "OVERHEAD_U": "No", "GROWING_SP": "Park", "GPS_DATE": 1499212800000, "GPS_TIME": "09:40:59am", "NORTHING": 532364.038, "EASTING": 940568.624, "COMMEMORATIVE": null, "ALIAS_ID": null, "OBJECTID": 2136, "OBSERVATI4": null}}, {"type": "Feature", "id": 2207, "geometry": {"type": "Point", "coordinates": [-80.13526924992067, 25.795921131944468]}, "properties": {"POINT_ID": 33908, "TREE_SPECI": "Solitaire Palm", "SCI_NAME": "Ptychosperma elegans", "DBH": 12, "MULTI_TRUN": "Yes", "CONDITION": "Good", "PRUNING": " ", "RISK_FACTO": "None", "OBSERVATIO": " ", "OBSERVATI2": " ", "OBSERVATI3": " ", "OVERHEAD_U": "No", "GROWING_SP": "Park", "GPS_DATE": 1499212800000, "GPS_TIME": "10:55:17am", "NORTHING": 532450.648, "EASTING": 940684.251, "COMMEMORATIVE": null, "ALIAS_ID": null, "OBJECTID": 2207, "OBSERVATI4": null}}, {"type": "Feature", "id": 2940, "geometry": {"type": "Point", "coordinates": [-80.13634219328267, 25.79522204980224]}, "properties": {"POINT_ID": 34641, "TREE_SPECI": "Solitaire Palm", "SCI_NAME": "Ptychosperma elegans", "DBH": 4, "MULTI_TRUN": "No", "CONDITION": "Good", "PRUNING": " ", "RISK_FACTO": "None", "OBSERVATIO": " ", "OBSERVATI2": " ", "OBSERVATI3": " ", "OVERHEAD_U": "No", "GROWING_SP": "Park", "GPS_DATE": 1493078400000, "GPS_TIME": "03:31:29pm", "NORTHING": 532194.235, "EASTING": 940332.877, "COMMEMORATIVE": null, "ALIAS_ID": null, "OBJECTID": 2940, "OBSERVATI4": null}}, {"type": "Feature", "id": 7360, "geometry": {"type": "Point", "coordinates": [-80.1365545602725, 25.786331587136843]}, "properties": {"POINT_ID": 39061, "TREE_SPECI": "Australian Pine", "SCI_NAME": "Casuarina equisetifolia", "DBH": 15, "MULTI_TRUN": "No", "CONDITION": "Fair", "PRUNING": " ", "RISK_FACTO": "None", "OBSERVATIO": "Lopsided Canopy", "OBSERVATI2": "Reduced Canopy - Minor", "OBSERVATI3": "Co-Dominant Leaders", "OVERHEAD_U": "No", "GROWING_SP": "Park", "GPS_DATE": 1502928000000, "GPS_TIME": "08:32:34am", "NORTHING": 528962.353, "EASTING": 940284.189, "COMMEMORATIVE": null, "ALIAS_ID": null, "OBJECTID": 7360, "OBSERVATI4": null}}, {"type": "Feature", "id": 7348, "geometry": {"type": "Point", "coordinates": [-80.13655809018212, 25.78616176361044]}, "properties": {"POINT_ID": 39049, "TREE_SPECI": "Australian Pine", "SCI_NAME": "Casuarina equisetifolia", "DBH": 22, "MULTI_TRUN": "No", "CONDITION": "Fair", "PRUNING": " ", "RISK_FACTO": "None", "OBSERVATIO": "Leader - Bent", "OBSERVATI2": "Reduced Canopy - Minor", "OBSERVATI3": "Co-Dominant Leaders", "OVERHEAD_U": "No", "GROWING_SP": "Park", "GPS_DATE": 1502928000000, "GPS_TIME": "08:20:29am", "NORTHING": 528900.619, "EASTING": 940283.432, "COMMEMORATIVE": null, "ALIAS_ID": null, "OBJECTID": 7348, "OBSERVATI4": null}}, {"type": "Feature", "id": 10643, "geometry": {"type": "Point", "coordinates": [-80.13060886008604, 25.77862472346724]}, "properties": {"POINT_ID": 42344, "TREE_SPECI": "Coconut Palm", "SCI_NAME": "Cocos nucifera", "DBH": 12, "MULTI_TRUN": "No", "CONDITION": "Fair", "PRUNING": " ", "RISK_FACTO": "None", "OBSERVATIO": "Discolored Foliage", "OBSERVATI2": " ", "OBSERVATI3": " ", "OVERHEAD_U": "No", "GROWING_SP": "Park", "GPS_DATE": 1503446400000, "GPS_TIME": "01:21:36pm", "NORTHING": 526174.005, "EASTING": 942259.203, "COMMEMORATIVE": null, "ALIAS_ID": null, "OBJECTID": 10643, "OBSERVATI4": null}}, {"type": "Feature", "id": 10557, "geometry": {"type": "Point", "coordinates": [-80.12998171302348, 25.779451278637247]}, "properties": {"POINT_ID": 42258, "TREE_SPECI": "Sea Grape", "SCI_NAME": "Coccoloba uvifera", "DBH": 3, "MULTI_TRUN": "No", "CONDITION": "Good", "PRUNING": " ", "RISK_FACTO": "None", "OBSERVATIO": " ", "OBSERVATI2": " ", "OBSERVATI3": " ", "OVERHEAD_U": "No", "GROWING_SP": "Park", "GPS_DATE": 1503446400000, "GPS_TIME": "02:08:51pm", "NORTHING": 526475.796, "EASTING": 942463.605, "COMMEMORATIVE": null, "ALIAS_ID": null, "OBJECTID": 10557, "OBSERVATI4": null}}, {"type": "Feature", "id": 6229, "geometry": {"type": "Point", "coordinates": [-80.13968116034638, 25.783363448607634]}, "properties": {"POINT_ID": 37930, "TREE_SPECI": "Royal Palm", "SCI_NAME": "Roystonea elata", "DBH": 8, "MULTI_TRUN": "No", "CONDITION": "Good", "PRUNING": " ", "RISK_FACTO": "None", "OBSERVATIO": " ", "OBSERVATI2": " ", "OBSERVATI3": " ", "OVERHEAD_U": "No", "GROWING_SP": "Road/ROW", "GPS_DATE": 1501718400000, "GPS_TIME": "12:00:51pm", "NORTHING": 527876.789, "EASTING": 939262.38, "COMMEMORATIVE": null, "ALIAS_ID": null, "OBJECTID": 6229, "OBSERVATI4": null}}, {"type": "Feature", "id": 2894, "geometry": {"type": "Point", "coordinates": [-80.1365153944056, 25.795055985226014]}, "properties": {"POINT_ID": 34595, "TREE_SPECI": "Buccaneer Palm", "SCI_NAME": "Pseudophoenix sargentii", "DBH": 7, "MULTI_TRUN": "No", "CONDITION": "Good", "PRUNING": " ", "RISK_FACTO": "None", "OBSERVATIO": " ", "OBSERVATI2": " ", "OBSERVATI3": " ", "OVERHEAD_U": "No", "GROWING_SP": "Park", "GPS_DATE": 1493078400000, "GPS_TIME": "03:05:27pm", "NORTHING": 532133.501, "EASTING": 940276.283, "COMMEMORATIVE": null, "ALIAS_ID": null, "OBJECTID": 2894, "OBSERVATI4": null}}, {"type": "Feature", "id": 3032, "geometry": {"type": "Point", "coordinates": [-80.13583382244838, 25.79551229209339]}, "properties": {"POINT_ID": 34733, "TREE_SPECI": "Solitaire Palm", "SCI_NAME": "Ptychosperma elegans", "DBH": 4, "MULTI_TRUN": "Yes", "CONDITION": "Good", "PRUNING": " ", "RISK_FACTO": "None", "OBSERVATIO": "Cluster", "OBSERVATI2": " ", "OBSERVATI3": " ", "OVERHEAD_U": "No", "GROWING_SP": "Park", "GPS_DATE": 1493164800000, "GPS_TIME": "10:31:42am", "NORTHING": 532300.827, "EASTING": 940499.46, "COMMEMORATIVE": null, "ALIAS_ID": null, "OBJECTID": 3032, "OBSERVATI4": null}}, {"type": "Feature", "id": 2199, "geometry": {"type": "Point", "coordinates": [-80.13525165524143, 25.795922634023416]}, "properties": {"POINT_ID": 33900, "TREE_SPECI": "Palma de Sierra Lume", "SCI_NAME": "Prestoea montana", "DBH": 1, "MULTI_TRUN": "No", "CONDITION": "Good", "PRUNING": " ", "RISK_FACTO": "None", "OBSERVATIO": " ", "OBSERVATI2": " ", "OBSERVATI3": " ", "OVERHEAD_U": "No", "GROWING_SP": "Park", "GPS_DATE": 1499212800000, "GPS_TIME": "10:45:35am", "NORTHING": 532451.232, "EASTING": 940690.036, "COMMEMORATIVE": null, "ALIAS_ID": null, "OBJECTID": 2199, "OBSERVATI4": null}}, {"type": "Feature", "id": 2236, "geometry": {"type": "Point", "coordinates": [-80.13528766667403, 25.795585887471432]}, "properties": {"POINT_ID": 33937, "TREE_SPECI": "Red Mangrove", "SCI_NAME": "Rhizophora mangle", "DBH": 12, "MULTI_TRUN": "Yes", "CONDITION": "Good", "PRUNING": " ", "RISK_FACTO": "None", "OBSERVATIO": " ", "OBSERVATI2": " ", "OBSERVATI3": " ", "OVERHEAD_U": "No", "GROWING_SP": "Park", "GPS_DATE": 1499212800000, "GPS_TIME": "12:26:12pm", "NORTHING": 532328.757, "EASTING": 940678.991, "COMMEMORATIVE": null, "ALIAS_ID": null, "OBJECTID": 2236, "OBSERVATI4": null}}, {"type": "Feature", "id": 2230, "geometry": {"type": "Point", "coordinates": [-80.13521359838452, 25.795663700470115]}, "properties": {"POINT_ID": 33931, "TREE_SPECI": "Sabal maritima", "SCI_NAME": "Sabal maritima", "DBH": 22, "MULTI_TRUN": "No", "CONDITION": "Good", "PRUNING": " ", "RISK_FACTO": "None", "OBSERVATIO": " ", "OBSERVATI2": " ", "OBSERVATI3": " ", "OVERHEAD_U": "No", "GROWING_SP": "Park", "GPS_DATE": 1499212800000, "GPS_TIME": "12:20:30pm", "NORTHING": 532357.2, "EASTING": 940703.177, "COMMEMORATIVE": null, "ALIAS_ID": null, "OBJECTID": 2230, "OBSERVATI4": null}}, {"type": "Feature", "id": 4901, "geometry": {"type": "Point", "coordinates": [-80.13017227243367, 25.796976021574896]}, "properties": {"POINT_ID": 36602, "TREE_SPECI": "Bridalveil Tree", "SCI_NAME": "Caesalpinia granadillo", "DBH": 12, "MULTI_TRUN": "No", "CONDITION": "Fair", "PRUNING": " ", "RISK_FACTO": "None", "OBSERVATIO": "Co-Dominant Leaders", "OBSERVATI2": "Leaning - Minor", "OBSERVATI3": " ", "OVERHEAD_U": "No", "GROWING_SP": "Park", "GPS_DATE": 1499299200000, "GPS_TIME": "12:24:31pm", "NORTHING": 532845.119, "EASTING": 942358.822, "COMMEMORATIVE": null, "ALIAS_ID": null, "OBJECTID": 4901, "OBSERVATI4": null}}, {"type": "Feature", "id": 2917, "geometry": {"type": "Point", "coordinates": [-80.13653825773058, 25.795197871491062]}, "properties": {"POINT_ID": 34618, "TREE_SPECI": "Buccaneer Palm", "SCI_NAME": "Pseudophoenix sargentii", "DBH": 10, "MULTI_TRUN": "No", "CONDITION": "Good", "PRUNING": " ", "RISK_FACTO": "None", "OBSERVATIO": " ", "OBSERVATI2": " ", "OBSERVATI3": " ", "OVERHEAD_U": "No", "GROWING_SP": "Park", "GPS_DATE": 1493078400000, "GPS_TIME": "03:19:21pm", "NORTHING": 532185.024, "EASTING": 940268.422, "COMMEMORATIVE": null, "ALIAS_ID": null, "OBJECTID": 2917, "OBSERVATI4": null}}, {"type": "Feature", "id": 2253, "geometry": {"type": "Point", "coordinates": [-80.13529215031943, 25.795408777474996]}, "properties": {"POINT_ID": 33954, "TREE_SPECI": "Solitaire Palm", "SCI_NAME": "Ptychosperma elegans", "DBH": 3, "MULTI_TRUN": "No", "CONDITION": "Good", "PRUNING": " ", "RISK_FACTO": "None", "OBSERVATIO": " ", "OBSERVATI2": " ", "OBSERVATI3": " ", "OVERHEAD_U": "No", "GROWING_SP": "Park", "GPS_DATE": 1499212800000, "GPS_TIME": "12:41:29pm", "NORTHING": 532264.373, "EASTING": 940677.939, "COMMEMORATIVE": null, "ALIAS_ID": null, "OBJECTID": 2253, "OBSERVATI4": null}}, {"type": "Feature", "id": 2293, "geometry": {"type": "Point", "coordinates": [-80.13512994611868, 25.795355653943144]}, "properties": {"POINT_ID": 33994, "TREE_SPECI": "Queen Crepe Myrtle", "SCI_NAME": "Lagerstroemia speciosa", "DBH": 9, "MULTI_TRUN": "No", "CONDITION": "Fair", "PRUNING": " ", "RISK_FACTO": "None", "OBSERVATIO": "Defoliated - Moderate", "OBSERVATI2": " ", "OBSERVATI3": " ", "OVERHEAD_U": "No", "GROWING_SP": "Park", "GPS_DATE": 1499212800000, "GPS_TIME": "01:20:35pm", "NORTHING": 532245.415, "EASTING": 940731.437, "COMMEMORATIVE": null, "ALIAS_ID": null, "OBJECTID": 2293, "OBSERVATI4": null}}, {"type": "Feature", "id": 2886, "geometry": {"type": "Point", "coordinates": [-80.1365547203293, 25.795028217024324]}, "properties": {"POINT_ID": 34587, "TREE_SPECI": "Buccaneer Palm", "SCI_NAME": "Pseudophoenix sargentii", "DBH": 7, "MULTI_TRUN": "No", "CONDITION": "Good", "PRUNING": " ", "RISK_FACTO": "None", "OBSERVATIO": " ", "OBSERVATI2": " ", "OBSERVATI3": " ", "OVERHEAD_U": "No", "GROWING_SP": "Park", "GPS_DATE": 1493078400000, "GPS_TIME": "03:01:07pm", "NORTHING": 532123.324, "EASTING": 940263.409, "COMMEMORATIVE": null, "ALIAS_ID": null, "OBJECTID": 2886, "OBSERVATI4": null}}, {"type": "Feature", "id": 6621, "geometry": {"type": "Point", "coordinates": [-80.13647792723808, 25.785569518339848]}, "properties": {"POINT_ID": 38322, "TREE_SPECI": "Brazilian Beauty Leaf", "SCI_NAME": "Calophyllum brasiliense", "DBH": 34, "MULTI_TRUN": "No", "CONDITION": "Poor", "PRUNING": " ", "RISK_FACTO": "Constricted Roots - Severe", "OBSERVATIO": "Constricted Roots", "OBSERVATI2": "Trunk Damage - Minor", "OBSERVATI3": " ", "OVERHEAD_U": "No", "GROWING_SP": "Road/ROW", "GPS_DATE": 1502236800000, "GPS_TIME": "09:19:49am", "NORTHING": 528685.529, "EASTING": 940311.222, "COMMEMORATIVE": null, "ALIAS_ID": null, "OBJECTID": 6621, "OBSERVATI4": null}}, {"type": "Feature", "id": 28834, "geometry": {"type": "Point", "coordinates": [-80.13926441698486, 25.80039372458383]}, "properties": {"POINT_ID": 24413, "TREE_SPECI": "Christmas Palm", "SCI_NAME": null, "DBH": 5, "MULTI_TRUN": "No", "CONDITION": "Good", "PRUNING": " ", "RISK_FACTO": "None", "OBSERVATIO": "Utility Lines Above", "OBSERVATI2": " ", "OBSERVATI3": " ", "OVERHEAD_U": "Yes", "GROWING_SP": "ROW/Swale", "GPS_DATE": 1452211200000, "GPS_TIME": "11:52:42am", "NORTHING": 534067.692, "EASTING": 939359.056, "COMMEMORATIVE": "N", "ALIAS_ID": null, "OBJECTID": 28834, "OBSERVATI4": null}}, {"type": "Feature", "id": 5333, "geometry": {"type": "Point", "coordinates": [-80.12895361139157, 25.795597998889733]}, "properties": {"POINT_ID": 37034, "TREE_SPECI": "Green Buttonwood", "SCI_NAME": "Conocarpus erectus", "DBH": 14, "MULTI_TRUN": "No", "CONDITION": "Good", "PRUNING": " ", "RISK_FACTO": "None", "OBSERVATIO": " ", "OBSERVATI2": " ", "OBSERVATI3": " ", "OVERHEAD_U": "No", "GROWING_SP": "Road/ROW", "GPS_DATE": 1501632000000, "GPS_TIME": "12:39:44pm", "NORTHING": 532346.898, "EASTING": 942763.12, "COMMEMORATIVE": null, "ALIAS_ID": null, "OBJECTID": 5333, "OBSERVATI4": null}}, {"type": "Feature", "id": 5339, "geometry": {"type": "Point", "coordinates": [-80.12835249063137, 25.79539895354498]}, "properties": {"POINT_ID": 37040, "TREE_SPECI": "Green Buttonwood", "SCI_NAME": "Conocarpus erectus", "DBH": 16, "MULTI_TRUN": "No", "CONDITION": "Fair", "PRUNING": "Structure Pruning", "RISK_FACTO": "None", "OBSERVATIO": "Lopsided Canopy", "OBSERVATI2": " ", "OBSERVATI3": " ", "OVERHEAD_U": "No", "GROWING_SP": "Road/ROW", "GPS_DATE": 1501632000000, "GPS_TIME": "12:47:48pm", "NORTHING": 532275.86, "EASTING": 942961.392, "COMMEMORATIVE": null, "ALIAS_ID": null, "OBJECTID": 5339, "OBSERVATI4": null}}, {"type": "Feature", "id": 4752, "geometry": {"type": "Point", "coordinates": [-80.12918932428083, 25.797380970301134]}, "properties": {"POINT_ID": 36453, "TREE_SPECI": "Washingtonia Palm", "SCI_NAME": "Washingtonia robusta", "DBH": 10, "MULTI_TRUN": "No", "CONDITION": "Good", "PRUNING": " ", "RISK_FACTO": "None", "OBSERVATIO": " ", "OBSERVATI2": " ", "OBSERVATI3": " ", "OVERHEAD_U": "No", "GROWING_SP": "Park", "GPS_DATE": 1499299200000, "GPS_TIME": "09:56:27am", "NORTHING": 532994.444, "EASTING": 942681.274, "COMMEMORATIVE": null, "ALIAS_ID": null, "OBJECTID": 4752, "OBSERVATI4": null}}, {"type": "Feature", "id": 4746, "geometry": {"type": "Point", "coordinates": [-80.12926775413654, 25.79744518964937]}, "properties": {"POINT_ID": 36447, "TREE_SPECI": "Washingtonia Palm", "SCI_NAME": "Washingtonia robusta", "DBH": 10, "MULTI_TRUN": "No", "CONDITION": "Good", "PRUNING": " ", "RISK_FACTO": "None", "OBSERVATIO": " ", "OBSERVATI2": " ", "OBSERVATI3": " ", "OVERHEAD_U": "No", "GROWING_SP": "Park", "GPS_DATE": 1499299200000, "GPS_TIME": "09:53:43am", "NORTHING": 533017.615, "EASTING": 942655.314, "COMMEMORATIVE": null, "ALIAS_ID": null, "OBJECTID": 4746, "OBSERVATI4": null}}, {"type": "Feature", "id": 28857, "geometry": {"type": "Point", "coordinates": [-80.13912650712263, 25.799816840140544]}, "properties": {"POINT_ID": 24436, "TREE_SPECI": "Christmas Palm", "SCI_NAME": null, "DBH": 9, "MULTI_TRUN": "Yes", "CONDITION": "Good", "PRUNING": " ", "RISK_FACTO": "None", "OBSERVATIO": " ", "OBSERVATI2": " ", "OBSERVATI3": " ", "OVERHEAD_U": "No", "GROWING_SP": "ROW/Swale", "GPS_DATE": 1452211200000, "GPS_TIME": "12:06:09pm", "NORTHING": 533858.308, "EASTING": 939405.803, "COMMEMORATIVE": "N", "ALIAS_ID": null, "OBJECTID": 28857, "OBSERVATI4": null}}, {"type": "Feature", "id": 28957, "geometry": {"type": "Point", "coordinates": [-80.13817808643383, 25.79987428879751]}, "properties": {"POINT_ID": 24536, "TREE_SPECI": "Vera Wood", "SCI_NAME": null, "DBH": 6, "MULTI_TRUN": "No", "CONDITION": "Fair", "PRUNING": " ", "RISK_FACTO": "None", "OBSERVATIO": "Leader - Bent", "OBSERVATI2": " ", "OBSERVATI3": " ", "OVERHEAD_U": "No", "GROWING_SP": "Median", "GPS_DATE": 1452211200000, "GPS_TIME": "01:53:27pm", "NORTHING": 533881.23, "EASTING": 939717.723, "COMMEMORATIVE": "N", "ALIAS_ID": null, "OBJECTID": 28957, "OBSERVATI4": null}}, {"type": "Feature", "id": 6916, "geometry": {"type": "Point", "coordinates": [-80.1375507230563, 25.783640247367146]}, "properties": {"POINT_ID": 38617, "TREE_SPECI": "Queen Palm", "SCI_NAME": "Syagrus romanzoffiana", "DBH": 10, "MULTI_TRUN": "No", "CONDITION": "Good", "PRUNING": " ", "RISK_FACTO": "None", "OBSERVATIO": " ", "OBSERVATI2": " ", "OBSERVATI3": " ", "OVERHEAD_U": "No", "GROWING_SP": "Park", "GPS_DATE": 1502841600000, "GPS_TIME": "08:20:46am", "NORTHING": 527981.982, "EASTING": 939962.792, "COMMEMORATIVE": null, "ALIAS_ID": null, "OBJECTID": 6916, "OBSERVATI4": null}}, {"type": "Feature", "id": 28911, "geometry": {"type": "Point", "coordinates": [-80.13862800948237, 25.799048087075636]}, "properties": {"POINT_ID": 24490, "TREE_SPECI": "Areca Palm", "SCI_NAME": null, "DBH": 15, "MULTI_TRUN": "Yes", "CONDITION": "Fair", "PRUNING": " ", "RISK_FACTO": "None", "OBSERVATIO": "Reduced Canopy - Moderate", "OBSERVATI2": "Discolored Foliage", "OBSERVATI3": " ", "OVERHEAD_U": "No", "GROWING_SP": "ROW/Swale", "GPS_DATE": 1452211200000, "GPS_TIME": "12:49:56pm", "NORTHING": 533579.961, "EASTING": 939571.651, "COMMEMORATIVE": "N", "ALIAS_ID": null, "OBJECTID": 28911, "OBSERVATI4": null}}, {"type": "Feature", "id": 28951, "geometry": {"type": "Point", "coordinates": [-80.13818562683383, 25.800414170413273]}, "properties": {"POINT_ID": 24530, "TREE_SPECI": "Vera Wood", "SCI_NAME": null, "DBH": 7, "MULTI_TRUN": "No", "CONDITION": "Fair", "PRUNING": " ", "RISK_FACTO": "None", "OBSERVATIO": "Leader - Bent", "OBSERVATI2": " ", "OBSERVATI3": " ", "OVERHEAD_U": "No", "GROWING_SP": "Median", "GPS_DATE": 1452211200000, "GPS_TIME": "01:50:23pm", "NORTHING": 534077.446, "EASTING": 939713.958, "COMMEMORATIVE": "N", "ALIAS_ID": null, "OBJECTID": 28951, "OBSERVATI4": null}}, {"type": "Feature", "id": 9910, "geometry": {"type": "Point", "coordinates": [-80.13387982528656, 25.778462331102542]}, "properties": {"POINT_ID": 41611, "TREE_SPECI": "Coconut Palm", "SCI_NAME": "Cocos nucifera", "DBH": 10, "MULTI_TRUN": "No", "CONDITION": "Fair", "PRUNING": " ", "RISK_FACTO": "None", "OBSERVATIO": "Discolored Foliage", "OBSERVATI2": " ", "OBSERVATI3": " ", "OVERHEAD_U": "No", "GROWING_SP": "Road/ROW", "GPS_DATE": 1503964800000, "GPS_TIME": "11:59:21am", "NORTHING": 526107.889, "EASTING": 941183.16, "COMMEMORATIVE": null, "ALIAS_ID": null, "OBJECTID": 9910, "OBSERVATI4": null}}, {"type": "Feature", "id": 9916, "geometry": {"type": "Point", "coordinates": [-80.13387945442086, 25.77924652999899]}, "properties": {"POINT_ID": 41617, "TREE_SPECI": "Mahogany", "SCI_NAME": "Swietenia mahagoni", "DBH": 9, "MULTI_TRUN": "No", "CONDITION": "Fair", "PRUNING": " ", "RISK_FACTO": "None", "OBSERVATIO": "Constricted Roots", "OBSERVATI2": "Leaning - Minor", "OBSERVATI3": " ", "OVERHEAD_U": "No", "GROWING_SP": "Road/ROW", "GPS_DATE": 1503964800000, "GPS_TIME": "12:04:36pm", "NORTHING": 526392.923, "EASTING": 941181.408, "COMMEMORATIVE": null, "ALIAS_ID": null, "OBJECTID": 9916, "OBSERVATI4": null}}, {"type": "Feature", "id": 7254, "geometry": {"type": "Point", "coordinates": [-80.13654329750186, 25.784785095394714]}, "properties": {"POINT_ID": 38955, "TREE_SPECI": "Australian Pine", "SCI_NAME": "Casuarina equisetifolia", "DBH": 30, "MULTI_TRUN": "No", "CONDITION": "Fair", "PRUNING": " ", "RISK_FACTO": "None", "OBSERVATIO": "Utility Lines - Adjacent", "OBSERVATI2": "Leaning - Moderate", "OBSERVATI3": " ", "OVERHEAD_U": "Yes", "GROWING_SP": "Park", "GPS_DATE": 1502841600000, "GPS_TIME": "01:46:50pm", "NORTHING": 528400.273, "EASTING": 940291.58, "COMMEMORATIVE": null, "ALIAS_ID": null, "OBJECTID": 7254, "OBSERVATI4": null}}, {"type": "Feature", "id": 7005, "geometry": {"type": "Point", "coordinates": [-80.1371277265319, 25.78220110085581]}, "properties": {"POINT_ID": 38706, "TREE_SPECI": "Cabbage Palm", "SCI_NAME": "Sabal palmetto", "DBH": 15, "MULTI_TRUN": "No", "CONDITION": "Good", "PRUNING": " ", "RISK_FACTO": "None", "OBSERVATIO": " ", "OBSERVATI2": " ", "OBSERVATI3": " ", "OVERHEAD_U": "No", "GROWING_SP": "Park", "GPS_DATE": 1502841600000, "GPS_TIME": "09:39:35am", "NORTHING": 527459.807, "EASTING": 940105.415, "COMMEMORATIVE": null, "ALIAS_ID": null, "OBJECTID": 7005, "OBSERVATI4": null}}, {"type": "Feature", "id": 4005, "geometry": {"type": "Point", "coordinates": [-80.13266482429938, 25.79138325143529]}, "properties": {"POINT_ID": 35706, "TREE_SPECI": "Montgomery Palm", "SCI_NAME": "Veitchia montgomeryana", "DBH": 13, "MULTI_TRUN": "Yes", "CONDITION": "Good", "PRUNING": " ", "RISK_FACTO": "None", "OBSERVATIO": " ", "OBSERVATI2": " ", "OBSERVATI3": " ", "OVERHEAD_U": "No", "GROWING_SP": "Park", "GPS_DATE": 1494374400000, "GPS_TIME": "01:39:08pm", "NORTHING": 530806.897, "EASTING": 941552.074, "COMMEMORATIVE": null, "ALIAS_ID": null, "OBJECTID": 4005, "OBSERVATI4": null}}, {"type": "Feature", "id": 4011, "geometry": {"type": "Point", "coordinates": [-80.1326794245561, 25.791323866291524]}, "properties": {"POINT_ID": 35712, "TREE_SPECI": "Montgomery Palm", "SCI_NAME": "Veitchia montgomeryana", "DBH": 16, "MULTI_TRUN": "Yes", "CONDITION": "Good", "PRUNING": " ", "RISK_FACTO": "None", "OBSERVATIO": " ", "OBSERVATI2": " ", "OBSERVATI3": " ", "OVERHEAD_U": "No", "GROWING_SP": "Park", "GPS_DATE": 1494374400000, "GPS_TIME": "01:41:50pm", "NORTHING": 530785.28, "EASTING": 941547.412, "COMMEMORATIVE": null, "ALIAS_ID": null, "OBJECTID": 4011, "OBSERVATI4": null}}, {"type": "Feature", "id": 6521, "geometry": {"type": "Point", "coordinates": [-80.14111033798333, 25.783217483683377]}, "properties": {"POINT_ID": 38222, "TREE_SPECI": "Live Oak", "SCI_NAME": "Quercus virginiana", "DBH": 8, "MULTI_TRUN": "No", "CONDITION": "Good", "PRUNING": " ", "RISK_FACTO": "None", "OBSERVATIO": " ", "OBSERVATI2": " ", "OBSERVATI3": " ", "OVERHEAD_U": "No", "GROWING_SP": "Road/ROW", "GPS_DATE": 1501804800000, "GPS_TIME": "12:29:35pm", "NORTHING": 527820.666, "EASTING": 938792.422, "COMMEMORATIVE": null, "ALIAS_ID": null, "OBJECTID": 6521, "OBSERVATI4": null}}, {"type": "Feature", "id": 3418, "geometry": {"type": "Point", "coordinates": [-80.13537850289269, 25.790634136570315]}, "properties": {"POINT_ID": 35119, "TREE_SPECI": "Date Palm", "SCI_NAME": "Phoenix dactylifera", "DBH": 18, "MULTI_TRUN": "No", "CONDITION": "Good", "PRUNING": " ", "RISK_FACTO": "None", "OBSERVATIO": " ", "OBSERVATI2": " ", "OBSERVATI3": " ", "OVERHEAD_U": "No", "GROWING_SP": "Park", "GPS_DATE": 1494979200000, "GPS_TIME": "10:21:40am", "NORTHING": 530528.743, "EASTING": 940660.921, "COMMEMORATIVE": null, "ALIAS_ID": null, "OBJECTID": 3418, "OBSERVATI4": null}}, {"type": "Feature", "id": 3424, "geometry": {"type": "Point", "coordinates": [-80.13514340144653, 25.790639871508652]}, "properties": {"POINT_ID": 35125, "TREE_SPECI": "European Fan Palm", "SCI_NAME": "Chamaerops humilis", "DBH": 4, "MULTI_TRUN": "No", "CONDITION": "Good", "PRUNING": " ", "RISK_FACTO": "None", "OBSERVATIO": " ", "OBSERVATI2": " ", "OBSERVATI3": " ", "OVERHEAD_U": "No", "GROWING_SP": "Park", "GPS_DATE": 1494979200000, "GPS_TIME": "10:27:01am", "NORTHING": 530531.335, "EASTING": 940738.268, "COMMEMORATIVE": null, "ALIAS_ID": null, "OBJECTID": 3424, "OBSERVATI4": null}}, {"type": "Feature", "id": 29003, "geometry": {"type": "Point", "coordinates": [-80.14040103719219, 25.797357006961935]}, "properties": {"POINT_ID": 24582, "TREE_SPECI": "Japanese Privet", "SCI_NAME": null, "DBH": 5, "MULTI_TRUN": "Yes", "CONDITION": "Good", "PRUNING": " ", "RISK_FACTO": "None", "OBSERVATIO": "Utility Lines Above", "OBSERVATI2": " ", "OBSERVATI3": " ", "OVERHEAD_U": "Yes", "GROWING_SP": "ROW/Swale", "GPS_DATE": 1452211200000, "GPS_TIME": "02:42:43pm", "NORTHING": 532961.489, "EASTING": 938992.285, "COMMEMORATIVE": "N", "ALIAS_ID": null, "OBJECTID": 29003, "OBSERVATI4": null}}, {"type": "Feature", "id": 29034, "geometry": {"type": "Point", "coordinates": [-80.13935094079689, 25.79833379509025]}, "properties": {"POINT_ID": 24613, "TREE_SPECI": "Triangle Palm", "SCI_NAME": null, "DBH": 13, "MULTI_TRUN": "No", "CONDITION": "Good", "PRUNING": " ", "RISK_FACTO": "None", "OBSERVATIO": " ", "OBSERVATI2": " ", "OBSERVATI3": " ", "OVERHEAD_U": "No", "GROWING_SP": "ROW/Swale", "GPS_DATE": 1452211200000, "GPS_TIME": "03:03:49pm", "NORTHING": 533318.781, "EASTING": 939335.483, "COMMEMORATIVE": "N", "ALIAS_ID": null, "OBJECTID": 29034, "OBSERVATI4": null}}, {"type": "Feature", "id": 10497, "geometry": {"type": "Point", "coordinates": [-80.12995018631474, 25.779920032603624]}, "properties": {"POINT_ID": 42198, "TREE_SPECI": "Coconut Palm", "SCI_NAME": "Cocos nucifera", "DBH": 10, "MULTI_TRUN": "No", "CONDITION": "Fair", "PRUNING": " ", "RISK_FACTO": "None", "OBSERVATIO": "Discolored Foliage", "OBSERVATI2": " ", "OBSERVATI3": " ", "OVERHEAD_U": "No", "GROWING_SP": "Park", "GPS_DATE": 1503446400000, "GPS_TIME": "01:30:55pm", "NORTHING": 526646.243, "EASTING": 942472.855, "COMMEMORATIVE": null, "ALIAS_ID": null, "OBJECTID": 10497, "OBSERVATI4": null}}, {"type": "Feature", "id": 10503, "geometry": {"type": "Point", "coordinates": [-80.13012806297097, 25.779829556707167]}, "properties": {"POINT_ID": 42204, "TREE_SPECI": "Cabbage Palm", "SCI_NAME": "Sabal palmetto", "DBH": 13, "MULTI_TRUN": "No", "CONDITION": "Fair", "PRUNING": " ", "RISK_FACTO": "None", "OBSERVATIO": "Discolored Foliage", "OBSERVATI2": " ", "OBSERVATI3": " ", "OVERHEAD_U": "No", "GROWING_SP": "Park", "GPS_DATE": 1503446400000, "GPS_TIME": "01:32:36pm", "NORTHING": 526612.971, "EASTING": 942414.536, "COMMEMORATIVE": null, "ALIAS_ID": null, "OBJECTID": 10503, "OBSERVATI4": null}}, {"type": "Feature", "id": 28997, "geometry": {"type": "Point", "coordinates": [-80.14010584898537, 25.797655394078177]}, "properties": {"POINT_ID": 24576, "TREE_SPECI": "Japanese Privet", "SCI_NAME": null, "DBH": 15, "MULTI_TRUN": "Yes", "CONDITION": "Good", "PRUNING": " ", "RISK_FACTO": "None", "OBSERVATIO": "Utility Lines Above", "OBSERVATI2": " ", "OBSERVATI3": " ", "OVERHEAD_U": "Yes", "GROWING_SP": "ROW/Swale", "GPS_DATE": 1452211200000, "GPS_TIME": "02:40:42pm", "NORTHING": 533070.578, "EASTING": 939088.704, "COMMEMORATIVE": "N", "ALIAS_ID": null, "OBJECTID": 28997, "OBSERVATI4": null}}, {"type": "Feature", "id": 6527, "geometry": {"type": "Point", "coordinates": [-80.14166032727292, 25.783001183692374]}, "properties": {"POINT_ID": 38228, "TREE_SPECI": "Simpson's Stopper", "SCI_NAME": "Myrcianthes fragrans", "DBH": 3, "MULTI_TRUN": "No", "CONDITION": "Good", "PRUNING": " ", "RISK_FACTO": "None", "OBSERVATIO": " ", "OBSERVATI2": " ", "OBSERVATI3": " ", "OVERHEAD_U": "No", "GROWING_SP": "Road/ROW", "GPS_DATE": 1501804800000, "GPS_TIME": "12:34:30pm", "NORTHING": 527740.868, "EASTING": 938611.947, "COMMEMORATIVE": null, "ALIAS_ID": null, "OBJECTID": 6527, "OBSERVATI4": null}}, {"type": "Feature", "id": 7995, "geometry": {"type": "Point", "coordinates": [-80.12838619508453, 25.787723470811198]}, "properties": {"POINT_ID": 39696, "TREE_SPECI": "Date Palm", "SCI_NAME": "Phoenix dactylifera", "DBH": 16, "MULTI_TRUN": "No", "CONDITION": "Fair", "PRUNING": " ", "RISK_FACTO": "None", "OBSERVATIO": "Discolored Foliage", "OBSERVATI2": " ", "OBSERVATI3": " ", "OVERHEAD_U": "No", "GROWING_SP": "Park", "GPS_DATE": 1503360000000, "GPS_TIME": "11:27:42am", "NORTHING": 529485.968, "EASTING": 942968.769, "COMMEMORATIVE": null, "ALIAS_ID": null, "OBJECTID": 7995, "OBSERVATI4": null}}, {"type": "Feature", "id": 6515, "geometry": {"type": "Point", "coordinates": [-80.14167838069963, 25.783849868244477]}, "properties": {"POINT_ID": 38216, "TREE_SPECI": "Royal Palm", "SCI_NAME": "Roystonea elata", "DBH": 25, "MULTI_TRUN": "No", "CONDITION": "Good", "PRUNING": " ", "RISK_FACTO": "None", "OBSERVATIO": " ", "OBSERVATI2": " ", "OBSERVATI3": " ", "OVERHEAD_U": "No", "GROWING_SP": "Road/ROW", "GPS_DATE": 1501804800000, "GPS_TIME": "12:23:17pm", "NORTHING": 528049.301, "EASTING": 938603.996, "COMMEMORATIVE": null, "ALIAS_ID": null, "OBJECTID": 6515, "OBSERVATI4": null}}, {"type": "Feature", "id": 6498, "geometry": {"type": "Point", "coordinates": [-80.141633518365, 25.785111417122454]}, "properties": {"POINT_ID": 38199, "TREE_SPECI": "Wild/Cuban Tamarind", "SCI_NAME": "Lysiloma latisiliquum", "DBH": 2, "MULTI_TRUN": "No", "CONDITION": "Good", "PRUNING": " ", "RISK_FACTO": "None", "OBSERVATIO": " ", "OBSERVATI2": " ", "OBSERVATI3": " ", "OVERHEAD_U": "No", "GROWING_SP": "Road/ROW", "GPS_DATE": 1501804800000, "GPS_TIME": "12:00:29pm", "NORTHING": 528507.932, "EASTING": 938615.771, "COMMEMORATIVE": null, "ALIAS_ID": null, "OBJECTID": 6498, "OBSERVATI4": null}}, {"type": "Feature", "id": 2637, "geometry": {"type": "Point", "coordinates": [-80.135653727984, 25.7953086244337]}, "properties": {"POINT_ID": 34338, "TREE_SPECI": "Solitaire Palm", "SCI_NAME": "Ptychosperma elegans", "DBH": 2, "MULTI_TRUN": "No", "CONDITION": "Good", "PRUNING": " ", "RISK_FACTO": "None", "OBSERVATIO": " ", "OBSERVATI2": " ", "OBSERVATI3": " ", "OVERHEAD_U": "No", "GROWING_SP": "Park", "GPS_DATE": 1497916800000, "GPS_TIME": "01:47:08pm", "NORTHING": 532227.189, "EASTING": 940559.204, "COMMEMORATIVE": null, "ALIAS_ID": null, "OBJECTID": 2637, "OBSERVATI4": null}}, {"type": "Feature", "id": 2677, "geometry": {"type": "Point", "coordinates": [-80.1366321281897, 25.79132239136752]}, "properties": {"POINT_ID": 34378, "TREE_SPECI": "Washingtonia Palm", "SCI_NAME": "Washingtonia robusta", "DBH": 12, "MULTI_TRUN": "No", "CONDITION": "Good", "PRUNING": " ", "RISK_FACTO": "None", "OBSERVATIO": " ", "OBSERVATI2": " ", "OBSERVATI3": " ", "OVERHEAD_U": "No", "GROWING_SP": "Road/ROW", "GPS_DATE": 1493078400000, "GPS_TIME": "10:04:28am", "NORTHING": 530776.197, "EASTING": 940246.771, "COMMEMORATIVE": null, "ALIAS_ID": null, "OBJECTID": 2677, "OBSERVATI4": null}}, {"type": "Feature", "id": 2090, "geometry": {"type": "Point", "coordinates": [-80.1369861058984, 25.790531249220432]}, "properties": {"POINT_ID": 33791, "TREE_SPECI": "Florida Thatch Palm", "SCI_NAME": "Thrinax radiata", "DBH": 5, "MULTI_TRUN": "No", "CONDITION": "Good", "PRUNING": " ", "RISK_FACTO": "None", "OBSERVATIO": " ", "OBSERVATI2": " ", "OBSERVATI3": " ", "OVERHEAD_U": "No", "GROWING_SP": "Park", "GPS_DATE": 1494460800000, "GPS_TIME": "02:30:35pm", "NORTHING": 530487.876, "EASTING": 940132.179, "COMMEMORATIVE": null, "ALIAS_ID": null, "OBJECTID": 2090, "OBSERVATI4": null}}, {"type": "Feature", "id": 2831, "geometry": {"type": "Point", "coordinates": [-80.13591649331093, 25.79327197602469]}, "properties": {"POINT_ID": 34532, "TREE_SPECI": "Florida Thatch Palm", "SCI_NAME": "Thrinax radiata", "DBH": 4, "MULTI_TRUN": "No", "CONDITION": "Good", "PRUNING": " ", "RISK_FACTO": "None", "OBSERVATIO": " ", "OBSERVATI2": " ", "OBSERVATI3": " ", "OVERHEAD_U": "No", "GROWING_SP": "Government", "GPS_DATE": 1493078400000, "GPS_TIME": "01:13:32pm", "NORTHING": 531486.359, "EASTING": 940477.602, "COMMEMORATIVE": null, "ALIAS_ID": null, "OBJECTID": 2831, "OBSERVATI4": null}}, {"type": "Feature", "id": 3080, "geometry": {"type": "Point", "coordinates": [-80.135932023154, 25.795646650349457]}, "properties": {"POINT_ID": 34781, "TREE_SPECI": "Java Bishopwood", "SCI_NAME": "Bischofia javanica", "DBH": 16, "MULTI_TRUN": "No", "CONDITION": "Poor", "PRUNING": "Remove Tree", "RISK_FACTO": "Leaning - Major", "OBSERVATIO": "Leaning - Major", "OBSERVATI2": "Reduced Canopy - Moderate", "OBSERVATI3": "Stubs", "OVERHEAD_U": "No", "GROWING_SP": "Park", "GPS_DATE": 1493164800000, "GPS_TIME": "11:20:58am", "NORTHING": 532349.45, "EASTING": 940466.827, "COMMEMORATIVE": null, "ALIAS_ID": null, "OBJECTID": 3080, "OBSERVATI4": null}}, {"type": "Feature", "id": 2339, "geometry": {"type": "Point", "coordinates": [-80.1359013922095, 25.79601827906688]}, "properties": {"POINT_ID": 34040, "TREE_SPECI": "Seaside Mahoe", "SCI_NAME": "Thespesia populnea", "DBH": 22, "MULTI_TRUN": "No", "CONDITION": "Good", "PRUNING": "Remove Tree", "RISK_FACTO": "None", "OBSERVATIO": " ", "OBSERVATI2": " ", "OBSERVATI3": " ", "OVERHEAD_U": "No", "GROWING_SP": "Road/ROW", "GPS_DATE": 1499212800000, "GPS_TIME": "02:09:04pm", "NORTHING": 532484.593, "EASTING": 940476.019, "COMMEMORATIVE": null, "ALIAS_ID": null, "OBJECTID": 2339, "OBSERVATI4": null}}, {"type": "Feature", "id": 30471, "geometry": {"type": "Point", "coordinates": [-80.13801505381026, 25.79553904801012]}, "properties": {"POINT_ID": 29529, "TREE_SPECI": "Cabbage Palm", "SCI_NAME": null, "DBH": 6, "MULTI_TRUN": "No", "CONDITION": "Poor", "PRUNING": " ", "RISK_FACTO": "None", "OBSERVATIO": "Leaning - Moderate", "OBSERVATI2": "Trunk Damage - Minor", "OBSERVATI3": " ", "OVERHEAD_U": "No", "GROWING_SP": "Golf Course", "GPS_DATE": 1460419200000, "GPS_TIME": "09:48:15am", "NORTHING": 532305.847, "EASTING": 939781.683, "COMMEMORATIVE": "N", "ALIAS_ID": null, "OBJECTID": 30471, "OBSERVATI4": null}}, {"type": "Feature", "id": 30815, "geometry": {"type": "Point", "coordinates": [-80.1382066923069, 25.79755814933489]}, "properties": {"POINT_ID": 29877, "TREE_SPECI": "Pink Tabebuia", "SCI_NAME": null, "DBH": 8, "MULTI_TRUN": "No", "CONDITION": "Good", "PRUNING": "Crown Cleaning", "RISK_FACTO": "None", "OBSERVATIO": "Limb Damage - Minor", "OBSERVATI2": " ", "OBSERVATI3": " ", "OVERHEAD_U": "No", "GROWING_SP": "Golf Course", "GPS_DATE": 1460937600000, "GPS_TIME": "10:37:23am", "NORTHING": 533039.319, "EASTING": 939713.823, "COMMEMORATIVE": "N", "ALIAS_ID": null, "OBJECTID": 30815, "OBSERVATI4": null}}, {"type": "Feature", "id": 30809, "geometry": {"type": "Point", "coordinates": [-80.13827666027274, 25.79750881316854]}, "properties": {"POINT_ID": 29871, "TREE_SPECI": "Pink Tabebuia", "SCI_NAME": null, "DBH": 6, "MULTI_TRUN": "No", "CONDITION": "Good", "PRUNING": "Crown Cleaning", "RISK_FACTO": "None", "OBSERVATIO": "Limb Damage - Minor", "OBSERVATI2": " ", "OBSERVATI3": " ", "OVERHEAD_U": "No", "GROWING_SP": "Golf Course", "GPS_DATE": 1460937600000, "GPS_TIME": "10:34:46am", "NORTHING": 533021.236, "EASTING": 939690.918, "COMMEMORATIVE": "N", "ALIAS_ID": null, "OBJECTID": 30809, "OBSERVATI4": null}}, {"type": "Feature", "id": 1503, "geometry": {"type": "Point", "coordinates": [-80.14170409670699, 25.792125477077413]}, "properties": {"POINT_ID": 33204, "TREE_SPECI": "Montgomery Palm", "SCI_NAME": "Veitchia montgomeryana", "DBH": 8, "MULTI_TRUN": "Yes", "CONDITION": "Good", "PRUNING": " ", "RISK_FACTO": "None", "OBSERVATIO": "Cluster", "OBSERVATI2": " ", "OBSERVATI3": " ", "OVERHEAD_U": "No", "GROWING_SP": "Road/ROW", "GPS_DATE": 1492473600000, "GPS_TIME": "11:01:56am", "NORTHING": 531057.184, "EASTING": 938575.93, "COMMEMORATIVE": null, "ALIAS_ID": null, "OBJECTID": 1503, "OBSERVATI4": null}}, {"type": "Feature", "id": 9014, "geometry": {"type": "Point", "coordinates": [-80.13747571043906, 25.78161006758914]}, "properties": {"POINT_ID": 40715, "TREE_SPECI": "Black Olive", "SCI_NAME": "Bucida buceras", "DBH": 14, "MULTI_TRUN": "No", "CONDITION": "Fair", "PRUNING": " ", "RISK_FACTO": "None", "OBSERVATIO": "Constricted Roots", "OBSERVATI2": "Co-Dominant Leaders", "OBSERVATI3": "Leaning - Minor", "OVERHEAD_U": "No", "GROWING_SP": "Road/ROW", "GPS_DATE": 1502928000000, "GPS_TIME": "01:23:28pm", "NORTHING": 527244.234, "EASTING": 939992.309, "COMMEMORATIVE": null, "ALIAS_ID": null, "OBJECTID": 9014, "OBSERVATI4": null}}, {"type": "Feature", "id": 1752, "geometry": {"type": "Point", "coordinates": [-80.13899073245254, 25.793627344936155]}, "properties": {"POINT_ID": 33453, "TREE_SPECI": "Pink Tabebuia", "SCI_NAME": "Tabebuia heterophylla", "DBH": 7, "MULTI_TRUN": "No", "CONDITION": "Good", "PRUNING": "Clearance Pruning", "RISK_FACTO": "None", "OBSERVATIO": "Utility Lines - Conflict", "OBSERVATI2": "Co-Dominant Leaders", "OBSERVATI3": " ", "OVERHEAD_U": "Yes", "GROWING_SP": "Road/ROW", "GPS_DATE": 1492560000000, "GPS_TIME": "09:52:27am", "NORTHING": 531608.898, "EASTING": 939465.19, "COMMEMORATIVE": null, "ALIAS_ID": null, "OBJECTID": 1752, "OBSERVATI4": null}}, {"type": "Feature", "id": 6080, "geometry": {"type": "Point", "coordinates": [-80.14107669428743, 25.789533941940206]}, "properties": {"POINT_ID": 37781, "TREE_SPECI": "Montgomery Palm", "SCI_NAME": "Veitchia montgomeryana", "DBH": 10, "MULTI_TRUN": "Yes", "CONDITION": "Good", "PRUNING": " ", "RISK_FACTO": "None", "OBSERVATIO": "Cluster", "OBSERVATI2": " ", "OBSERVATI3": " ", "OVERHEAD_U": "No", "GROWING_SP": "Road/ROW", "GPS_DATE": 1501632000000, "GPS_TIME": "01:10:48pm", "NORTHING": 530116.584, "EASTING": 938788.52, "COMMEMORATIVE": null, "ALIAS_ID": null, "OBJECTID": 6080, "OBSERVATI4": null}}, {"type": "Feature", "id": 6667, "geometry": {"type": "Point", "coordinates": [-80.13895170171745, 25.782767374879246]}, "properties": {"POINT_ID": 38368, "TREE_SPECI": "Silver Buttonwood", "SCI_NAME": "Conocarpus erectus var. sericeus", "DBH": 6, "MULTI_TRUN": "No", "CONDITION": "Fair", "PRUNING": " ", "RISK_FACTO": "None", "OBSERVATIO": "Utility Lines - Adjacent", "OBSERVATI2": "Leaning - Moderate", "OBSERVATI3": "Trunk Damage - Minor", "OVERHEAD_U": "Yes", "GROWING_SP": "Park", "GPS_DATE": 1502236800000, "GPS_TIME": "10:20:16am", "NORTHING": 527661.703, "EASTING": 939503.842, "COMMEMORATIVE": null, "ALIAS_ID": null, "OBJECTID": 6667, "OBSERVATI4": null}}, {"type": "Feature", "id": 6661, "geometry": {"type": "Point", "coordinates": [-80.14077181897348, 25.782453804994248]}, "properties": {"POINT_ID": 38362, "TREE_SPECI": "Canary Island Date Palm", "SCI_NAME": "Phoenix canariensis", "DBH": 20, "MULTI_TRUN": "No", "CONDITION": "Good", "PRUNING": " ", "RISK_FACTO": "None", "OBSERVATIO": "Trunk Damage - Minor", "OBSERVATI2": " ", "OBSERVATI3": " ", "OVERHEAD_U": "No", "GROWING_SP": "Park", "GPS_DATE": 1502236800000, "GPS_TIME": "10:12:08am", "NORTHING": 527543.818, "EASTING": 938905.63, "COMMEMORATIVE": null, "ALIAS_ID": null, "OBJECTID": 6661, "OBSERVATI4": null}}, {"type": "Feature", "id": 4947, "geometry": {"type": "Point", "coordinates": [-80.12838981002878, 25.797082013515936]}, "properties": {"POINT_ID": 36648, "TREE_SPECI": "Coconut Palm", "SCI_NAME": "Cocos nucifera", "DBH": 10, "MULTI_TRUN": "No", "CONDITION": "Good", "PRUNING": " ", "RISK_FACTO": "None", "OBSERVATIO": " ", "OBSERVATI2": " ", "OBSERVATI3": " ", "OVERHEAD_U": "No", "GROWING_SP": "Park", "GPS_DATE": 1499299200000, "GPS_TIME": "01:41:55pm", "NORTHING": 532887.523, "EASTING": 942945.062, "COMMEMORATIVE": null, "ALIAS_ID": null, "OBJECTID": 4947, "OBSERVATI4": null}}, {"type": "Feature", "id": 4652, "geometry": {"type": "Point", "coordinates": [-80.13036522294783, 25.79803527260548]}, "properties": {"POINT_ID": 36353, "TREE_SPECI": "Coconut Palm", "SCI_NAME": "Cocos nucifera", "DBH": 11, "MULTI_TRUN": "No", "CONDITION": "Fair", "PRUNING": " ", "RISK_FACTO": "None", "OBSERVATIO": "Discolored Foliage", "OBSERVATI2": "White Fly", "OBSERVATI3": " ", "OVERHEAD_U": "No", "GROWING_SP": "Road/ROW", "GPS_DATE": 1501632000000, "GPS_TIME": "11:02:24am", "NORTHING": 533229.707, "EASTING": 942292.791, "COMMEMORATIVE": null, "ALIAS_ID": null, "OBJECTID": 4652, "OBSERVATI4": null}}, {"type": "Feature", "id": 4646, "geometry": {"type": "Point", "coordinates": [-80.13047944327306, 25.79776344638151]}, "properties": {"POINT_ID": 36347, "TREE_SPECI": "Coconut Palm", "SCI_NAME": "Cocos nucifera", "DBH": 13, "MULTI_TRUN": "No", "CONDITION": "Fair", "PRUNING": " ", "RISK_FACTO": "None", "OBSERVATIO": "Discolored Foliage", "OBSERVATI2": " ", "OBSERVATI3": " ", "OVERHEAD_U": "No", "GROWING_SP": "Road/ROW", "GPS_DATE": 1501632000000, "GPS_TIME": "10:59:15am", "NORTHING": 533130.658, "EASTING": 942255.862, "COMMEMORATIVE": null, "ALIAS_ID": null, "OBJECTID": 4646, "OBSERVATI4": null}}, {"type": "Feature", "id": 5439, "geometry": {"type": "Point", "coordinates": [-80.12932181925103, 25.795275233149177]}, "properties": {"POINT_ID": 37140, "TREE_SPECI": "Coconut Palm", "SCI_NAME": "Cocos nucifera", "DBH": 11, "MULTI_TRUN": "No", "CONDITION": "Good", "PRUNING": " ", "RISK_FACTO": "None", "OBSERVATIO": " ", "OBSERVATI2": " ", "OBSERVATI3": " ", "OVERHEAD_U": "No", "GROWING_SP": "Road/ROW", "GPS_DATE": 1501632000000, "GPS_TIME": "03:09:29pm", "NORTHING": 532228.78, "EASTING": 942642.741, "COMMEMORATIVE": null, "ALIAS_ID": null, "OBJECTID": 5439, "OBSERVATI4": null}}, {"type": "Feature", "id": 4105, "geometry": {"type": "Point", "coordinates": [-80.13207907340959, 25.791686818989994]}, "properties": {"POINT_ID": 35806, "TREE_SPECI": "Montgomery Palm", "SCI_NAME": "Veitchia montgomeryana", "DBH": 8, "MULTI_TRUN": "No", "CONDITION": "Good", "PRUNING": " ", "RISK_FACTO": "None", "OBSERVATIO": " ", "OBSERVATI2": " ", "OBSERVATI3": " ", "OVERHEAD_U": "No", "GROWING_SP": "Park", "GPS_DATE": 1494374400000, "GPS_TIME": "02:24:02pm", "NORTHING": 530918.505, "EASTING": 941744.089, "COMMEMORATIVE": null, "ALIAS_ID": null, "OBJECTID": 4105, "OBSERVATI4": null}}, {"type": "Feature", "id": 5433, "geometry": {"type": "Point", "coordinates": [-80.13163661869926, 25.795173606489907]}, "properties": {"POINT_ID": 37134, "TREE_SPECI": "Pigeon Plum", "SCI_NAME": "Coccoloba diversifolia", "DBH": 5, "MULTI_TRUN": "No", "CONDITION": "Good", "PRUNING": "Structure Pruning", "RISK_FACTO": "None", "OBSERVATIO": "Lopsided Canopy", "OBSERVATI2": " ", "OBSERVATI3": " ", "OVERHEAD_U": "No", "GROWING_SP": "Road/ROW", "GPS_DATE": 1501632000000, "GPS_TIME": "02:59:03pm", "NORTHING": 532186.812, "EASTING": 941881.32, "COMMEMORATIVE": null, "ALIAS_ID": null, "OBJECTID": 5433, "OBSERVATI4": null}}, {"type": "Feature", "id": 7646, "geometry": {"type": "Point", "coordinates": [-80.13300936392251, 25.784464634308975]}, "properties": {"POINT_ID": 39347, "TREE_SPECI": "Coconut Palm", "SCI_NAME": "Cocos nucifera", "DBH": 10, "MULTI_TRUN": "No", "CONDITION": "Poor", "PRUNING": " ", "RISK_FACTO": "None", "OBSERVATIO": "Discolored Foliage", "OBSERVATI2": "White Fly", "OBSERVATI3": " ", "OVERHEAD_U": "No", "GROWING_SP": "Road/ROW", "GPS_DATE": 1503273600000, "GPS_TIME": "11:21:06am", "NORTHING": 528291.434, "EASTING": 941455.258, "COMMEMORATIVE": null, "ALIAS_ID": null, "OBJECTID": 7646, "OBSERVATI4": null}}, {"type": "Feature", "id": 9810, "geometry": {"type": "Point", "coordinates": [-80.13406121029031, 25.779948092931914]}, "properties": {"POINT_ID": 41511, "TREE_SPECI": "Orange Geiger", "SCI_NAME": "Cordia sebestena", "DBH": 10, "MULTI_TRUN": "No", "CONDITION": "Fair", "PRUNING": " ", "RISK_FACTO": "None", "OBSERVATIO": "Constricted Roots", "OBSERVATI2": "Trunk Damage - Minor", "OBSERVATI3": "Lopsided Canopy", "OVERHEAD_U": "No", "GROWING_SP": "Road/ROW", "GPS_DATE": 1503964800000, "GPS_TIME": "10:13:56am", "NORTHING": 526647.527, "EASTING": 941119.918, "COMMEMORATIVE": null, "ALIAS_ID": null, "OBJECTID": 9810, "OBSERVATI4": null}}, {"type": "Feature", "id": 9816, "geometry": {"type": "Point", "coordinates": [-80.1350249243958, 25.779580927220238]}, "properties": {"POINT_ID": 41517, "TREE_SPECI": "Washingtonia Palm", "SCI_NAME": "Washingtonia robusta", "DBH": 18, "MULTI_TRUN": "No", "CONDITION": "Good", "PRUNING": " ", "RISK_FACTO": "None", "OBSERVATIO": " ", "OBSERVATI2": " ", "OBSERVATI3": " ", "OVERHEAD_U": "No", "GROWING_SP": "Road/ROW", "GPS_DATE": 1503964800000, "GPS_TIME": "10:19:23am", "NORTHING": 526511.99, "EASTING": 940803.653, "COMMEMORATIVE": null, "ALIAS_ID": null, "OBJECTID": 9816, "OBSERVATI4": null}}, {"type": "Feature", "id": 6767, "geometry": {"type": "Point", "coordinates": [-80.1387620715235, 25.78211956578568]}, "properties": {"POINT_ID": 38468, "TREE_SPECI": "Mahogany", "SCI_NAME": "Swietenia mahagoni", "DBH": 10, "MULTI_TRUN": "No", "CONDITION": "Good", "PRUNING": " ", "RISK_FACTO": "None", "OBSERVATIO": "Co-Dominant Leaders", "OBSERVATI2": " ", "OBSERVATI3": " ", "OVERHEAD_U": "No", "GROWING_SP": "Park", "GPS_DATE": 1502236800000, "GPS_TIME": "12:38:12pm", "NORTHING": 527426.652, "EASTING": 939567.784, "COMMEMORATIVE": null, "ALIAS_ID": null, "OBJECTID": 6767, "OBSERVATI4": null}}, {"type": "Feature", "id": 2777, "geometry": {"type": "Point", "coordinates": [-80.13524615885702, 25.793232802541375]}, "properties": {"POINT_ID": 34478, "TREE_SPECI": "Royal Palm", "SCI_NAME": "Roystonea elata", "DBH": 17, "MULTI_TRUN": "No", "CONDITION": "Good", "PRUNING": " ", "RISK_FACTO": "None", "OBSERVATIO": " ", "OBSERVATI2": " ", "OBSERVATI3": " ", "OVERHEAD_U": "No", "GROWING_SP": "Government", "GPS_DATE": 1493078400000, "GPS_TIME": "11:38:46am", "NORTHING": 531473.568, "EASTING": 940698.266, "COMMEMORATIVE": null, "ALIAS_ID": null, "OBJECTID": 2777, "OBSERVATI4": null}}, {"type": "Feature", "id": 2783, "geometry": {"type": "Point", "coordinates": [-80.13527909040539, 25.793135464516148]}, "properties": {"POINT_ID": 34484, "TREE_SPECI": "Chinese Fan Palm", "SCI_NAME": "Livistona chinensis", "DBH": 8, "MULTI_TRUN": "No", "CONDITION": "Good", "PRUNING": " ", "RISK_FACTO": "None", "OBSERVATIO": "Leaning - Moderate", "OBSERVATI2": " ", "OBSERVATI3": " ", "OVERHEAD_U": "No", "GROWING_SP": "Government", "GPS_DATE": 1493078400000, "GPS_TIME": "11:42:38am", "NORTHING": 531438.118, "EASTING": 940687.663, "COMMEMORATIVE": null, "ALIAS_ID": null, "OBJECTID": 2783, "OBSERVATI4": null}}, {"type": "Feature", "id": 3767, "geometry": {"type": "Point", "coordinates": [-80.13302315078403, 25.792113930638024]}, "properties": {"POINT_ID": 35468, "TREE_SPECI": "Montgomery Palm", "SCI_NAME": "Veitchia montgomeryana", "DBH": 8, "MULTI_TRUN": "No", "CONDITION": "Good", "PRUNING": " ", "RISK_FACTO": "None", "OBSERVATIO": "Discolored Foliage", "OBSERVATI2": " ", "OBSERVATI3": " ", "OVERHEAD_U": "No", "GROWING_SP": "Park", "GPS_DATE": 1494374400000, "GPS_TIME": "10:50:26am", "NORTHING": 531071.701, "EASTING": 941432.417, "COMMEMORATIVE": null, "ALIAS_ID": null, "OBJECTID": 3767, "OBSERVATI4": null}}, {"type": "Feature", "id": 4111, "geometry": {"type": "Point", "coordinates": [-80.1330287022598, 25.791130323177224]}, "properties": {"POINT_ID": 35812, "TREE_SPECI": "Montgomery Palm", "SCI_NAME": "Veitchia montgomeryana", "DBH": 8, "MULTI_TRUN": "No", "CONDITION": "Good", "PRUNING": " ", "RISK_FACTO": "None", "OBSERVATIO": " ", "OBSERVATI2": " ", "OBSERVATI3": " ", "OVERHEAD_U": "No", "GROWING_SP": "Road/ROW", "GPS_DATE": 1494460800000, "GPS_TIME": "09:30:03am", "NORTHING": 530714.176, "EASTING": 941432.944, "COMMEMORATIVE": null, "ALIAS_ID": null, "OBJECTID": 4111, "OBSERVATI4": null}}, {"type": "Feature", "id": 4308, "geometry": {"type": "Point", "coordinates": [-80.13342979876982, 25.79061005797682]}, "properties": {"POINT_ID": 36009, "TREE_SPECI": "Pygmy Date Palm", "SCI_NAME": "Phoenix roebelenii", "DBH": 5, "MULTI_TRUN": "No", "CONDITION": "Good", "PRUNING": " ", "RISK_FACTO": "None", "OBSERVATIO": " ", "OBSERVATI2": " ", "OBSERVATI3": " ", "OVERHEAD_U": "No", "GROWING_SP": "Park", "GPS_DATE": 1494979200000, "GPS_TIME": "01:22:24pm", "NORTHING": 530524.206, "EASTING": 941302.207, "COMMEMORATIVE": null, "ALIAS_ID": null, "OBJECTID": 4308, "OBSERVATI4": null}}, {"type": "Feature", "id": 7603, "geometry": {"type": "Point", "coordinates": [-80.13284448566017, 25.786947570241402]}, "properties": {"POINT_ID": 39304, "TREE_SPECI": "Date Palm", "SCI_NAME": "Phoenix dactylifera", "DBH": 16, "MULTI_TRUN": "No", "CONDITION": "Good", "PRUNING": " ", "RISK_FACTO": "None", "OBSERVATIO": " ", "OBSERVATI2": " ", "OBSERVATI3": " ", "OVERHEAD_U": "No", "GROWING_SP": "Road/ROW", "GPS_DATE": 1503273600000, "GPS_TIME": "10:00:25am", "NORTHING": 529194.266, "EASTING": 941503.572, "COMMEMORATIVE": null, "ALIAS_ID": null, "OBJECTID": 7603, "OBSERVATI4": null}}, {"type": "Feature", "id": 8482, "geometry": {"type": "Point", "coordinates": [-80.12953064364558, 25.784361800849492]}, "properties": {"POINT_ID": 40183, "TREE_SPECI": "Coconut Palm", "SCI_NAME": "Cocos nucifera", "DBH": 10, "MULTI_TRUN": "No", "CONDITION": "Good", "PRUNING": " ", "RISK_FACTO": "None", "OBSERVATIO": " ", "OBSERVATI2": " ", "OBSERVATI3": " ", "OVERHEAD_U": "No", "GROWING_SP": "Park", "GPS_DATE": 1503446400000, "GPS_TIME": "09:04:21am", "NORTHING": 528261.608, "EASTING": 942600.25, "COMMEMORATIVE": null, "ALIAS_ID": null, "OBJECTID": 8482, "OBSERVATI4": null}}, {"type": "Feature", "id": 30571, "geometry": {"type": "Point", "coordinates": [-80.13659966808089, 25.799139127883233]}, "properties": {"POINT_ID": 29629, "TREE_SPECI": "Gumbo Limbo", "SCI_NAME": null, "DBH": 5, "MULTI_TRUN": "No", "CONDITION": "Poor", "PRUNING": " ", "RISK_FACTO": "None", "OBSERVATIO": "Discolored Foliage", "OBSERVATI2": "Defoliated - Moderate", "OBSERVATI3": " ", "OVERHEAD_U": "No", "GROWING_SP": "Golf Course", "GPS_DATE": 1460419200000, "GPS_TIME": "11:59:12am", "NORTHING": 533617.424, "EASTING": 940238.82, "COMMEMORATIVE": "N", "ALIAS_ID": null, "OBJECTID": 30571, "OBSERVATI4": null}}, {"type": "Feature", "id": 4995, "geometry": {"type": "Point", "coordinates": [-80.12650912636131, 25.797042551828344]}, "properties": {"POINT_ID": 36696, "TREE_SPECI": "Cabbage Palm", "SCI_NAME": "Sabal palmetto", "DBH": 9, "MULTI_TRUN": "No", "CONDITION": "Fair", "PRUNING": " ", "RISK_FACTO": "None", "OBSERVATIO": "Discolored Foliage", "OBSERVATI2": " ", "OBSERVATI3": " ", "OVERHEAD_U": "No", "GROWING_SP": "Park", "GPS_DATE": 1499731200000, "GPS_TIME": "08:28:21am", "NORTHING": 532877.281, "EASTING": 943563.97, "COMMEMORATIVE": null, "ALIAS_ID": null, "OBJECTID": 4995, "OBSERVATI4": null}}, {"type": "Feature", "id": 2144, "geometry": {"type": "Point", "coordinates": [-80.13554874279416, 25.795541850843012]}, "properties": {"POINT_ID": 33845, "TREE_SPECI": "Bottle Palm", "SCI_NAME": "Hyophorbe lagenicaulis", "DBH": 20, "MULTI_TRUN": "No", "CONDITION": "Good", "PRUNING": " ", "RISK_FACTO": "None", "OBSERVATIO": " ", "OBSERVATI2": " ", "OBSERVATI3": " ", "OVERHEAD_U": "No", "GROWING_SP": "Park", "GPS_DATE": 1499212800000, "GPS_TIME": "09:49:47am", "NORTHING": 532312.187, "EASTING": 940593.192, "COMMEMORATIVE": null, "ALIAS_ID": null, "OBJECTID": 2144, "OBSERVATI4": null}}, {"type": "Feature", "id": 3318, "geometry": {"type": "Point", "coordinates": [-80.1363560834478, 25.79053497366915]}, "properties": {"POINT_ID": 35019, "TREE_SPECI": "Florida Thatch Palm", "SCI_NAME": "Thrinax radiata", "DBH": 5, "MULTI_TRUN": "No", "CONDITION": "Fair", "PRUNING": " ", "RISK_FACTO": "None", "OBSERVATIO": "Discolored Foliage", "OBSERVATI2": " ", "OBSERVATI3": " ", "OVERHEAD_U": "No", "GROWING_SP": "Park", "GPS_DATE": 1494460800000, "GPS_TIME": "03:06:37pm", "NORTHING": 530490.589, "EASTING": 940339.481, "COMMEMORATIVE": null, "ALIAS_ID": null, "OBJECTID": 3318, "OBSERVATI4": null}}, {"type": "Feature", "id": 3324, "geometry": {"type": "Point", "coordinates": [-80.13638786754665, 25.790582439969757]}, "properties": {"POINT_ID": 35025, "TREE_SPECI": "Royal Palm", "SCI_NAME": "Roystonea elata", "DBH": 20, "MULTI_TRUN": "No", "CONDITION": "Good", "PRUNING": " ", "RISK_FACTO": "None", "OBSERVATIO": " ", "OBSERVATI2": " ", "OBSERVATI3": " ", "OVERHEAD_U": "No", "GROWING_SP": "Park", "GPS_DATE": 1494460800000, "GPS_TIME": "03:08:55pm", "NORTHING": 530507.773, "EASTING": 940328.909, "COMMEMORATIVE": null, "ALIAS_ID": null, "OBJECTID": 3324, "OBSERVATI4": null}}, {"type": "Feature", "id": 5980, "geometry": {"type": "Point", "coordinates": [-80.13757007297342, 25.79005695530974]}, "properties": {"POINT_ID": 37681, "TREE_SPECI": "Washingtonia Palm", "SCI_NAME": "Washingtonia robusta", "DBH": 10, "MULTI_TRUN": "No", "CONDITION": "Good", "PRUNING": " ", "RISK_FACTO": "None", "OBSERVATIO": " ", "OBSERVATI2": " ", "OBSERVATI3": " ", "OVERHEAD_U": "No", "GROWING_SP": "Road/ROW", "GPS_DATE": 1501632000000, "GPS_TIME": "10:43:53am", "NORTHING": 530314.225, "EASTING": 939941.151, "COMMEMORATIVE": null, "ALIAS_ID": null, "OBJECTID": 5980, "OBSERVATI4": null}}, {"type": "Feature", "id": 10597, "geometry": {"type": "Point", "coordinates": [-80.13032955890822, 25.779136448328995]}, "properties": {"POINT_ID": 42298, "TREE_SPECI": "Coconut Palm", "SCI_NAME": "Cocos nucifera", "DBH": 11, "MULTI_TRUN": "No", "CONDITION": "Fair", "PRUNING": " ", "RISK_FACTO": "None", "OBSERVATIO": "Discolored Foliage", "OBSERVATI2": " ", "OBSERVATI3": " ", "OVERHEAD_U": "No", "GROWING_SP": "Park", "GPS_DATE": 1503446400000, "GPS_TIME": "02:30:55pm", "NORTHING": 526360.608, "EASTING": 942349.89, "COMMEMORATIVE": null, "ALIAS_ID": null, "OBJECTID": 10597, "OBSERVATI4": null}}, {"type": "Feature", "id": 10603, "geometry": {"type": "Point", "coordinates": [-80.13019683315756, 25.779228618795468]}, "properties": {"POINT_ID": 42304, "TREE_SPECI": "Coconut Palm", "SCI_NAME": "Cocos nucifera", "DBH": 12, "MULTI_TRUN": "No", "CONDITION": "Fair", "PRUNING": " ", "RISK_FACTO": "None", "OBSERVATIO": "Discolored Foliage", "OBSERVATI2": " ", "OBSERVATI3": " ", "OVERHEAD_U": "No", "GROWING_SP": "Park", "GPS_DATE": 1503446400000, "GPS_TIME": "02:32:57pm", "NORTHING": 526394.398, "EASTING": 942393.347, "COMMEMORATIVE": null, "ALIAS_ID": null, "OBJECTID": 10603, "OBSERVATI4": null}}, {"type": "Feature", "id": 8931, "geometry": {"type": "Point", "coordinates": [-80.12975713617709, 25.78247929027092]}, "properties": {"POINT_ID": 40632, "TREE_SPECI": "Coconut Palm", "SCI_NAME": "Cocos nucifera", "DBH": 11, "MULTI_TRUN": "No", "CONDITION": "Fair", "PRUNING": " ", "RISK_FACTO": "None", "OBSERVATIO": "Discolored Foliage", "OBSERVATI2": " ", "OBSERVATI3": " ", "OVERHEAD_U": "No", "GROWING_SP": "Park", "GPS_DATE": 1503446400000, "GPS_TIME": "11:58:15am", "NORTHING": 527576.878, "EASTING": 942530.239, "COMMEMORATIVE": null, "ALIAS_ID": null, "OBJECTID": 8931, "OBSERVATI4": null}}, {"type": "Feature", "id": 9678, "geometry": {"type": "Point", "coordinates": [-80.1327149756678, 25.781794822354627]}, "properties": {"POINT_ID": 41379, "TREE_SPECI": "Coconut Palm", "SCI_NAME": "Cocos nucifera", "DBH": 8, "MULTI_TRUN": "No", "CONDITION": "Fair", "PRUNING": " ", "RISK_FACTO": "None", "OBSERVATIO": "Discolored Foliage", "OBSERVATI2": "Trunk Damage - Minor", "OBSERVATI3": " ", "OVERHEAD_U": "No", "GROWING_SP": "Road/ROW", "GPS_DATE": 1503964800000, "GPS_TIME": "08:11:11am", "NORTHING": 527321.674, "EASTING": 941558.522, "COMMEMORATIVE": null, "ALIAS_ID": null, "OBJECTID": 9678, "OBSERVATI4": null}}, {"type": "Feature", "id": 8974, "geometry": {"type": "Point", "coordinates": [-80.14105140433365, 25.78092393804267]}, "properties": {"POINT_ID": 40675, "TREE_SPECI": "Live Oak", "SCI_NAME": "Quercus virginiana", "DBH": 7, "MULTI_TRUN": "No", "CONDITION": "Good", "PRUNING": " ", "RISK_FACTO": "None", "OBSERVATIO": "Lopsided Canopy", "OBSERVATI2": " ", "OBSERVATI3": " ", "OVERHEAD_U": "No", "GROWING_SP": "Road/ROW", "GPS_DATE": 1502928000000, "GPS_TIME": "12:18:10pm", "NORTHING": 526987.157, "EASTING": 938817.252, "COMMEMORATIVE": null, "ALIAS_ID": null, "OBJECTID": 8974, "OBSERVATI4": null}}, {"type": "Feature", "id": 2980, "geometry": {"type": "Point", "coordinates": [-80.13612098581329, 25.79513814718426]}, "properties": {"POINT_ID": 34681, "TREE_SPECI": "Areca Palm", "SCI_NAME": "Dypsis lutescens", "DBH": 12, "MULTI_TRUN": "Yes", "CONDITION": "Good", "PRUNING": " ", "RISK_FACTO": "None", "OBSERVATIO": "Cluster", "OBSERVATI2": " ", "OBSERVATI3": " ", "OVERHEAD_U": "No", "GROWING_SP": "Park", "GPS_DATE": 1493164800000, "GPS_TIME": "09:47:58am", "NORTHING": 532164.216, "EASTING": 940405.864, "COMMEMORATIVE": null, "ALIAS_ID": null, "OBJECTID": 2980, "OBSERVATI4": null}}, {"type": "Feature", "id": 30417, "geometry": {"type": "Point", "coordinates": [-80.13872270049158, 25.795189424669356]}, "properties": {"POINT_ID": 29475, "TREE_SPECI": "Cabbage Palm", "SCI_NAME": null, "DBH": 6, "MULTI_TRUN": "No", "CONDITION": "Good", "PRUNING": " ", "RISK_FACTO": "None", "OBSERVATIO": " ", "OBSERVATI2": " ", "OBSERVATI3": " ", "OVERHEAD_U": "No", "GROWING_SP": "Golf Course", "GPS_DATE": 1460419200000, "GPS_TIME": "08:58:09am", "NORTHING": 532177.245, "EASTING": 939549.671, "COMMEMORATIVE": "N", "ALIAS_ID": null, "OBJECTID": 30417, "OBSERVATI4": null}}, {"type": "Feature", "id": 7941, "geometry": {"type": "Point", "coordinates": [-80.13024775238914, 25.78755193802144]}, "properties": {"POINT_ID": 39642, "TREE_SPECI": "Coconut Palm", "SCI_NAME": "Cocos nucifera", "DBH": 7, "MULTI_TRUN": "No", "CONDITION": "Fair", "PRUNING": " ", "RISK_FACTO": "None", "OBSERVATIO": "Discolored Foliage", "OBSERVATI2": " ", "OBSERVATI3": " ", "OVERHEAD_U": "No", "GROWING_SP": "Road/ROW", "GPS_DATE": 1503360000000, "GPS_TIME": "10:20:18am", "NORTHING": 529419.571, "EASTING": 942356.613, "COMMEMORATIVE": null, "ALIAS_ID": null, "OBJECTID": 7941, "OBSERVATI4": null}}, {"type": "Feature", "id": 7308, "geometry": {"type": "Point", "coordinates": [-80.13652581023246, 25.785339922529893]}, "properties": {"POINT_ID": 39009, "TREE_SPECI": "Australian Pine", "SCI_NAME": "Casuarina equisetifolia", "DBH": 10, "MULTI_TRUN": "No", "CONDITION": "Fair", "PRUNING": " ", "RISK_FACTO": "None", "OBSERVATIO": "Limb Damage - Minor", "OBSERVATI2": "Reduced Canopy - Minor", "OBSERVATI3": " ", "OVERHEAD_U": "No", "GROWING_SP": "Park", "GPS_DATE": 1502928000000, "GPS_TIME": "07:47:25am", "NORTHING": 528601.974, "EASTING": 940296.013, "COMMEMORATIVE": null, "ALIAS_ID": null, "OBJECTID": 7308, "OBSERVATI4": null}}, {"type": "Feature", "id": 5974, "geometry": {"type": "Point", "coordinates": [-80.14142444286692, 25.790342730326703]}, "properties": {"POINT_ID": 37675, "TREE_SPECI": "Silver Buttonwood", "SCI_NAME": "Conocarpus erectus var. sericeus", "DBH": 2, "MULTI_TRUN": "No", "CONDITION": "Good", "PRUNING": " ", "RISK_FACTO": "None", "OBSERVATIO": "Lopsided Canopy", "OBSERVATI2": " ", "OBSERVATI3": " ", "OVERHEAD_U": "No", "GROWING_SP": "Road/ROW", "GPS_DATE": 1501632000000, "GPS_TIME": "10:26:13am", "NORTHING": 530409.808, "EASTING": 938672.174, "COMMEMORATIVE": null, "ALIAS_ID": null, "OBJECTID": 5974, "OBSERVATI4": null}}, {"type": "Feature", "id": 9269, "geometry": {"type": "Point", "coordinates": [-80.13964803138417, 25.77726038737403]}, "properties": {"POINT_ID": 40970, "TREE_SPECI": "Black Olive", "SCI_NAME": "Bucida buceras", "DBH": 20, "MULTI_TRUN": "No", "CONDITION": "Poor", "PRUNING": "Crown Cleaning", "RISK_FACTO": "Constricted Roots - Severe", "OBSERVATIO": "Constricted Roots", "OBSERVATI2": "Dead Wood", "OBSERVATI3": "Sprouting", "OVERHEAD_U": "No", "GROWING_SP": "Road/ROW", "GPS_DATE": 1503878400000, "GPS_TIME": "07:58:58am", "NORTHING": 525658.58, "EASTING": 939287.77, "COMMEMORATIVE": null, "ALIAS_ID": null, "OBJECTID": 9269, "OBSERVATI4": null}}, {"type": "Feature", "id": 7563, "geometry": {"type": "Point", "coordinates": [-80.13326988376495, 25.786928023314445]}, "properties": {"POINT_ID": 39264, "TREE_SPECI": "Christmas Palm", "SCI_NAME": "Veitchia merrillii", "DBH": 12, "MULTI_TRUN": "Yes", "CONDITION": "Good", "PRUNING": " ", "RISK_FACTO": "None", "OBSERVATIO": " ", "OBSERVATI2": " ", "OBSERVATI3": " ", "OVERHEAD_U": "No", "GROWING_SP": "Road/ROW", "GPS_DATE": 1503273600000, "GPS_TIME": "09:23:48am", "NORTHING": 529186.24, "EASTING": 941363.636, "COMMEMORATIVE": null, "ALIAS_ID": null, "OBJECTID": 7563, "OBSERVATI4": null}}, {"type": "Feature", "id": 1652, "geometry": {"type": "Point", "coordinates": [-80.1401130497191, 25.793203266459127]}, "properties": {"POINT_ID": 33353, "TREE_SPECI": "Golden Shower Tree", "SCI_NAME": "Cassia fistula", "DBH": 12, "MULTI_TRUN": "No", "CONDITION": "Fair", "PRUNING": " ", "RISK_FACTO": "None", "OBSERVATIO": "Poor Structure/Low Multi Trunk", "OBSERVATI2": "Constricted Roots", "OBSERVATI3": " ", "OVERHEAD_U": "No", "GROWING_SP": "Road/ROW", "GPS_DATE": 1492473600000, "GPS_TIME": "02:41:08pm", "NORTHING": 531452.345, "EASTING": 939096.904, "COMMEMORATIVE": null, "ALIAS_ID": null, "OBJECTID": 1652, "OBSERVATI4": null}}, {"type": "Feature", "id": 1990, "geometry": {"type": "Point", "coordinates": [-80.13890479853642, 25.790491255101674]}, "properties": {"POINT_ID": 33691, "TREE_SPECI": "Silver Palm", "SCI_NAME": "Cocothrinax crinata", "DBH": 4, "MULTI_TRUN": "No", "CONDITION": "Fair", "PRUNING": " ", "RISK_FACTO": "None", "OBSERVATIO": "Over Trimmed", "OBSERVATI2": " ", "OBSERVATI3": " ", "OVERHEAD_U": "No", "GROWING_SP": "Park", "GPS_DATE": 1494460800000, "GPS_TIME": "11:20:49am", "NORTHING": 530469.206, "EASTING": 939500.921, "COMMEMORATIVE": null, "ALIAS_ID": null, "OBJECTID": 1990, "OBSERVATI4": null}}, {"type": "Feature", "id": 6275, "geometry": {"type": "Point", "coordinates": [-80.13980865885966, 25.786995979711595]}, "properties": {"POINT_ID": 37976, "TREE_SPECI": "Pink Tabebuia", "SCI_NAME": "Tabebuia heterophylla", "DBH": 14, "MULTI_TRUN": "No", "CONDITION": "Fair", "PRUNING": "Clearance Pruning", "RISK_FACTO": "None", "OBSERVATIO": "Utility Lines - Conflict", "OBSERVATI2": "Constricted Roots", "OBSERVATI3": "Leaning - Minor", "OVERHEAD_U": "Yes", "GROWING_SP": "Road/ROW", "GPS_DATE": 1501718400000, "GPS_TIME": "01:16:51pm", "NORTHING": 529196.833, "EASTING": 939211.801, "COMMEMORATIVE": null, "ALIAS_ID": null, "OBJECTID": 6275, "OBSERVATI4": null}}, {"type": "Feature", "id": 10697, "geometry": {"type": "Point", "coordinates": [-80.13073831355646, 25.777798677971337]}, "properties": {"POINT_ID": 42398, "TREE_SPECI": "Coconut Palm", "SCI_NAME": "Cocos nucifera", "DBH": 10, "MULTI_TRUN": "No", "CONDITION": "Fair", "PRUNING": " ", "RISK_FACTO": "None", "OBSERVATIO": "Discolored Foliage", "OBSERVATI2": " ", "OBSERVATI3": " ", "OVERHEAD_U": "No", "GROWING_SP": "Park", "GPS_DATE": 1503446400000, "GPS_TIME": "02:56:44pm", "NORTHING": 525873.48, "EASTING": 942218.583, "COMMEMORATIVE": null, "ALIAS_ID": null, "OBJECTID": 10697, "OBSERVATI4": null}}, {"type": "Feature", "id": 4552, "geometry": {"type": "Point", "coordinates": [-80.13063452008572, 25.79841306090783]}, "properties": {"POINT_ID": 36253, "TREE_SPECI": "Cabbage Palm", "SCI_NAME": "Sabal palmetto", "DBH": 13, "MULTI_TRUN": "No", "CONDITION": "Good", "PRUNING": " ", "RISK_FACTO": "None", "OBSERVATIO": " ", "OBSERVATI2": " ", "OBSERVATI3": " ", "OVERHEAD_U": "No", "GROWING_SP": "Road/ROW", "GPS_DATE": 1496707200000, "GPS_TIME": "03:14:44pm", "NORTHING": 533366.437, "EASTING": 942203.277, "COMMEMORATIVE": null, "ALIAS_ID": null, "OBJECTID": 4552, "OBSERVATI4": null}}, {"type": "Feature", "id": 5287, "geometry": {"type": "Point", "coordinates": [-80.1273631721407, 25.795879104002616]}, "properties": {"POINT_ID": 36988, "TREE_SPECI": "Cabbage Palm", "SCI_NAME": "Sabal palmetto", "DBH": 13, "MULTI_TRUN": "No", "CONDITION": "Good", "PRUNING": " ", "RISK_FACTO": "None", "OBSERVATIO": " ", "OBSERVATI2": " ", "OBSERVATI3": " ", "OVERHEAD_U": "No", "GROWING_SP": "Park", "GPS_DATE": 1499731200000, "GPS_TIME": "01:18:05pm", "NORTHING": 532452.537, "EASTING": 943285.761, "COMMEMORATIVE": null, "ALIAS_ID": null, "OBJECTID": 5287, "OBSERVATI4": null}}, {"type": "Feature", "id": 5041, "geometry": {"type": "Point", "coordinates": [-80.12758829342614, 25.796975968438275]}, "properties": {"POINT_ID": 36742, "TREE_SPECI": "Cabbage Palm", "SCI_NAME": "Sabal palmetto", "DBH": 12, "MULTI_TRUN": "No", "CONDITION": "Good", "PRUNING": " ", "RISK_FACTO": "None", "OBSERVATIO": "Discolored Foliage", "OBSERVATI2": " ", "OBSERVATI3": " ", "OVERHEAD_U": "No", "GROWING_SP": "Park", "GPS_DATE": 1499731200000, "GPS_TIME": "09:20:27am", "NORTHING": 532850.725, "EASTING": 943209.046, "COMMEMORATIVE": null, "ALIAS_ID": null, "OBJECTID": 5041, "OBSERVATI4": null}}, {"type": "Feature", "id": 4798, "geometry": {"type": "Point", "coordinates": [-80.12947633325044, 25.79711878067937]}, "properties": {"POINT_ID": 36499, "TREE_SPECI": "Live Oak", "SCI_NAME": "Quercus virginiana", "DBH": 8, "MULTI_TRUN": "No", "CONDITION": "Good", "PRUNING": " ", "RISK_FACTO": "None", "OBSERVATIO": "Co-Dominant Leaders", "OBSERVATI2": " ", "OBSERVATI3": " ", "OVERHEAD_U": "No", "GROWING_SP": "Park", "GPS_DATE": 1499299200000, "GPS_TIME": "10:44:33am", "NORTHING": 532898.521, "EASTING": 942587.469, "COMMEMORATIVE": null, "ALIAS_ID": null, "OBJECTID": 4798, "OBSERVATI4": null}}, {"type": "Feature", "id": 5631, "geometry": {"type": "Point", "coordinates": [-80.12979869473061, 25.79250849111563]}, "properties": {"POINT_ID": 37332, "TREE_SPECI": "Coconut Palm", "SCI_NAME": "Cocos nucifera", "DBH": 8, "MULTI_TRUN": "No", "CONDITION": "Fair", "PRUNING": " ", "RISK_FACTO": "None", "OBSERVATIO": "Discolored Foliage", "OBSERVATI2": " ", "OBSERVATI3": " ", "OVERHEAD_U": "No", "GROWING_SP": "Road/ROW", "GPS_DATE": 1502841600000, "GPS_TIME": "10:42:07am", "NORTHING": 531222.111, "EASTING": 942492.476, "COMMEMORATIVE": null, "ALIAS_ID": null, "OBJECTID": 5631, "OBSERVATI4": null}}, {"type": "Feature", "id": 9123, "geometry": {"type": "Point", "coordinates": [-80.13839367165734, 25.779869438691005]}, "properties": {"POINT_ID": 40824, "TREE_SPECI": "Black Olive", "SCI_NAME": "Bucida buceras", "DBH": 28, "MULTI_TRUN": "No", "CONDITION": "Poor", "PRUNING": " ", "RISK_FACTO": "Constricted Roots - Severe", "OBSERVATIO": "Constricted Roots", "OBSERVATI2": "Co-Dominant Leaders", "OBSERVATI3": "Adjacent Concrete Damage", "OVERHEAD_U": "No", "GROWING_SP": "Road/ROW", "GPS_DATE": 1503360000000, "GPS_TIME": "09:41:19am", "NORTHING": 526609.59, "EASTING": 939694.366, "COMMEMORATIVE": null, "ALIAS_ID": null, "OBJECTID": 9123, "OBSERVATI4": null}}, {"type": "Feature", "id": 6962, "geometry": {"type": "Point", "coordinates": [-80.13735081802216, 25.782344437287104]}, "properties": {"POINT_ID": 38663, "TREE_SPECI": "Royal Palm", "SCI_NAME": "Roystonea elata", "DBH": 21, "MULTI_TRUN": "No", "CONDITION": "Good", "PRUNING": " ", "RISK_FACTO": "None", "OBSERVATIO": " ", "OBSERVATI2": " ", "OBSERVATI3": " ", "OVERHEAD_U": "No", "GROWING_SP": "Park", "GPS_DATE": 1502841600000, "GPS_TIME": "09:04:12am", "NORTHING": 527511.425, "EASTING": 940031.66, "COMMEMORATIVE": null, "ALIAS_ID": null, "OBJECTID": 6962, "OBSERVATI4": null}}, {"type": "Feature", "id": 6959, "geometry": {"type": "Point", "coordinates": [-80.1373689526848, 25.782490733883957]}, "properties": {"POINT_ID": 38660, "TREE_SPECI": "Royal Palm", "SCI_NAME": "Roystonea elata", "DBH": 18, "MULTI_TRUN": "No", "CONDITION": "Good", "PRUNING": " ", "RISK_FACTO": "None", "OBSERVATIO": " ", "OBSERVATI2": " ", "OBSERVATI3": " ", "OVERHEAD_U": "No", "GROWING_SP": "Park", "GPS_DATE": 1502841600000, "GPS_TIME": "09:02:37am", "NORTHING": 527564.56, "EASTING": 940025.344, "COMMEMORATIVE": null, "ALIAS_ID": null, "OBJECTID": 6959, "OBSERVATI4": null}}, {"type": "Feature", "id": 4454, "geometry": {"type": "Point", "coordinates": [-80.12596135109654, 25.798816789776954]}, "properties": {"POINT_ID": 36155, "TREE_SPECI": "Pitch Apple", "SCI_NAME": "Clusia rosea", "DBH": 8, "MULTI_TRUN": "No", "CONDITION": "Good", "PRUNING": " ", "RISK_FACTO": "None", "OBSERVATIO": " ", "OBSERVATI2": " ", "OBSERVATI3": " ", "OVERHEAD_U": "No", "GROWING_SP": "Park", "GPS_DATE": 1496707200000, "GPS_TIME": "11:46:23am", "NORTHING": 533523.363, "EASTING": 943739.927, "COMMEMORATIVE": null, "ALIAS_ID": null, "OBJECTID": 4454, "OBSERVATI4": null}}, {"type": "Feature", "id": 4205, "geometry": {"type": "Point", "coordinates": [-80.13304041054805, 25.790656259862832]}, "properties": {"POINT_ID": 35906, "TREE_SPECI": "Coconut Palm", "SCI_NAME": "Cocos nucifera", "DBH": 12, "MULTI_TRUN": "No", "CONDITION": "Fair", "PRUNING": " ", "RISK_FACTO": "None", "OBSERVATIO": "Discolored Foliage", "OBSERVATI2": " ", "OBSERVATI3": " ", "OVERHEAD_U": "No", "GROWING_SP": "Road/ROW", "GPS_DATE": 1494979200000, "GPS_TIME": "01:34:40pm", "NORTHING": 530541.843, "EASTING": 941430.226, "COMMEMORATIVE": null, "ALIAS_ID": null, "OBJECTID": 4205, "OBSERVATI4": null}}, {"type": "Feature", "id": 3713, "geometry": {"type": "Point", "coordinates": [-80.13396691030081, 25.79118988218171]}, "properties": {"POINT_ID": 35414, "TREE_SPECI": "Cabbage Palm", "SCI_NAME": "Sabal palmetto", "DBH": 16, "MULTI_TRUN": "No", "CONDITION": "Fair", "PRUNING": " ", "RISK_FACTO": "None", "OBSERVATIO": "Discolored Foliage", "OBSERVATI2": " ", "OBSERVATI3": " ", "OVERHEAD_U": "No", "GROWING_SP": "Road/ROW", "GPS_DATE": 1494979200000, "GPS_TIME": "09:13:41am", "NORTHING": 530733.793, "EASTING": 941124.082, "COMMEMORATIVE": null, "ALIAS_ID": null, "OBJECTID": 3713, "OBSERVATI4": null}}, {"type": "Feature", "id": 3372, "geometry": {"type": "Point", "coordinates": [-80.13484497925423, 25.79071635836992]}, "properties": {"POINT_ID": 35073, "TREE_SPECI": "Hong Kong Orchid", "SCI_NAME": "Bauhinia blakeana", "DBH": 14, "MULTI_TRUN": "No", "CONDITION": "Poor", "PRUNING": "Restoration Pruning", "RISK_FACTO": "None", "OBSERVATIO": "Reduced Canopy - Moderate", "OBSERVATI2": "Stubs", "OBSERVATI3": "Dead Wood", "OVERHEAD_U": "No", "GROWING_SP": "Park", "GPS_DATE": 1494979200000, "GPS_TIME": "10:37:57am", "NORTHING": 530559.781, "EASTING": 940836.283, "COMMEMORATIVE": null, "ALIAS_ID": null, "OBJECTID": 3372, "OBSERVATI4": null}}, {"type": "Feature", "id": 8536, "geometry": {"type": "Point", "coordinates": [-80.13619992090081, 25.7825933944488]}, "properties": {"POINT_ID": 40237, "TREE_SPECI": "Christmas Palm", "SCI_NAME": "Veitchia merrillii", "DBH": 11, "MULTI_TRUN": "Yes", "CONDITION": "Good", "PRUNING": " ", "RISK_FACTO": "None", "OBSERVATIO": "Restricted Canopy", "OBSERVATI2": " ", "OBSERVATI3": " ", "OVERHEAD_U": "No", "GROWING_SP": "Road/ROW", "GPS_DATE": 1503964800000, "GPS_TIME": "08:21:32am", "NORTHING": 527604.395, "EASTING": 940409.8, "COMMEMORATIVE": null, "ALIAS_ID": null, "OBJECTID": 8536, "OBSERVATI4": null}}, {"type": "Feature", "id": 9618, "geometry": {"type": "Point", "coordinates": [-80.13605858929505, 25.781820953267218]}, "properties": {"POINT_ID": 41319, "TREE_SPECI": "Pigeon Plum", "SCI_NAME": "Coccoloba diversifolia", "DBH": 2, "MULTI_TRUN": "No", "CONDITION": "Poor", "PRUNING": " ", "RISK_FACTO": "None", "OBSERVATIO": "Reduced Canopy - Moderate", "OBSERVATI2": "Insect Damage Leaves", "OBSERVATI3": "Utility Lines - Above", "OVERHEAD_U": "Yes", "GROWING_SP": "Road/ROW", "GPS_DATE": 1503964800000, "GPS_TIME": "07:26:02am", "NORTHING": 527323.941, "EASTING": 940458.15, "COMMEMORATIVE": null, "ALIAS_ID": null, "OBJECTID": 9618, "OBSERVATI4": null}}, {"type": "Feature", "id": 9962, "geometry": {"type": "Point", "coordinates": [-80.13610347622898, 25.778806312054993]}, "properties": {"POINT_ID": 41663, "TREE_SPECI": "Brazilian Beauty Leaf", "SCI_NAME": "Calophyllum brasiliense", "DBH": 20, "MULTI_TRUN": "No", "CONDITION": "Fair", "PRUNING": " ", "RISK_FACTO": "None", "OBSERVATIO": "Constricted Roots", "OBSERVATI2": "Co-Dominant Leaders", "OBSERVATI3": "Galls", "OVERHEAD_U": "No", "GROWING_SP": "Road/ROW", "GPS_DATE": 1503964800000, "GPS_TIME": "12:39:57pm", "NORTHING": 526228.111, "EASTING": 940450.565, "COMMEMORATIVE": null, "ALIAS_ID": null, "OBJECTID": 9962, "OBSERVATI4": null}}, {"type": "Feature", "id": 2044, "geometry": {"type": "Point", "coordinates": [-80.13747352134146, 25.790543213730345]}, "properties": {"POINT_ID": 33745, "TREE_SPECI": "Coconut Palm", "SCI_NAME": "Cocos nucifera", "DBH": 8, "MULTI_TRUN": "No", "CONDITION": "Good", "PRUNING": " ", "RISK_FACTO": "None", "OBSERVATIO": " ", "OBSERVATI2": " ", "OBSERVATI3": " ", "OVERHEAD_U": "No", "GROWING_SP": "Park", "GPS_DATE": 1494460800000, "GPS_TIME": "01:34:23pm", "NORTHING": 530491.174, "EASTING": 939971.764, "COMMEMORATIVE": null, "ALIAS_ID": null, "OBJECTID": 2044, "OBSERVATI4": null}}, {"type": "Feature", "id": 1798, "geometry": {"type": "Point", "coordinates": [-80.13871194572287, 25.79120709951179]}, "properties": {"POINT_ID": 33499, "TREE_SPECI": "Wild/Cuban Tamarind", "SCI_NAME": "Lysiloma latisiliquum", "DBH": 14, "MULTI_TRUN": "No", "CONDITION": "Fair", "PRUNING": " ", "RISK_FACTO": "None", "OBSERVATIO": "Circling Roots", "OBSERVATI2": "Co-Dominant Leaders", "OBSERVATI3": " ", "OVERHEAD_U": "No", "GROWING_SP": "Road/ROW", "GPS_DATE": 1492560000000, "GPS_TIME": "10:26:33am", "NORTHING": 530729.81, "EASTING": 939562.678, "COMMEMORATIVE": null, "ALIAS_ID": null, "OBJECTID": 1798, "OBSERVATI4": null}}, {"type": "Feature", "id": 10451, "geometry": {"type": "Point", "coordinates": [-80.13056598110555, 25.7802865562475]}, "properties": {"POINT_ID": 42152, "TREE_SPECI": "Cabbage Palm", "SCI_NAME": "Sabal palmetto", "DBH": 14, "MULTI_TRUN": "No", "CONDITION": "Good", "PRUNING": " ", "RISK_FACTO": "None", "OBSERVATIO": " ", "OBSERVATI2": " ", "OBSERVATI3": " ", "OVERHEAD_U": "No", "GROWING_SP": "Park", "GPS_DATE": 1503446400000, "GPS_TIME": "01:13:03pm", "NORTHING": 526778.125, "EASTING": 942269.328, "COMMEMORATIVE": null, "ALIAS_ID": null, "OBJECTID": 10451, "OBSERVATI4": null}}, {"type": "Feature", "id": 8880, "geometry": {"type": "Point", "coordinates": [-80.12987857652773, 25.78330568679081]}, "properties": {"POINT_ID": 40581, "TREE_SPECI": "Screw Pine", "SCI_NAME": "Pandanus utilis", "DBH": 8, "MULTI_TRUN": "No", "CONDITION": "Good", "PRUNING": " ", "RISK_FACTO": "None", "OBSERVATIO": " ", "OBSERVATI2": " ", "OBSERVATI3": " ", "OVERHEAD_U": "No", "GROWING_SP": "Park", "GPS_DATE": 1503446400000, "GPS_TIME": "10:16:33am", "NORTHING": 527876.985, "EASTING": 942488.292, "COMMEMORATIVE": null, "ALIAS_ID": null, "OBJECTID": 8880, "OBSERVATI4": null}}, {"type": "Feature", "id": 3470, "geometry": {"type": "Point", "coordinates": [-80.13451623224293, 25.792331062830193]}, "properties": {"POINT_ID": 35171, "TREE_SPECI": "Royal Palm", "SCI_NAME": "Roystonea elata", "DBH": 18, "MULTI_TRUN": "No", "CONDITION": "Good", "PRUNING": " ", "RISK_FACTO": "None", "OBSERVATIO": " ", "OBSERVATI2": " ", "OBSERVATI3": " ", "OVERHEAD_U": "No", "GROWING_SP": "Government", "GPS_DATE": 1495497600000, "GPS_TIME": "12:57:35pm", "NORTHING": 531147.39, "EASTING": 940940.6, "COMMEMORATIVE": null, "ALIAS_ID": null, "OBJECTID": 3470, "OBSERVATI4": null}}, {"type": "Feature", "id": 3959, "geometry": {"type": "Point", "coordinates": [-80.13291240421675, 25.7912940646667]}, "properties": {"POINT_ID": 35660, "TREE_SPECI": "Montgomery Palm", "SCI_NAME": "Veitchia montgomeryana", "DBH": 7, "MULTI_TRUN": "No", "CONDITION": "Good", "PRUNING": " ", "RISK_FACTO": "None", "OBSERVATIO": " ", "OBSERVATI2": " ", "OBSERVATI3": " ", "OVERHEAD_U": "No", "GROWING_SP": "Park", "GPS_DATE": 1494374400000, "GPS_TIME": "01:18:12pm", "NORTHING": 530773.943, "EASTING": 941470.82, "COMMEMORATIVE": null, "ALIAS_ID": null, "OBJECTID": 3959, "OBSERVATI4": null}}, {"type": "Feature", "id": 8287, "geometry": {"type": "Point", "coordinates": [-80.12884715948849, 25.786506362846534]}, "properties": {"POINT_ID": 39988, "TREE_SPECI": "Coconut Palm", "SCI_NAME": "Cocos nucifera", "DBH": 15, "MULTI_TRUN": "No", "CONDITION": "Fair", "PRUNING": " ", "RISK_FACTO": "None", "OBSERVATIO": "Discolored Foliage", "OBSERVATI2": " ", "OBSERVATI3": " ", "OVERHEAD_U": "No", "GROWING_SP": "Park", "GPS_DATE": 1503446400000, "GPS_TIME": "10:03:57am", "NORTHING": 529042.581, "EASTING": 942820.009, "COMMEMORATIVE": null, "ALIAS_ID": null, "OBJECTID": 8287, "OBSERVATI4": null}}, {"type": "Feature", "id": 8041, "geometry": {"type": "Point", "coordinates": [-80.12807671966941, 25.790269023326385]}, "properties": {"POINT_ID": 39742, "TREE_SPECI": "Coconut Palm", "SCI_NAME": "Cocos nucifera", "DBH": 9, "MULTI_TRUN": "No", "CONDITION": "Fair", "PRUNING": " ", "RISK_FACTO": "None", "OBSERVATIO": "Discolored Foliage", "OBSERVATI2": "White Fly", "OBSERVATI3": " ", "OVERHEAD_U": "No", "GROWING_SP": "Park", "GPS_DATE": 1503360000000, "GPS_TIME": "12:53:15pm", "NORTHING": 530411.878, "EASTING": 943064.479, "COMMEMORATIVE": null, "ALIAS_ID": null, "OBJECTID": 8041, "OBSERVATI4": null}}, {"type": "Feature", "id": 7795, "geometry": {"type": "Point", "coordinates": [-80.13177678693238, 25.787335036864054]}, "properties": {"POINT_ID": 39496, "TREE_SPECI": "Coconut Palm", "SCI_NAME": "Cocos nucifera", "DBH": 8, "MULTI_TRUN": "No", "CONDITION": "Good", "PRUNING": " ", "RISK_FACTO": "None", "OBSERVATIO": "White Fly", "OBSERVATI2": " ", "OBSERVATI3": " ", "OVERHEAD_U": "No", "GROWING_SP": "Road/ROW", "GPS_DATE": 1503273600000, "GPS_TIME": "03:00:44pm", "NORTHING": 529337.414, "EASTING": 941853.985, "COMMEMORATIVE": null, "ALIAS_ID": null, "OBJECTID": 7795, "OBSERVATI4": null}}, {"type": "Feature", "id": 5880, "geometry": {"type": "Point", "coordinates": [-80.13141726960173, 25.790702333976796]}, "properties": {"POINT_ID": 37581, "TREE_SPECI": "Florida Thatch Palm", "SCI_NAME": "Thrinax radiata", "DBH": 4, "MULTI_TRUN": "No", "CONDITION": "Good", "PRUNING": " ", "RISK_FACTO": "None", "OBSERVATIO": " ", "OBSERVATI2": " ", "OBSERVATI3": " ", "OVERHEAD_U": "No", "GROWING_SP": "Road/ROW", "GPS_DATE": 1494979200000, "GPS_TIME": "02:50:52pm", "NORTHING": 530562.109, "EASTING": 941964.216, "COMMEMORATIVE": null, "ALIAS_ID": null, "OBJECTID": 5880, "OBSERVATI4": null}}, {"type": "Feature", "id": 7454, "geometry": {"type": "Point", "coordinates": [-80.13789778397494, 25.787001830350352]}, "properties": {"POINT_ID": 39155, "TREE_SPECI": "Royal Palm", "SCI_NAME": "Roystonea elata", "DBH": 24, "MULTI_TRUN": "No", "CONDITION": "Fair", "PRUNING": "Clearance Pruning", "RISK_FACTO": "None", "OBSERVATIO": "Utility Lines - Conflict", "OBSERVATI2": "Constricted Roots", "OBSERVATI3": "Lopsided Canopy", "OVERHEAD_U": "No", "GROWING_SP": "Parking Facility", "GPS_DATE": 1502928000000, "GPS_TIME": "10:09:28am", "NORTHING": 529203.071, "EASTING": 939840.586, "COMMEMORATIVE": null, "ALIAS_ID": null, "OBJECTID": 7454, "OBSERVATI4": null}}, {"type": "Feature", "id": 7208, "geometry": {"type": "Point", "coordinates": [-80.13769060699885, 25.785311240529346]}, "properties": {"POINT_ID": 38909, "TREE_SPECI": "Podocarpus", "SCI_NAME": "Podocarpus macrophyllus", "DBH": 26, "MULTI_TRUN": "Yes", "CONDITION": "Good", "PRUNING": " ", "RISK_FACTO": "None", "OBSERVATIO": " ", "OBSERVATI2": " ", "OBSERVATI3": " ", "OVERHEAD_U": "No", "GROWING_SP": "Park", "GPS_DATE": 1502841600000, "GPS_TIME": "01:00:53pm", "NORTHING": 528589.038, "EASTING": 939912.784, "COMMEMORATIVE": null, "ALIAS_ID": null, "OBJECTID": 7208, "OBSERVATI4": null}}, {"type": "Feature", "id": 2877, "geometry": {"type": "Point", "coordinates": [-80.13645232722416, 25.795025067246126]}, "properties": {"POINT_ID": 34578, "TREE_SPECI": "Areca Palm", "SCI_NAME": "Dypsis lutescens", "DBH": 12, "MULTI_TRUN": "Yes", "CONDITION": "Good", "PRUNING": " ", "RISK_FACTO": "None", "OBSERVATIO": "Cluster", "OBSERVATI2": " ", "OBSERVATI3": " ", "OVERHEAD_U": "No", "GROWING_SP": "Park", "GPS_DATE": 1493078400000, "GPS_TIME": "02:49:42pm", "NORTHING": 532122.4, "EASTING": 940297.108, "COMMEMORATIVE": null, "ALIAS_ID": null, "OBJECTID": 2877, "OBSERVATI4": null}}, {"type": "Feature", "id": 3727, "geometry": {"type": "Point", "coordinates": [-80.13331961985712, 25.79126940528237]}, "properties": {"POINT_ID": 35428, "TREE_SPECI": "Cabbage Palm", "SCI_NAME": "Sabal palmetto", "DBH": 14, "MULTI_TRUN": "No", "CONDITION": "Good", "PRUNING": " ", "RISK_FACTO": "None", "OBSERVATIO": " ", "OBSERVATI2": " ", "OBSERVATI3": " ", "OVERHEAD_U": "No", "GROWING_SP": "Road/ROW", "GPS_DATE": 1494979200000, "GPS_TIME": "09:24:35am", "NORTHING": 530764.098, "EASTING": 941336.884, "COMMEMORATIVE": null, "ALIAS_ID": null, "OBJECTID": 3727, "OBSERVATI4": null}}, {"type": "Feature", "id": 1735, "geometry": {"type": "Point", "coordinates": [-80.13994045602145, 25.791645906108805]}, "properties": {"POINT_ID": 33436, "TREE_SPECI": "Crepe Myrtle", "SCI_NAME": "Lagerstroemia indica", "DBH": 4, "MULTI_TRUN": "No", "CONDITION": "Good", "PRUNING": " ", "RISK_FACTO": "None", "OBSERVATIO": " ", "OBSERVATI2": " ", "OBSERVATI3": " ", "OVERHEAD_U": "No", "GROWING_SP": "Road/ROW", "GPS_DATE": 1492473600000, "GPS_TIME": "03:43:45pm", "NORTHING": 530886.661, "EASTING": 939157.393, "COMMEMORATIVE": null, "ALIAS_ID": null, "OBJECTID": 1735, "OBSERVATI4": null}}, {"type": "Feature", "id": 3667, "geometry": {"type": "Point", "coordinates": [-80.13224132856573, 25.792725465768914]}, "properties": {"POINT_ID": 35368, "TREE_SPECI": "Royal Palm", "SCI_NAME": "Roystonea elata", "DBH": 19, "MULTI_TRUN": "No", "CONDITION": "Fair", "PRUNING": " ", "RISK_FACTO": "None", "OBSERVATIO": "Discolored Foliage", "OBSERVATI2": " ", "OBSERVATI3": " ", "OVERHEAD_U": "No", "GROWING_SP": "Government", "GPS_DATE": 1495497600000, "GPS_TIME": "03:39:11pm", "NORTHING": 531295.671, "EASTING": 941688.21, "COMMEMORATIVE": null, "ALIAS_ID": null, "OBJECTID": 3667, "OBSERVATI4": null}}, {"type": "Feature", "id": 2817, "geometry": {"type": "Point", "coordinates": [-80.13554501934729, 25.793218395747402]}, "properties": {"POINT_ID": 34518, "TREE_SPECI": "Crepe Myrtle", "SCI_NAME": "Lagerstroemia indica", "DBH": 8, "MULTI_TRUN": "Yes", "CONDITION": "Good", "PRUNING": " ", "RISK_FACTO": "None", "OBSERVATIO": " ", "OBSERVATI2": " ", "OBSERVATI3": " ", "OVERHEAD_U": "No", "GROWING_SP": "Government", "GPS_DATE": 1493078400000, "GPS_TIME": "01:05:41pm", "NORTHING": 531467.686, "EASTING": 940599.962, "COMMEMORATIVE": null, "ALIAS_ID": null, "OBJECTID": 2817, "OBSERVATI4": null}}, {"type": "Feature", "id": 3604, "geometry": {"type": "Point", "coordinates": [-80.13293799520758, 25.79244227530895]}, "properties": {"POINT_ID": 35305, "TREE_SPECI": "Royal Palm", "SCI_NAME": "Roystonea elata", "DBH": 17, "MULTI_TRUN": "No", "CONDITION": "Good", "PRUNING": " ", "RISK_FACTO": "None", "OBSERVATIO": " ", "OBSERVATI2": " ", "OBSERVATI3": " ", "OVERHEAD_U": "No", "GROWING_SP": "Government", "GPS_DATE": 1495497600000, "GPS_TIME": "03:02:29pm", "NORTHING": 531191.229, "EASTING": 941459.652, "COMMEMORATIVE": null, "ALIAS_ID": null, "OBJECTID": 3604, "OBSERVATI4": null}}, {"type": "Feature", "id": 5694, "geometry": {"type": "Point", "coordinates": [-80.12722651632801, 25.793824132984586]}, "properties": {"POINT_ID": 37395, "TREE_SPECI": "Coconut Palm", "SCI_NAME": "Cocos nucifera", "DBH": 8, "MULTI_TRUN": "No", "CONDITION": "Poor", "PRUNING": " ", "RISK_FACTO": "None", "OBSERVATIO": "Discolored Foliage", "OBSERVATI2": "Reduced Canopy - Major", "OBSERVATI3": " ", "OVERHEAD_U": "No", "GROWING_SP": "Park", "GPS_DATE": 1502841600000, "GPS_TIME": "11:25:44am", "NORTHING": 531705.912, "EASTING": 943335.678, "COMMEMORATIVE": null, "ALIAS_ID": null, "OBJECTID": 5694, "OBSERVATI4": null}}, {"type": "Feature", "id": 5030, "geometry": {"type": "Point", "coordinates": [-80.12731756442402, 25.797087155778552]}, "properties": {"POINT_ID": 36731, "TREE_SPECI": "Coconut Palm", "SCI_NAME": "Cocos nucifera", "DBH": 9, "MULTI_TRUN": "No", "CONDITION": "Fair", "PRUNING": " ", "RISK_FACTO": "None", "OBSERVATIO": "Discolored Foliage", "OBSERVATI2": " ", "OBSERVATI3": " ", "OVERHEAD_U": "No", "GROWING_SP": "Park", "GPS_DATE": 1499731200000, "GPS_TIME": "09:13:02am", "NORTHING": 532891.729, "EASTING": 943297.858, "COMMEMORATIVE": null, "ALIAS_ID": null, "OBJECTID": 5030, "OBSERVATI4": null}}, {"type": "Feature", "id": 5688, "geometry": {"type": "Point", "coordinates": [-80.12727978718827, 25.794179138971423]}, "properties": {"POINT_ID": 37389, "TREE_SPECI": "Coconut Palm", "SCI_NAME": "Cocos nucifera", "DBH": 9, "MULTI_TRUN": "No", "CONDITION": "Fair", "PRUNING": " ", "RISK_FACTO": "None", "OBSERVATIO": "Discolored Foliage", "OBSERVATI2": " ", "OBSERVATI3": " ", "OVERHEAD_U": "No", "GROWING_SP": "Park", "GPS_DATE": 1502841600000, "GPS_TIME": "11:21:54am", "NORTHING": 531834.83, "EASTING": 943317.294, "COMMEMORATIVE": null, "ALIAS_ID": null, "OBJECTID": 5688, "OBSERVATI4": null}}, {"type": "Feature", "id": 30431, "geometry": {"type": "Point", "coordinates": [-80.13703395819769, 25.795885686986647]}, "properties": {"POINT_ID": 29489, "TREE_SPECI": "Royal Poinciana", "SCI_NAME": null, "DBH": 23, "MULTI_TRUN": "No", "CONDITION": "Good", "PRUNING": " ", "RISK_FACTO": "None", "OBSERVATIO": "Leaning - Minor", "OBSERVATI2": " ", "OBSERVATI3": " ", "OVERHEAD_U": "No", "GROWING_SP": "Golf Course", "GPS_DATE": 1460419200000, "GPS_TIME": "09:18:59am", "NORTHING": 532433.955, "EASTING": 940103.677, "COMMEMORATIVE": "N", "ALIAS_ID": null, "OBJECTID": 30431, "OBSERVATI4": null}}, {"type": "Feature", "id": 1712, "geometry": {"type": "Point", "coordinates": [-80.14005050391731, 25.79067712261292]}, "properties": {"POINT_ID": 33413, "TREE_SPECI": "Florida Thatch Palm", "SCI_NAME": "Thrinax radiata", "DBH": 3, "MULTI_TRUN": "No", "CONDITION": "Good", "PRUNING": " ", "RISK_FACTO": "None", "OBSERVATIO": " ", "OBSERVATI2": " ", "OBSERVATI3": " ", "OVERHEAD_U": "No", "GROWING_SP": "Road/ROW", "GPS_DATE": 1492473600000, "GPS_TIME": "03:29:23pm", "NORTHING": 530534.3, "EASTING": 939123.481, "COMMEMORATIVE": null, "ALIAS_ID": null, "OBJECTID": 1712, "OBSERVATI4": null}}, {"type": "Feature", "id": 1635, "geometry": {"type": "Point", "coordinates": [-80.13923668332794, 25.79371103038119]}, "properties": {"POINT_ID": 33336, "TREE_SPECI": "Crepe Myrtle", "SCI_NAME": "Lagerstroemia indica", "DBH": 8, "MULTI_TRUN": "No", "CONDITION": "Good", "PRUNING": " ", "RISK_FACTO": "None", "OBSERVATIO": "Co-Dominant Leaders", "OBSERVATI2": " ", "OBSERVATI3": " ", "OVERHEAD_U": "No", "GROWING_SP": "Road/ROW", "GPS_DATE": 1492473600000, "GPS_TIME": "02:23:23pm", "NORTHING": 531638.786, "EASTING": 939384.063, "COMMEMORATIVE": null, "ALIAS_ID": null, "OBJECTID": 1635, "OBSERVATI4": null}}, {"type": "Feature", "id": 5619, "geometry": {"type": "Point", "coordinates": [-80.12998793973772, 25.791218492935528]}, "properties": {"POINT_ID": 37320, "TREE_SPECI": "Coconut Palm", "SCI_NAME": "Cocos nucifera", "DBH": 10, "MULTI_TRUN": "No", "CONDITION": "Fair", "PRUNING": " ", "RISK_FACTO": "None", "OBSERVATIO": "Tapered Trunk", "OBSERVATI2": " ", "OBSERVATI3": " ", "OVERHEAD_U": "No", "GROWING_SP": "Road/ROW", "GPS_DATE": 1502841600000, "GPS_TIME": "10:32:23am", "NORTHING": 530752.823, "EASTING": 942433.303, "COMMEMORATIVE": null, "ALIAS_ID": null, "OBJECTID": 5619, "OBSERVATI4": null}}, {"type": "Feature", "id": 7709, "geometry": {"type": "Point", "coordinates": [-80.13016136355391, 25.788855179480176]}, "properties": {"POINT_ID": 39410, "TREE_SPECI": "Date Palm", "SCI_NAME": "Phoenix dactylifera", "DBH": 21, "MULTI_TRUN": "No", "CONDITION": "Good", "PRUNING": " ", "RISK_FACTO": "None", "OBSERVATIO": " ", "OBSERVATI2": " ", "OBSERVATI3": " ", "OVERHEAD_U": "No", "GROWING_SP": "Road/ROW", "GPS_DATE": 1503273600000, "GPS_TIME": "01:27:13pm", "NORTHING": 529893.449, "EASTING": 942381.911, "COMMEMORATIVE": null, "ALIAS_ID": null, "OBJECTID": 7709, "OBSERVATI4": null}}, {"type": "Feature", "id": 4268, "geometry": {"type": "Point", "coordinates": [-80.13374567938348, 25.790607870479832]}, "properties": {"POINT_ID": 35969, "TREE_SPECI": "Gumbo Limbo", "SCI_NAME": "Bursera simaruba", "DBH": 38, "MULTI_TRUN": "No", "CONDITION": "Good", "PRUNING": " ", "RISK_FACTO": "None", "OBSERVATIO": "Co-Dominant Leaders", "OBSERVATI2": " ", "OBSERVATI3": " ", "OVERHEAD_U": "No", "GROWING_SP": "Park", "GPS_DATE": 1494979200000, "GPS_TIME": "11:53:19am", "NORTHING": 530522.727, "EASTING": 941198.27, "COMMEMORATIVE": null, "ALIAS_ID": null, "OBJECTID": 4268, "OBSERVATI4": null}}, {"type": "Feature", "id": 4938, "geometry": {"type": "Point", "coordinates": [-80.12890430131584, 25.796518139199666]}, "properties": {"POINT_ID": 36639, "TREE_SPECI": "Pink Tabebuia", "SCI_NAME": "Tabebuia heterophylla", "DBH": 4, "MULTI_TRUN": "No", "CONDITION": "Good", "PRUNING": " ", "RISK_FACTO": "None", "OBSERVATIO": " ", "OBSERVATI2": " ", "OBSERVATI3": " ", "OVERHEAD_U": "No", "GROWING_SP": "Road/ROW", "GPS_DATE": 1499299200000, "GPS_TIME": "01:25:37pm", "NORTHING": 532681.45, "EASTING": 942777.132, "COMMEMORATIVE": null, "ALIAS_ID": null, "OBJECTID": 4938, "OBSERVATI4": null}}, {"type": "Feature", "id": 2130, "geometry": {"type": "Point", "coordinates": [-80.13571760867598, 25.795747919716113]}, "properties": {"POINT_ID": 33831, "TREE_SPECI": "Carpoxylon Palm", "SCI_NAME": "Carpoxylon macrospermum", "DBH": 9, "MULTI_TRUN": "No", "CONDITION": "Good", "PRUNING": " ", "RISK_FACTO": "None", "OBSERVATIO": " ", "OBSERVATI2": " ", "OBSERVATI3": " ", "OVERHEAD_U": "No", "GROWING_SP": "Park", "GPS_DATE": 1499212800000, "GPS_TIME": "09:24:09am", "NORTHING": 532386.722, "EASTING": 940537.136, "COMMEMORATIVE": null, "ALIAS_ID": null, "OBJECTID": 2130, "OBSERVATI4": null}}, {"type": "Feature", "id": 5093, "geometry": {"type": "Point", "coordinates": [-80.12773664661046, 25.796810419095962]}, "properties": {"POINT_ID": 36794, "TREE_SPECI": "Coconut Palm", "SCI_NAME": "Cocos nucifera", "DBH": 11, "MULTI_TRUN": "No", "CONDITION": "Good", "PRUNING": " ", "RISK_FACTO": "None", "OBSERVATIO": " ", "OBSERVATI2": " ", "OBSERVATI3": " ", "OVERHEAD_U": "No", "GROWING_SP": "Park", "GPS_DATE": 1499731200000, "GPS_TIME": "10:34:39am", "NORTHING": 532790.229, "EASTING": 943160.631, "COMMEMORATIVE": null, "ALIAS_ID": null, "OBJECTID": 5093, "OBSERVATI4": null}}, {"type": "Feature", "id": 8868, "geometry": {"type": "Point", "coordinates": [-80.12982039677917, 25.78340070362673]}, "properties": {"POINT_ID": 40569, "TREE_SPECI": "Coconut Palm", "SCI_NAME": "Cocos nucifera", "DBH": 12, "MULTI_TRUN": "No", "CONDITION": "Good", "PRUNING": " ", "RISK_FACTO": "None", "OBSERVATIO": " ", "OBSERVATI2": " ", "OBSERVATI3": " ", "OVERHEAD_U": "No", "GROWING_SP": "Park", "GPS_DATE": 1503446400000, "GPS_TIME": "10:10:07am", "NORTHING": 527911.647, "EASTING": 942507.209, "COMMEMORATIVE": null, "ALIAS_ID": null, "OBJECTID": 8868, "OBSERVATI4": null}}, {"type": "Feature", "id": 9630, "geometry": {"type": "Point", "coordinates": [-80.13048511318061, 25.781420050201792]}, "properties": {"POINT_ID": 41331, "TREE_SPECI": "Coconut Palm", "SCI_NAME": "Cocos nucifera", "DBH": 9, "MULTI_TRUN": "No", "CONDITION": "Fair", "PRUNING": " ", "RISK_FACTO": "None", "OBSERVATIO": "Discolored Foliage", "OBSERVATI2": " ", "OBSERVATI3": " ", "OVERHEAD_U": "No", "GROWING_SP": "Road/ROW", "GPS_DATE": 1503964800000, "GPS_TIME": "07:41:28am", "NORTHING": 527190.293, "EASTING": 942293.22, "COMMEMORATIVE": null, "ALIAS_ID": null, "OBJECTID": 9630, "OBSERVATI4": null}}, {"type": "Feature", "id": 3627, "geometry": {"type": "Point", "coordinates": [-80.13258051835324, 25.79238483185338]}, "properties": {"POINT_ID": 35328, "TREE_SPECI": "Royal Palm", "SCI_NAME": "Roystonea elata", "DBH": 16, "MULTI_TRUN": "No", "CONDITION": "Fair", "PRUNING": " ", "RISK_FACTO": "None", "OBSERVATIO": "Discolored Foliage", "OBSERVATI2": " ", "OBSERVATI3": " ", "OVERHEAD_U": "No", "GROWING_SP": "Government", "GPS_DATE": 1495497600000, "GPS_TIME": "03:11:26pm", "NORTHING": 531171.125, "EASTING": 941577.416, "COMMEMORATIVE": null, "ALIAS_ID": null, "OBJECTID": 3627, "OBSERVATI4": null}}, {"type": "Feature", "id": 2794, "geometry": {"type": "Point", "coordinates": [-80.13537340987739, 25.793140629624403]}, "properties": {"POINT_ID": 34495, "TREE_SPECI": "Cabbage Palm", "SCI_NAME": "Sabal palmetto", "DBH": 10, "MULTI_TRUN": "No", "CONDITION": "Good", "PRUNING": " ", "RISK_FACTO": "None", "OBSERVATIO": "Leader - Bent", "OBSERVATI2": " ", "OBSERVATI3": " ", "OVERHEAD_U": "No", "GROWING_SP": "Government", "GPS_DATE": 1493078400000, "GPS_TIME": "12:50:17pm", "NORTHING": 531439.791, "EASTING": 940656.615, "COMMEMORATIVE": null, "ALIAS_ID": null, "OBJECTID": 2794, "OBSERVATI4": null}}, {"type": "Feature", "id": 9670, "geometry": {"type": "Point", "coordinates": [-80.13264346949333, 25.781583307240222]}, "properties": {"POINT_ID": 41371, "TREE_SPECI": "Coconut Palm", "SCI_NAME": "Cocos nucifera", "DBH": 9, "MULTI_TRUN": "No", "CONDITION": "Good", "PRUNING": " ", "RISK_FACTO": "None", "OBSERVATIO": " ", "OBSERVATI2": " ", "OBSERVATI3": " ", "OVERHEAD_U": "No", "GROWING_SP": "Road/ROW", "GPS_DATE": 1503964800000, "GPS_TIME": "08:06:32am", "NORTHING": 527244.949, "EASTING": 941582.559, "COMMEMORATIVE": null, "ALIAS_ID": null, "OBJECTID": 9670, "OBSERVATI4": null}}, {"type": "Feature", "id": 29721, "geometry": {"type": "Point", "coordinates": [-80.12838150901673, 25.8003143038957]}, "properties": {"POINT_ID": 25300, "TREE_SPECI": "Gumbo Limbo", "SCI_NAME": null, "DBH": 9, "MULTI_TRUN": "No", "CONDITION": "Good", "PRUNING": " ", "RISK_FACTO": "None", "OBSERVATIO": "Insects", "OBSERVATI2": " ", "OBSERVATI3": " ", "OVERHEAD_U": "No", "GROWING_SP": "ROW/Swale", "GPS_DATE": 1453075200000, "GPS_TIME": "10:37:14am", "NORTHING": 534062.387, "EASTING": 942940.015, "COMMEMORATIVE": "N", "ALIAS_ID": null, "OBJECTID": 29721, "OBSERVATI4": null}}, {"type": "Feature", "id": 30563, "geometry": {"type": "Point", "coordinates": [-80.1367449936529, 25.799189104160778]}, "properties": {"POINT_ID": 29621, "TREE_SPECI": "Pink Tabebuia", "SCI_NAME": null, "DBH": 2, "MULTI_TRUN": "No", "CONDITION": "Good", "PRUNING": " ", "RISK_FACTO": "None", "OBSERVATIO": " ", "OBSERVATI2": " ", "OBSERVATI3": " ", "OVERHEAD_U": "No", "GROWING_SP": "Golf Course", "GPS_DATE": 1460419200000, "GPS_TIME": "11:55:10am", "NORTHING": 533635.275, "EASTING": 940190.884, "COMMEMORATIVE": "N", "ALIAS_ID": null, "OBJECTID": 30563, "OBSERVATI4": null}}, {"type": "Feature", "id": 9701, "geometry": {"type": "Point", "coordinates": [-80.13334949518914, 25.781002468913375]}, "properties": {"POINT_ID": 41402, "TREE_SPECI": "Mahogany", "SCI_NAME": "Swietenia mahagoni", "DBH": 32, "MULTI_TRUN": "No", "CONDITION": "Fair", "PRUNING": "Clearance Pruning, Crown Cleaning", "RISK_FACTO": "None", "OBSERVATIO": "Constricted Roots", "OBSERVATI2": "Utility Lines - Conflict", "OBSERVATI3": "Dead Wood", "OVERHEAD_U": "Yes", "GROWING_SP": "Parking Facility", "GPS_DATE": 1503964800000, "GPS_TIME": "08:24:18am", "NORTHING": 527032.302, "EASTING": 941351.61, "COMMEMORATIVE": null, "ALIAS_ID": null, "OBJECTID": 9701, "OBSERVATI4": null}}, {"type": "Feature", "id": 7540, "geometry": {"type": "Point", "coordinates": [-80.13404772117876, 25.786913302291314]}, "properties": {"POINT_ID": 39241, "TREE_SPECI": "Coconut Palm", "SCI_NAME": "Cocos nucifera", "DBH": 9, "MULTI_TRUN": "No", "CONDITION": "Fair", "PRUNING": " ", "RISK_FACTO": "None", "OBSERVATIO": "Discolored Foliage", "OBSERVATI2": "White Fly", "OBSERVATI3": " ", "OVERHEAD_U": "No", "GROWING_SP": "Road/ROW", "GPS_DATE": 1503273600000, "GPS_TIME": "09:04:55am", "NORTHING": 529179.205, "EASTING": 941107.713, "COMMEMORATIVE": null, "ALIAS_ID": null, "OBJECTID": 7540, "OBSERVATI4": null}}, {"type": "Feature", "id": 8891, "geometry": {"type": "Point", "coordinates": [-80.1294670000689, 25.78327214577772]}, "properties": {"POINT_ID": 40592, "TREE_SPECI": "Coconut Palm", "SCI_NAME": "Cocos nucifera", "DBH": 10, "MULTI_TRUN": "No", "CONDITION": "Good", "PRUNING": " ", "RISK_FACTO": "None", "OBSERVATIO": " ", "OBSERVATI2": " ", "OBSERVATI3": " ", "OVERHEAD_U": "No", "GROWING_SP": "Park", "GPS_DATE": 1503446400000, "GPS_TIME": "10:23:52am", "NORTHING": 527865.688, "EASTING": 942623.811, "COMMEMORATIVE": null, "ALIAS_ID": null, "OBJECTID": 8891, "OBSERVATI4": null}}, {"type": "Feature", "id": 4291, "geometry": {"type": "Point", "coordinates": [-80.1335434285156, 25.790605551955895]}, "properties": {"POINT_ID": 35992, "TREE_SPECI": "Pygmy Date Palm", "SCI_NAME": "Phoenix roebelenii", "DBH": 5, "MULTI_TRUN": "No", "CONDITION": "Good", "PRUNING": " ", "RISK_FACTO": "None", "OBSERVATIO": " ", "OBSERVATI2": " ", "OBSERVATI3": " ", "OVERHEAD_U": "No", "GROWING_SP": "Park", "GPS_DATE": 1494979200000, "GPS_TIME": "01:15:55pm", "NORTHING": 530522.322, "EASTING": 941264.827, "COMMEMORATIVE": null, "ALIAS_ID": null, "OBJECTID": 4291, "OBSERVATI4": null}}, {"type": "Feature", "id": 9169, "geometry": {"type": "Point", "coordinates": [-80.13633489933677, 25.77934401656124]}, "properties": {"POINT_ID": 40870, "TREE_SPECI": "Montgomery Palm", "SCI_NAME": "Veitchia montgomeryana", "DBH": 9, "MULTI_TRUN": "No", "CONDITION": "Good", "PRUNING": " ", "RISK_FACTO": "None", "OBSERVATIO": " ", "OBSERVATI2": " ", "OBSERVATI3": " ", "OVERHEAD_U": "No", "GROWING_SP": "Road/ROW", "GPS_DATE": 1503360000000, "GPS_TIME": "10:48:20am", "NORTHING": 526423.052, "EASTING": 940373.125, "COMMEMORATIVE": null, "ALIAS_ID": null, "OBJECTID": 9169, "OBSERVATI4": null}}, {"type": "Feature", "id": 9037, "geometry": {"type": "Point", "coordinates": [-80.14177403435762, 25.78042636869069]}, "properties": {"POINT_ID": 40738, "TREE_SPECI": "Live Oak", "SCI_NAME": "Quercus virginiana", "DBH": 9, "MULTI_TRUN": "No", "CONDITION": "Fair", "PRUNING": " ", "RISK_FACTO": "None", "OBSERVATIO": "Defoliated - Minor", "OBSERVATI2": "Co-Dominant Leaders", "OBSERVATI3": " ", "OVERHEAD_U": "No", "GROWING_SP": "Road/ROW", "GPS_DATE": 1503360000000, "GPS_TIME": "08:00:28am", "NORTHING": 526804.756, "EASTING": 938580.627, "COMMEMORATIVE": null, "ALIAS_ID": null, "OBJECTID": 9037, "OBSERVATI4": null}}, {"type": "Feature", "id": 4955, "geometry": {"type": "Point", "coordinates": [-80.12794749350788, 25.79731995006248]}, "properties": {"POINT_ID": 36656, "TREE_SPECI": "Green Buttonwood", "SCI_NAME": "Conocarpus erectus", "DBH": 5, "MULTI_TRUN": "No", "CONDITION": "Good", "PRUNING": "Structure Pruning", "RISK_FACTO": "None", "OBSERVATIO": "Overextended Limb", "OBSERVATI2": " ", "OBSERVATI3": " ", "OVERHEAD_U": "No", "GROWING_SP": "Park", "GPS_DATE": 1499299200000, "GPS_TIME": "01:49:57pm", "NORTHING": 532974.97, "EASTING": 943090.028, "COMMEMORATIVE": null, "ALIAS_ID": null, "OBJECTID": 4955, "OBSERVATI4": null}}, {"type": "Feature", "id": 5717, "geometry": {"type": "Point", "coordinates": [-80.1285228296355, 25.792460004835835]}, "properties": {"POINT_ID": 37418, "TREE_SPECI": "Coconut Palm", "SCI_NAME": "Cocos nucifera", "DBH": 9, "MULTI_TRUN": "No", "CONDITION": "Fair", "PRUNING": " ", "RISK_FACTO": "None", "OBSERVATIO": "Discolored Foliage", "OBSERVATI2": " ", "OBSERVATI3": " ", "OVERHEAD_U": "No", "GROWING_SP": "Road/ROW", "GPS_DATE": 1502841600000, "GPS_TIME": "11:56:20am", "NORTHING": 531207.265, "EASTING": 942912.414, "COMMEMORATIVE": null, "ALIAS_ID": null, "OBJECTID": 5717, "OBSERVATI4": null}}, {"type": "Feature", "id": 1781, "geometry": {"type": "Point", "coordinates": [-80.13891851520586, 25.791292503724428]}, "properties": {"POINT_ID": 33482, "TREE_SPECI": "Hong Kong Orchid", "SCI_NAME": "Bauhinia blakeana", "DBH": 11, "MULTI_TRUN": "No", "CONDITION": "Fair", "PRUNING": " ", "RISK_FACTO": "None", "OBSERVATIO": "Co-Dominant Leaders", "OBSERVATI2": "Limb Damage - Minor", "OBSERVATI3": "Discolored Foliage", "OVERHEAD_U": "No", "GROWING_SP": "Parking Facility", "GPS_DATE": 1492560000000, "GPS_TIME": "10:17:34am", "NORTHING": 530760.407, "EASTING": 939494.503, "COMMEMORATIVE": null, "ALIAS_ID": null, "OBJECTID": 1781, "OBSERVATI4": null}}, {"type": "Feature", "id": 1658, "geometry": {"type": "Point", "coordinates": [-80.14011916608409, 25.79243142322375]}, "properties": {"POINT_ID": 33359, "TREE_SPECI": "Wild/Cuban Tamarind", "SCI_NAME": "Lysiloma latisiliquum", "DBH": 8, "MULTI_TRUN": "No", "CONDITION": "Fair", "PRUNING": " ", "RISK_FACTO": "None", "OBSERVATIO": "Co-Dominant Leaders", "OBSERVATI2": "Constricted Roots", "OBSERVATI3": " ", "OVERHEAD_U": "No", "GROWING_SP": "Road/ROW", "GPS_DATE": 1492473600000, "GPS_TIME": "02:45:43pm", "NORTHING": 531171.789, "EASTING": 939096.724, "COMMEMORATIVE": null, "ALIAS_ID": null, "OBJECTID": 1658, "OBSERVATI4": null}}, {"type": "Feature", "id": 3650, "geometry": {"type": "Point", "coordinates": [-80.13219299898618, 25.793080267553563]}, "properties": {"POINT_ID": 35351, "TREE_SPECI": "Royal Palm", "SCI_NAME": "Roystonea elata", "DBH": 19, "MULTI_TRUN": "No", "CONDITION": "Fair", "PRUNING": " ", "RISK_FACTO": "None", "OBSERVATIO": "Discolored Foliage", "OBSERVATI2": " ", "OBSERVATI3": " ", "OVERHEAD_U": "No", "GROWING_SP": "Government", "GPS_DATE": 1495497600000, "GPS_TIME": "03:33:16pm", "NORTHING": 531424.736, "EASTING": 941703.263, "COMMEMORATIVE": null, "ALIAS_ID": null, "OBJECTID": 3650, "OBSERVATI4": null}}, {"type": "Feature", "id": 30780, "geometry": {"type": "Point", "coordinates": [-80.13802052053725, 25.797994654598753]}, "properties": {"POINT_ID": 29842, "TREE_SPECI": "Pigeon Plum", "SCI_NAME": null, "DBH": 2, "MULTI_TRUN": "No", "CONDITION": "Good", "PRUNING": " ", "RISK_FACTO": "None", "OBSERVATIO": " ", "OBSERVATI2": " ", "OBSERVATI3": " ", "OVERHEAD_U": "No", "GROWING_SP": "Golf Course", "GPS_DATE": 1460937600000, "GPS_TIME": "10:16:48am", "NORTHING": 533198.377, "EASTING": 939774.041, "COMMEMORATIVE": "N", "ALIAS_ID": null, "OBJECTID": 30780, "OBSERVATI4": null}}, {"type": "Feature", "id": 30454, "geometry": {"type": "Point", "coordinates": [-80.1374098234481, 25.795809627285827]}, "properties": {"POINT_ID": 29512, "TREE_SPECI": "Sea Grape", "SCI_NAME": null, "DBH": 10, "MULTI_TRUN": "No", "CONDITION": "Fair", "PRUNING": "Crown Cleaning", "RISK_FACTO": "None", "OBSERVATIO": "Limb Damage - Minor", "OBSERVATI2": "Trunk Damage - Minor", "OBSERVATI3": " ", "OVERHEAD_U": "No", "GROWING_SP": "Golf Course", "GPS_DATE": 1460419200000, "GPS_TIME": "09:34:27am", "NORTHING": 532405.499, "EASTING": 939980.184, "COMMEMORATIVE": "N", "ALIAS_ID": null, "OBJECTID": 30454, "OBSERVATI4": null}}, {"type": "Feature", "id": 7557, "geometry": {"type": "Point", "coordinates": [-80.13338558126014, 25.786876268332012]}, "properties": {"POINT_ID": 39258, "TREE_SPECI": "Solitaire Palm", "SCI_NAME": "Ptychosperma elegans", "DBH": 4, "MULTI_TRUN": "No", "CONDITION": "Good", "PRUNING": " ", "RISK_FACTO": "None", "OBSERVATIO": " ", "OBSERVATI2": " ", "OBSERVATI3": " ", "OVERHEAD_U": "No", "GROWING_SP": "Road/ROW", "GPS_DATE": 1503273600000, "GPS_TIME": "09:21:17am", "NORTHING": 529167.178, "EASTING": 941325.688, "COMMEMORATIVE": null, "ALIAS_ID": null, "OBJECTID": 7557, "OBSERVATI4": null}}, {"type": "Feature", "id": 3109, "geometry": {"type": "Point", "coordinates": [-80.13591717943262, 25.79567140459868]}, "properties": {"POINT_ID": 34810, "TREE_SPECI": "Solitaire Palm", "SCI_NAME": "Ptychosperma elegans", "DBH": 3, "MULTI_TRUN": "No", "CONDITION": "Good", "PRUNING": " ", "RISK_FACTO": "None", "OBSERVATIO": " ", "OBSERVATI2": " ", "OBSERVATI3": " ", "OVERHEAD_U": "No", "GROWING_SP": "Park", "GPS_DATE": 1493164800000, "GPS_TIME": "11:40:28am", "NORTHING": 532358.48, "EASTING": 940471.652, "COMMEMORATIVE": null, "ALIAS_ID": null, "OBJECTID": 3109, "OBSERVATI4": null}}, {"type": "Feature", "id": 8688, "geometry": {"type": "Point", "coordinates": [-80.13240013342467, 25.783294956099923]}, "properties": {"POINT_ID": 40389, "TREE_SPECI": "Coconut Palm", "SCI_NAME": "Cocos nucifera", "DBH": 11, "MULTI_TRUN": "No", "CONDITION": "Fair", "PRUNING": " ", "RISK_FACTO": "None", "OBSERVATIO": "Discolored Foliage", "OBSERVATI2": " ", "OBSERVATI3": " ", "OVERHEAD_U": "No", "GROWING_SP": "Road/ROW", "GPS_DATE": 1503964800000, "GPS_TIME": "10:52:36am", "NORTHING": 527867.611, "EASTING": 941658.538, "COMMEMORATIVE": null, "ALIAS_ID": null, "OBJECTID": 8688, "OBSERVATI4": null}}, {"type": "Feature", "id": 8937, "geometry": {"type": "Point", "coordinates": [-80.12962289889737, 25.782503824350854]}, "properties": {"POINT_ID": 40638, "TREE_SPECI": "Coconut Palm", "SCI_NAME": "Cocos nucifera", "DBH": 11, "MULTI_TRUN": "No", "CONDITION": "Fair", "PRUNING": " ", "RISK_FACTO": "None", "OBSERVATIO": "Discolored Foliage", "OBSERVATI2": " ", "OBSERVATI3": " ", "OVERHEAD_U": "No", "GROWING_SP": "Park", "GPS_DATE": 1503446400000, "GPS_TIME": "12:00:23pm", "NORTHING": 527586.087, "EASTING": 942574.354, "COMMEMORATIVE": null, "ALIAS_ID": null, "OBJECTID": 8937, "OBSERVATI4": null}}, {"type": "Feature", "id": 8943, "geometry": {"type": "Point", "coordinates": [-80.12946542992498, 25.782503904880734]}, "properties": {"POINT_ID": 40644, "TREE_SPECI": "Coconut Palm", "SCI_NAME": "Cocos nucifera", "DBH": 11, "MULTI_TRUN": "No", "CONDITION": "Fair", "PRUNING": " ", "RISK_FACTO": "None", "OBSERVATIO": "Discolored Foliage", "OBSERVATI2": " ", "OBSERVATI3": " ", "OVERHEAD_U": "No", "GROWING_SP": "Park", "GPS_DATE": 1503446400000, "GPS_TIME": "12:02:36pm", "NORTHING": 527586.459, "EASTING": 942626.173, "COMMEMORATIVE": null, "ALIAS_ID": null, "OBJECTID": 8943, "OBSERVATI4": null}}, {"type": "Feature", "id": 2107, "geometry": {"type": "Point", "coordinates": [-80.13691319024034, 25.790593818148796]}, "properties": {"POINT_ID": 33808, "TREE_SPECI": "Coccothrinax sp.", "SCI_NAME": "Coccothrinax sp.", "DBH": 5, "MULTI_TRUN": "No", "CONDITION": "Fair", "PRUNING": " ", "RISK_FACTO": "None", "OBSERVATIO": "Discolored Foliage", "OBSERVATI2": "Tapered Trunk", "OBSERVATI3": " ", "OVERHEAD_U": "No", "GROWING_SP": "Park", "GPS_DATE": 1494460800000, "GPS_TIME": "02:41:47pm", "NORTHING": 530510.775, "EASTING": 940156.023, "COMMEMORATIVE": null, "ALIAS_ID": null, "OBJECTID": 2107, "OBSERVATI4": null}}, {"type": "Feature", "id": 4320, "geometry": {"type": "Point", "coordinates": [-80.13328465955561, 25.790614243466358]}, "properties": {"POINT_ID": 36021, "TREE_SPECI": "Desert Cassia", "SCI_NAME": "Senna polyphylla", "DBH": 5, "MULTI_TRUN": "No", "CONDITION": "Good", "PRUNING": " ", "RISK_FACTO": "None", "OBSERVATIO": " ", "OBSERVATI2": " ", "OBSERVATI3": " ", "OVERHEAD_U": "No", "GROWING_SP": "Park", "GPS_DATE": 1494979200000, "GPS_TIME": "01:27:00pm", "NORTHING": 530526.042, "EASTING": 941349.956, "COMMEMORATIVE": null, "ALIAS_ID": null, "OBJECTID": 4320, "OBSERVATI4": null}}, {"type": "Feature", "id": 29389, "geometry": {"type": "Point", "coordinates": [-80.13470051416384, 25.797645516832954]}, "properties": {"POINT_ID": 24968, "TREE_SPECI": "Coconut Palm", "SCI_NAME": null, "DBH": 8, "MULTI_TRUN": "No", "CONDITION": "Good", "PRUNING": " ", "RISK_FACTO": "None", "OBSERVATIO": " ", "OBSERVATI2": " ", "OBSERVATI3": " ", "OVERHEAD_U": "No", "GROWING_SP": "ROW/Swale", "GPS_DATE": 1452556800000, "GPS_TIME": "03:19:09pm", "NORTHING": 533078.642, "EASTING": 940867.267, "COMMEMORATIVE": "N", "ALIAS_ID": null, "OBJECTID": 29389, "OBSERVATI4": null}}, {"type": "Feature", "id": 3656, "geometry": {"type": "Point", "coordinates": [-80.13245714421761, 25.79306847259071]}, "properties": {"POINT_ID": 35357, "TREE_SPECI": "Royal Palm", "SCI_NAME": "Roystonea elata", "DBH": 19, "MULTI_TRUN": "No", "CONDITION": "Good", "PRUNING": " ", "RISK_FACTO": "None", "OBSERVATIO": " ", "OBSERVATI2": " ", "OBSERVATI3": " ", "OVERHEAD_U": "No", "GROWING_SP": "Government", "GPS_DATE": 1495497600000, "GPS_TIME": "03:35:25pm", "NORTHING": 531419.876, "EASTING": 941616.375, "COMMEMORATIVE": null, "ALIAS_ID": null, "OBJECTID": 3656, "OBSERVATI4": null}}, {"type": "Feature", "id": 2771, "geometry": {"type": "Point", "coordinates": [-80.1350870986954, 25.793239410015968]}, "properties": {"POINT_ID": 34472, "TREE_SPECI": "Coconut Palm", "SCI_NAME": "Cocos nucifera", "DBH": 10, "MULTI_TRUN": "No", "CONDITION": "Good", "PRUNING": " ", "RISK_FACTO": "None", "OBSERVATIO": " ", "OBSERVATI2": " ", "OBSERVATI3": " ", "OVERHEAD_U": "No", "GROWING_SP": "Government", "GPS_DATE": 1493078400000, "GPS_TIME": "11:35:45am", "NORTHING": 531476.314, "EASTING": 940750.589, "COMMEMORATIVE": null, "ALIAS_ID": null, "OBJECTID": 2771, "OBSERVATI4": null}}, {"type": "Feature", "id": 8582, "geometry": {"type": "Point", "coordinates": [-80.13387930617235, 25.78205799841217]}, "properties": {"POINT_ID": 40283, "TREE_SPECI": "Coconut Palm", "SCI_NAME": "Cocos nucifera", "DBH": 11, "MULTI_TRUN": "No", "CONDITION": "Fair", "PRUNING": " ", "RISK_FACTO": "None", "OBSERVATIO": "Discolored Foliage", "OBSERVATI2": "White Fly", "OBSERVATI3": " ", "OVERHEAD_U": "No", "GROWING_SP": "Government", "GPS_DATE": 1503964800000, "GPS_TIME": "09:35:16am", "NORTHING": 527414.809, "EASTING": 941174.737, "COMMEMORATIVE": null, "ALIAS_ID": null, "OBJECTID": 8582, "OBSERVATI4": null}}, {"type": "Feature", "id": 4251, "geometry": {"type": "Point", "coordinates": [-80.13410033362827, 25.790610032775284]}, "properties": {"POINT_ID": 35952, "TREE_SPECI": "Cabada Palm", "SCI_NAME": "Dypsis cabadae", "DBH": 28, "MULTI_TRUN": "Yes", "CONDITION": "Good", "PRUNING": " ", "RISK_FACTO": "None", "OBSERVATIO": " ", "OBSERVATI2": " ", "OBSERVATI3": " ", "OVERHEAD_U": "No", "GROWING_SP": "Park", "GPS_DATE": 1494979200000, "GPS_TIME": "11:35:22am", "NORTHING": 530522.745, "EASTING": 941081.565, "COMMEMORATIVE": null, "ALIAS_ID": null, "OBJECTID": 4251, "OBSERVATI4": null}}, {"type": "Feature", "id": 8874, "geometry": {"type": "Point", "coordinates": [-80.12963744401553, 25.78338269011342]}, "properties": {"POINT_ID": 40575, "TREE_SPECI": "Coconut Palm", "SCI_NAME": "Cocos nucifera", "DBH": 8, "MULTI_TRUN": "No", "CONDITION": "Good", "PRUNING": " ", "RISK_FACTO": "None", "OBSERVATIO": " ", "OBSERVATI2": " ", "OBSERVATI3": " ", "OVERHEAD_U": "No", "GROWING_SP": "Park", "GPS_DATE": 1503446400000, "GPS_TIME": "10:12:58am", "NORTHING": 527905.497, "EASTING": 942567.457, "COMMEMORATIVE": null, "ALIAS_ID": null, "OBJECTID": 8874, "OBSERVATI4": null}}, {"type": "Feature", "id": 7640, "geometry": {"type": "Point", "coordinates": [-80.13403185604099, 25.78462094906944]}, "properties": {"POINT_ID": 39341, "TREE_SPECI": "Orange Geiger", "SCI_NAME": "Cordia sebestena", "DBH": 9, "MULTI_TRUN": "No", "CONDITION": "Poor", "PRUNING": "Restoration Pruning", "RISK_FACTO": "None", "OBSERVATIO": "Trunk Damage - Major", "OBSERVATI2": "Sprouting", "OBSERVATI3": "Lopsided Canopy", "OVERHEAD_U": "No", "GROWING_SP": "Road/ROW", "GPS_DATE": 1503273600000, "GPS_TIME": "11:15:00am", "NORTHING": 528346.037, "EASTING": 941118.412, "COMMEMORATIVE": null, "ALIAS_ID": null, "OBJECTID": 7640, "OBSERVATI4": null}}, {"type": "Feature", "id": 7609, "geometry": {"type": "Point", "coordinates": [-80.132583370945, 25.78695074147881]}, "properties": {"POINT_ID": 39310, "TREE_SPECI": "Yellow Tabebuia", "SCI_NAME": "Tabebuia caraiba", "DBH": 17, "MULTI_TRUN": "No", "CONDITION": "Good", "PRUNING": "Crown Cleaning", "RISK_FACTO": "None", "OBSERVATIO": "Dead Wood", "OBSERVATI2": " ", "OBSERVATI3": " ", "OVERHEAD_U": "No", "GROWING_SP": "Road/ROW", "GPS_DATE": 1503273600000, "GPS_TIME": "10:03:32am", "NORTHING": 529195.985, "EASTING": 941589.488, "COMMEMORATIVE": null, "ALIAS_ID": null, "OBJECTID": 7609, "OBSERVATI4": null}}, {"type": "Feature", "id": 5579, "geometry": {"type": "Point", "coordinates": [-80.13077100474602, 25.791169184303325]}, "properties": {"POINT_ID": 37280, "TREE_SPECI": "Royal Palm", "SCI_NAME": "Roystonea elata", "DBH": 23, "MULTI_TRUN": "No", "CONDITION": "Good", "PRUNING": " ", "RISK_FACTO": "None", "OBSERVATIO": " ", "OBSERVATI2": " ", "OBSERVATI3": " ", "OVERHEAD_U": "No", "GROWING_SP": "Road/ROW", "GPS_DATE": 1502841600000, "GPS_TIME": "10:08:12am", "NORTHING": 530733.199, "EASTING": 942175.752, "COMMEMORATIVE": null, "ALIAS_ID": null, "OBJECTID": 5579, "OBSERVATI4": null}}, {"type": "Feature", "id": 4314, "geometry": {"type": "Point", "coordinates": [-80.13333831688225, 25.79061656975631]}, "properties": {"POINT_ID": 36015, "TREE_SPECI": "Pygmy Date Palm", "SCI_NAME": "Phoenix roebelenii", "DBH": 5, "MULTI_TRUN": "No", "CONDITION": "Good", "PRUNING": " ", "RISK_FACTO": "None", "OBSERVATIO": " ", "OBSERVATI2": " ", "OBSERVATI3": " ", "OVERHEAD_U": "No", "GROWING_SP": "Park", "GPS_DATE": 1494979200000, "GPS_TIME": "01:24:27pm", "NORTHING": 530526.771, "EASTING": 941332.294, "COMMEMORATIVE": null, "ALIAS_ID": null, "OBJECTID": 4314, "OBSERVATI4": null}}, {"type": "Feature", "id": 4437, "geometry": {"type": "Point", "coordinates": [-80.12567705020629, 25.799383572628802]}, "properties": {"POINT_ID": 36138, "TREE_SPECI": "Sea Grape", "SCI_NAME": "Coccoloba uvifera", "DBH": 36, "MULTI_TRUN": "Yes", "CONDITION": "Good", "PRUNING": " ", "RISK_FACTO": "None", "OBSERVATIO": "Cluster", "OBSERVATI2": " ", "OBSERVATI3": " ", "OVERHEAD_U": "No", "GROWING_SP": "Park", "GPS_DATE": 1496707200000, "GPS_TIME": "11:38:00am", "NORTHING": 533729.994, "EASTING": 943832.102, "COMMEMORATIVE": null, "ALIAS_ID": null, "OBJECTID": 4437, "OBSERVATI4": null}}, {"type": "Feature", "id": 5642, "geometry": {"type": "Point", "coordinates": [-80.12826525178743, 25.794034246158642]}, "properties": {"POINT_ID": 37343, "TREE_SPECI": "Coconut Palm", "SCI_NAME": "Cocos nucifera", "DBH": 9, "MULTI_TRUN": "No", "CONDITION": "Fair", "PRUNING": " ", "RISK_FACTO": "None", "OBSERVATIO": "Discolored Foliage", "OBSERVATI2": " ", "OBSERVATI3": " ", "OVERHEAD_U": "No", "GROWING_SP": "Road/ROW", "GPS_DATE": 1502841600000, "GPS_TIME": "10:53:10am", "NORTHING": 531780.018, "EASTING": 942993.381, "COMMEMORATIVE": null, "ALIAS_ID": null, "OBJECTID": 5642, "OBSERVATI4": null}}, {"type": "Feature", "id": 5765, "geometry": {"type": "Point", "coordinates": [-80.1275565471147, 25.793085211226725]}, "properties": {"POINT_ID": 37466, "TREE_SPECI": "Coconut Palm", "SCI_NAME": "Cocos nucifera", "DBH": 8, "MULTI_TRUN": "No", "CONDITION": "Fair", "PRUNING": " ", "RISK_FACTO": "None", "OBSERVATIO": "Discolored Foliage", "OBSERVATI2": "Reduced Canopy - Moderate", "OBSERVATI3": " ", "OVERHEAD_U": "No", "GROWING_SP": "Park", "GPS_DATE": 1502841600000, "GPS_TIME": "01:10:52pm", "NORTHING": 531436.615, "EASTING": 943228.863, "COMMEMORATIVE": null, "ALIAS_ID": null, "OBJECTID": 5765, "OBSERVATI4": null}}, {"type": "Feature", "id": 5648, "geometry": {"type": "Point", "coordinates": [-80.1276582449979, 25.794045322295286]}, "properties": {"POINT_ID": 37349, "TREE_SPECI": "Screw Pine", "SCI_NAME": "Pandanus utilis", "DBH": 27, "MULTI_TRUN": "Yes", "CONDITION": "Good", "PRUNING": " ", "RISK_FACTO": "None", "OBSERVATIO": " ", "OBSERVATI2": " ", "OBSERVATI3": " ", "OVERHEAD_U": "No", "GROWING_SP": "Park", "GPS_DATE": 1502841600000, "GPS_TIME": "10:56:08am", "NORTHING": 531785.366, "EASTING": 943193.087, "COMMEMORATIVE": null, "ALIAS_ID": null, "OBJECTID": 5648, "OBSERVATI4": null}}, {"type": "Feature", "id": 4984, "geometry": {"type": "Point", "coordinates": [-80.12673708063743, 25.79700193915256]}, "properties": {"POINT_ID": 36685, "TREE_SPECI": "Cabbage Palm", "SCI_NAME": "Sabal palmetto", "DBH": 9, "MULTI_TRUN": "No", "CONDITION": "Good", "PRUNING": " ", "RISK_FACTO": "None", "OBSERVATIO": " ", "OBSERVATI2": " ", "OBSERVATI3": " ", "OVERHEAD_U": "No", "GROWING_SP": "Park", "GPS_DATE": 1499731200000, "GPS_TIME": "08:20:04am", "NORTHING": 532862.022, "EASTING": 943489.063, "COMMEMORATIVE": null, "ALIAS_ID": null, "OBJECTID": 4984, "OBSERVATI4": null}}, {"type": "Feature", "id": 4978, "geometry": {"type": "Point", "coordinates": [-80.12674088768163, 25.797016349158667]}, "properties": {"POINT_ID": 36679, "TREE_SPECI": "Coconut Palm", "SCI_NAME": "Cocos nucifera", "DBH": 11, "MULTI_TRUN": "No", "CONDITION": "Good", "PRUNING": " ", "RISK_FACTO": "None", "OBSERVATIO": " ", "OBSERVATI2": " ", "OBSERVATI3": " ", "OVERHEAD_U": "No", "GROWING_SP": "Park", "GPS_DATE": 1499731200000, "GPS_TIME": "08:17:43am", "NORTHING": 532867.251, "EASTING": 943487.776, "COMMEMORATIVE": null, "ALIAS_ID": null, "OBJECTID": 4978, "OBSERVATI4": null}}, {"type": "Feature", "id": 5101, "geometry": {"type": "Point", "coordinates": [-80.12740112654468, 25.796821900715056]}, "properties": {"POINT_ID": 36802, "TREE_SPECI": "Coconut Palm", "SCI_NAME": "Cocos nucifera", "DBH": 11, "MULTI_TRUN": "No", "CONDITION": "Poor", "PRUNING": " ", "RISK_FACTO": "None", "OBSERVATIO": "Discolored Foliage", "OBSERVATI2": "Pencil Top", "OBSERVATI3": " ", "OVERHEAD_U": "No", "GROWING_SP": "Park", "GPS_DATE": 1499731200000, "GPS_TIME": "10:39:32am", "NORTHING": 532795.134, "EASTING": 943271.002, "COMMEMORATIVE": null, "ALIAS_ID": null, "OBJECTID": 5101, "OBSERVATI4": null}}, {"type": "Feature", "id": 9020, "geometry": {"type": "Point", "coordinates": [-80.13860797832712, 25.78165480500375]}, "properties": {"POINT_ID": 40721, "TREE_SPECI": "Black Olive", "SCI_NAME": "Bucida buceras", "DBH": 26, "MULTI_TRUN": "No", "CONDITION": "Poor", "PRUNING": " ", "RISK_FACTO": "Constricted Roots - Severe", "OBSERVATIO": "Constricted Roots", "OBSERVATI2": "Co-Dominant Leaders", "OBSERVATI3": "Adjacent Concrete Damage", "OVERHEAD_U": "No", "GROWING_SP": "Road/ROW", "GPS_DATE": 1502928000000, "GPS_TIME": "01:33:21pm", "NORTHING": 527258.056, "EASTING": 939619.597, "COMMEMORATIVE": null, "ALIAS_ID": null, "OBJECTID": 9020, "OBSERVATI4": null}}, {"type": "Feature", "id": 1758, "geometry": {"type": "Point", "coordinates": [-80.13894193668449, 25.793181501141945]}, "properties": {"POINT_ID": 33459, "TREE_SPECI": "Coconut Palm", "SCI_NAME": "Cocos nucifera", "DBH": 9, "MULTI_TRUN": "No", "CONDITION": "Good", "PRUNING": " ", "RISK_FACTO": "None", "OBSERVATIO": " ", "OBSERVATI2": " ", "OBSERVATI3": " ", "OVERHEAD_U": "No", "GROWING_SP": "Road/ROW", "GPS_DATE": 1492560000000, "GPS_TIME": "09:56:24am", "NORTHING": 531446.952, "EASTING": 939482.306, "COMMEMORATIVE": null, "ALIAS_ID": null, "OBJECTID": 1758, "OBSERVATI4": null}}, {"type": "Feature", "id": 1998, "geometry": {"type": "Point", "coordinates": [-80.1387055315754, 25.790511733238404]}, "properties": {"POINT_ID": 33699, "TREE_SPECI": "Hong Kong Orchid", "SCI_NAME": "Bauhinia blakeana", "DBH": 13, "MULTI_TRUN": "No", "CONDITION": "Fair", "PRUNING": "Structure Pruning", "RISK_FACTO": "None", "OBSERVATIO": "Co-Dominant Leaders", "OBSERVATI2": "Defoliated - Moderate", "OBSERVATI3": "Discolored Foliage", "OVERHEAD_U": "No", "GROWING_SP": "Park", "GPS_DATE": 1494460800000, "GPS_TIME": "11:28:34am", "NORTHING": 530477.078, "EASTING": 939566.442, "COMMEMORATIVE": null, "ALIAS_ID": null, "OBJECTID": 1998, "OBSERVATI4": null}}, {"type": "Feature", "id": 30477, "geometry": {"type": "Point", "coordinates": [-80.13820084742184, 25.79539159444819]}, "properties": {"POINT_ID": 29535, "TREE_SPECI": "Sea Grape", "SCI_NAME": null, "DBH": 12, "MULTI_TRUN": "No", "CONDITION": "Good", "PRUNING": "Crown Cleaning", "RISK_FACTO": "None", "OBSERVATIO": "Limb Damage - Minor", "OBSERVATI2": "Trunk Damage - Minor", "OBSERVATI3": " ", "OVERHEAD_U": "No", "GROWING_SP": "Golf Course", "GPS_DATE": 1460419200000, "GPS_TIME": "09:52:25am", "NORTHING": 532251.852, "EASTING": 939720.901, "COMMEMORATIVE": "N", "ALIAS_ID": null, "OBJECTID": 30477, "OBSERVATI4": null}}, {"type": "Feature", "id": 30732, "geometry": {"type": "Point", "coordinates": [-80.13676137408838, 25.79779998098234]}, "properties": {"POINT_ID": 29794, "TREE_SPECI": "Coconut Palm", "SCI_NAME": null, "DBH": 10, "MULTI_TRUN": "No", "CONDITION": "Good", "PRUNING": " ", "RISK_FACTO": "None", "OBSERVATIO": " ", "OBSERVATI2": " ", "OBSERVATI3": " ", "OVERHEAD_U": "No", "GROWING_SP": "Golf Course", "GPS_DATE": 1460937600000, "GPS_TIME": "09:12:43am", "NORTHING": 533130.334, "EASTING": 940188.806, "COMMEMORATIVE": "N", "ALIAS_ID": null, "OBJECTID": 30732, "OBSERVATI4": null}}, {"type": "Feature", "id": 3086, "geometry": {"type": "Point", "coordinates": [-80.13594820939592, 25.795638202132533]}, "properties": {"POINT_ID": 34787, "TREE_SPECI": "Solitaire Palm", "SCI_NAME": "Ptychosperma elegans", "DBH": 3, "MULTI_TRUN": "No", "CONDITION": "Good", "PRUNING": " ", "RISK_FACTO": "None", "OBSERVATIO": " ", "OBSERVATI2": " ", "OBSERVATI3": " ", "OVERHEAD_U": "No", "GROWING_SP": "Park", "GPS_DATE": 1493164800000, "GPS_TIME": "11:30:13am", "NORTHING": 532346.345, "EASTING": 940461.521, "COMMEMORATIVE": null, "ALIAS_ID": null, "OBJECTID": 3086, "OBSERVATI4": null}}, {"type": "Feature", "id": 8914, "geometry": {"type": "Point", "coordinates": [-80.1299069935091, 25.782708861440774]}, "properties": {"POINT_ID": 40615, "TREE_SPECI": "Coconut Palm", "SCI_NAME": "Cocos nucifera", "DBH": 10, "MULTI_TRUN": "No", "CONDITION": "Good", "PRUNING": " ", "RISK_FACTO": "None", "OBSERVATIO": " ", "OBSERVATI2": " ", "OBSERVATI3": " ", "OVERHEAD_U": "No", "GROWING_SP": "Park", "GPS_DATE": 1503446400000, "GPS_TIME": "11:50:51am", "NORTHING": 527659.994, "EASTING": 942480.373, "COMMEMORATIVE": null, "ALIAS_ID": null, "OBJECTID": 8914, "OBSERVATI4": null}}, {"type": "Feature", "id": 8920, "geometry": {"type": "Point", "coordinates": [-80.12964672320747, 25.782705120221753]}, "properties": {"POINT_ID": 40621, "TREE_SPECI": "Coconut Palm", "SCI_NAME": "Cocos nucifera", "DBH": 11, "MULTI_TRUN": "No", "CONDITION": "Fair", "PRUNING": " ", "RISK_FACTO": "None", "OBSERVATIO": "Discolored Foliage", "OBSERVATI2": " ", "OBSERVATI3": " ", "OVERHEAD_U": "No", "GROWING_SP": "Park", "GPS_DATE": 1503446400000, "GPS_TIME": "11:53:14am", "NORTHING": 527659.2, "EASTING": 942566.031, "COMMEMORATIVE": null, "ALIAS_ID": null, "OBJECTID": 8920, "OBSERVATI4": null}}, {"type": "Feature", "id": 2084, "geometry": {"type": "Point", "coordinates": [-80.13707963622625, 25.79050879944591]}, "properties": {"POINT_ID": 33785, "TREE_SPECI": "Coccothrinax sp.", "SCI_NAME": "Coccothrinax sp.", "DBH": 4, "MULTI_TRUN": "No", "CONDITION": "Fair", "PRUNING": " ", "RISK_FACTO": "None", "OBSERVATIO": "Discolored Foliage", "OBSERVATI2": " ", "OBSERVATI3": " ", "OVERHEAD_U": "No", "GROWING_SP": "Park", "GPS_DATE": 1494460800000, "GPS_TIME": "02:14:03pm", "NORTHING": 530479.515, "EASTING": 940101.456, "COMMEMORATIVE": null, "ALIAS_ID": null, "OBJECTID": 2084, "OBSERVATI4": null}}, {"type": "Feature", "id": 7663, "geometry": {"type": "Point", "coordinates": [-80.13185949384766, 25.789929721431605]}, "properties": {"POINT_ID": 39364, "TREE_SPECI": "Royal Poinciana", "SCI_NAME": "Delonix regia", "DBH": 9, "MULTI_TRUN": "No", "CONDITION": "Good", "PRUNING": "Crown Cleaning", "RISK_FACTO": "None", "OBSERVATIO": "Co-Dominant Leaders", "OBSERVATI2": "Dead Wood", "OBSERVATI3": " ", "OVERHEAD_U": "No", "GROWING_SP": "Road/ROW", "GPS_DATE": 1503273600000, "GPS_TIME": "12:44:24pm", "NORTHING": 530280.327, "EASTING": 941820.552, "COMMEMORATIVE": null, "ALIAS_ID": null, "OBJECTID": 7663, "OBSERVATI4": null}}, {"type": "Feature", "id": 4343, "geometry": {"type": "Point", "coordinates": [-80.13278066060748, 25.79064641524124]}, "properties": {"POINT_ID": 36044, "TREE_SPECI": "Indian Laurel Fig", "SCI_NAME": "Ficus nitida", "DBH": 30, "MULTI_TRUN": "No", "CONDITION": "Good", "PRUNING": " ", "RISK_FACTO": "None", "OBSERVATIO": "Co-Dominant Leaders", "OBSERVATI2": " ", "OBSERVATI3": " ", "OVERHEAD_U": "No", "GROWING_SP": "Park", "GPS_DATE": 1494979200000, "GPS_TIME": "01:50:30pm", "NORTHING": 530538.827, "EASTING": 941515.721, "COMMEMORATIVE": null, "ALIAS_ID": null, "OBJECTID": 4343, "OBSERVATI4": null}}, {"type": "Feature", "id": 3673, "geometry": {"type": "Point", "coordinates": [-80.13235594091844, 25.792671448693277]}, "properties": {"POINT_ID": 35374, "TREE_SPECI": "Cabbage Palm", "SCI_NAME": "Sabal palmetto", "DBH": 8, "MULTI_TRUN": "No", "CONDITION": "Good", "PRUNING": " ", "RISK_FACTO": "None", "OBSERVATIO": " ", "OBSERVATI2": " ", "OBSERVATI3": " ", "OVERHEAD_U": "No", "GROWING_SP": "Government", "GPS_DATE": 1495497600000, "GPS_TIME": "03:40:49pm", "NORTHING": 531275.789, "EASTING": 941650.627, "COMMEMORATIVE": null, "ALIAS_ID": null, "OBJECTID": 3673, "OBSERVATI4": null}}, {"type": "Feature", "id": 2748, "geometry": {"type": "Point", "coordinates": [-80.13509542929066, 25.79246659241024]}, "properties": {"POINT_ID": 34449, "TREE_SPECI": "Royal Palm", "SCI_NAME": "Roystonea elata", "DBH": 15, "MULTI_TRUN": "No", "CONDITION": "Fair", "PRUNING": " ", "RISK_FACTO": "None", "OBSERVATIO": "Tapered Trunk", "OBSERVATI2": "Leader - Bent", "OBSERVATI3": " ", "OVERHEAD_U": "No", "GROWING_SP": "Government", "GPS_DATE": 1493078400000, "GPS_TIME": "11:25:16am", "NORTHING": 531195.399, "EASTING": 940749.693, "COMMEMORATIVE": null, "ALIAS_ID": null, "OBJECTID": 2748, "OBSERVATI4": null}}, {"type": "Feature", "id": 31141, "geometry": {"type": "Point", "coordinates": [-80.13607551448749, 25.800236256821066]}, "properties": {"POINT_ID": 30204, "TREE_SPECI": "Australian Pine", "SCI_NAME": null, "DBH": 24, "MULTI_TRUN": "No", "CONDITION": "Dead", "PRUNING": "Remove Stump", "RISK_FACTO": "None", "OBSERVATIO": " ", "OBSERVATI2": " ", "OBSERVATI3": " ", "OVERHEAD_U": "No", "GROWING_SP": "Golf Course", "GPS_DATE": 1461110400000, "GPS_TIME": "09:21:17am", "NORTHING": 534017.33, "EASTING": 940408.665, "COMMEMORATIVE": "N", "ALIAS_ID": null, "OBJECTID": 31141, "OBSERVATI4": null}}, {"type": "Feature", "id": 9661, "geometry": {"type": "Point", "coordinates": [-80.13261673709061, 25.781104017170943]}, "properties": {"POINT_ID": 41362, "TREE_SPECI": "Brazilian Beauty Leaf", "SCI_NAME": "Calophyllum brasiliense", "DBH": 9, "MULTI_TRUN": "No", "CONDITION": "Fair", "PRUNING": " ", "RISK_FACTO": "None", "OBSERVATIO": "Constricted Roots", "OBSERVATI2": "Co-Dominant Leaders", "OBSERVATI3": "Leader - Bent", "OVERHEAD_U": "No", "GROWING_SP": "Road/ROW", "GPS_DATE": 1503964800000, "GPS_TIME": "08:01:29am", "NORTHING": 527070.799, "EASTING": 941592.504, "COMMEMORATIVE": null, "ALIAS_ID": null, "OBJECTID": 9661, "OBSERVATI4": null}}, {"type": "Feature", "id": 8828, "geometry": {"type": "Point", "coordinates": [-80.12936101263847, 25.783754118797408]}, "properties": {"POINT_ID": 40529, "TREE_SPECI": "Coconut Palm", "SCI_NAME": "Cocos nucifera", "DBH": 10, "MULTI_TRUN": "No", "CONDITION": "Fair", "PRUNING": " ", "RISK_FACTO": "None", "OBSERVATIO": "Discolored Foliage", "OBSERVATI2": " ", "OBSERVATI3": " ", "OVERHEAD_U": "No", "GROWING_SP": "Park", "GPS_DATE": 1503446400000, "GPS_TIME": "09:42:50am", "NORTHING": 528041.102, "EASTING": 942657.531, "COMMEMORATIVE": null, "ALIAS_ID": null, "OBJECTID": 8828, "OBSERVATI4": null}}, {"type": "Feature", "id": 8496, "geometry": {"type": "Point", "coordinates": [-80.12938525149421, 25.784185365561537]}, "properties": {"POINT_ID": 40197, "TREE_SPECI": "Coconut Palm", "SCI_NAME": "Cocos nucifera", "DBH": 10, "MULTI_TRUN": "No", "CONDITION": "Good", "PRUNING": " ", "RISK_FACTO": "None", "OBSERVATIO": " ", "OBSERVATI2": " ", "OBSERVATI3": " ", "OVERHEAD_U": "No", "GROWING_SP": "Park", "GPS_DATE": 1503446400000, "GPS_TIME": "09:12:03am", "NORTHING": 528197.795, "EASTING": 942648.519, "COMMEMORATIVE": null, "ALIAS_ID": null, "OBJECTID": 8496, "OBSERVATI4": null}}, {"type": "Feature", "id": 3172, "geometry": {"type": "Point", "coordinates": [-80.13620254073346, 25.79585161570201]}, "properties": {"POINT_ID": 34873, "TREE_SPECI": "Areca Palm", "SCI_NAME": "Dypsis lutescens", "DBH": 80, "MULTI_TRUN": "Yes", "CONDITION": "Good", "PRUNING": " ", "RISK_FACTO": "None", "OBSERVATIO": "Cluster", "OBSERVATI2": " ", "OBSERVATI3": " ", "OVERHEAD_U": "No", "GROWING_SP": "Park", "GPS_DATE": 1493164800000, "GPS_TIME": "01:03:27pm", "NORTHING": 532423.365, "EASTING": 940377.327, "COMMEMORATIVE": null, "ALIAS_ID": null, "OBJECTID": 3172, "OBSERVATI4": null}}, {"type": "Feature", "id": 7586, "geometry": {"type": "Point", "coordinates": [-80.13306203158584, 25.787211508087026]}, "properties": {"POINT_ID": 39287, "TREE_SPECI": "Vera Wood", "SCI_NAME": "Bulnesia arboria", "DBH": 7, "MULTI_TRUN": "No", "CONDITION": "Fair", "PRUNING": "Clearance Pruning, Structure Pruning", "RISK_FACTO": "None", "OBSERVATIO": "Utility Lines - Conflict", "OBSERVATI2": "Lopsided Canopy", "OBSERVATI3": " ", "OVERHEAD_U": "Yes", "GROWING_SP": "Road/ROW", "GPS_DATE": 1503273600000, "GPS_TIME": "09:45:28am", "NORTHING": 529289.729, "EASTING": 941431.354, "COMMEMORATIVE": null, "ALIAS_ID": null, "OBJECTID": 7586, "OBSERVATI4": null}}, {"type": "Feature", "id": 4337, "geometry": {"type": "Point", "coordinates": [-80.13291528812373, 25.790726235833226]}, "properties": {"POINT_ID": 36038, "TREE_SPECI": "Cabbage Palm", "SCI_NAME": "Sabal palmetto", "DBH": 14, "MULTI_TRUN": "No", "CONDITION": "Good", "PRUNING": " ", "RISK_FACTO": "None", "OBSERVATIO": " ", "OBSERVATI2": " ", "OBSERVATI3": " ", "OVERHEAD_U": "No", "GROWING_SP": "Park", "GPS_DATE": 1494979200000, "GPS_TIME": "01:44:56pm", "NORTHING": 530567.548, "EASTING": 941471.231, "COMMEMORATIVE": null, "ALIAS_ID": null, "OBJECTID": 4337, "OBSERVATI4": null}}, {"type": "Feature", "id": 4414, "geometry": {"type": "Point", "coordinates": [-80.12573489439929, 25.799624661937173]}, "properties": {"POINT_ID": 36115, "TREE_SPECI": "Cabbage Palm", "SCI_NAME": "Sabal palmetto", "DBH": 18, "MULTI_TRUN": "No", "CONDITION": "Poor", "PRUNING": " ", "RISK_FACTO": "None", "OBSERVATIO": "Discolored Foliage", "OBSERVATI2": "Reduced Canopy - Moderate", "OBSERVATI3": " ", "OVERHEAD_U": "No", "GROWING_SP": "Park", "GPS_DATE": 1496707200000, "GPS_TIME": "11:21:11am", "NORTHING": 533817.496, "EASTING": 943812.488, "COMMEMORATIVE": null, "ALIAS_ID": null, "OBJECTID": 4414, "OBSERVATI4": null}}, {"type": "Feature", "id": 5078, "geometry": {"type": "Point", "coordinates": [-80.12817063022331, 25.797142852647713]}, "properties": {"POINT_ID": 36779, "TREE_SPECI": "Cabbage Palm", "SCI_NAME": "Sabal palmetto", "DBH": 13, "MULTI_TRUN": "No", "CONDITION": "Fair", "PRUNING": " ", "RISK_FACTO": "None", "OBSERVATIO": "Discolored Foliage", "OBSERVATI2": " ", "OBSERVATI3": " ", "OVERHEAD_U": "No", "GROWING_SP": "Park", "GPS_DATE": 1499731200000, "GPS_TIME": "10:16:39am", "NORTHING": 532910.114, "EASTING": 943017.034, "COMMEMORATIVE": null, "ALIAS_ID": null, "OBJECTID": 5078, "OBSERVATI4": null}}, {"type": "Feature", "id": 5671, "geometry": {"type": "Point", "coordinates": [-80.12721071350053, 25.794492315451688]}, "properties": {"POINT_ID": 37372, "TREE_SPECI": "Coconut Palm", "SCI_NAME": "Cocos nucifera", "DBH": 8, "MULTI_TRUN": "No", "CONDITION": "Fair", "PRUNING": " ", "RISK_FACTO": "None", "OBSERVATIO": "Discolored Foliage", "OBSERVATI2": " ", "OBSERVATI3": " ", "OVERHEAD_U": "No", "GROWING_SP": "Park", "GPS_DATE": 1502841600000, "GPS_TIME": "11:09:51am", "NORTHING": 531948.811, "EASTING": 943339.268, "COMMEMORATIVE": null, "ALIAS_ID": null, "OBJECTID": 5671, "OBSERVATI4": null}}, {"type": "Feature", "id": 5665, "geometry": {"type": "Point", "coordinates": [-80.1273801647909, 25.794134387302293]}, "properties": {"POINT_ID": 37366, "TREE_SPECI": "Cabbage Palm", "SCI_NAME": "Sabal palmetto", "DBH": 10, "MULTI_TRUN": "No", "CONDITION": "Fair", "PRUNING": " ", "RISK_FACTO": "None", "OBSERVATIO": "Discolored Foliage", "OBSERVATI2": " ", "OBSERVATI3": " ", "OVERHEAD_U": "No", "GROWING_SP": "Park", "GPS_DATE": 1502841600000, "GPS_TIME": "11:03:44am", "NORTHING": 531818.345, "EASTING": 943284.373, "COMMEMORATIVE": null, "ALIAS_ID": null, "OBJECTID": 5665, "OBSERVATI4": null}}, {"type": "Feature", "id": 5007, "geometry": {"type": "Point", "coordinates": [-80.12673765234621, 25.796782940062986]}, "properties": {"POINT_ID": 36708, "TREE_SPECI": "Cabbage Palm", "SCI_NAME": "Sabal palmetto", "DBH": 13, "MULTI_TRUN": "No", "CONDITION": "Fair", "PRUNING": " ", "RISK_FACTO": "None", "OBSERVATIO": "Discolored Foliage", "OBSERVATI2": " ", "OBSERVATI3": " ", "OVERHEAD_U": "No", "GROWING_SP": "Park", "GPS_DATE": 1499731200000, "GPS_TIME": "08:35:51am", "NORTHING": 532782.421, "EASTING": 943489.403, "COMMEMORATIVE": null, "ALIAS_ID": null, "OBJECTID": 5007, "OBSERVATI4": null}}, {"type": "Feature", "id": 5001, "geometry": {"type": "Point", "coordinates": [-80.1265497178382, 25.7969165183998]}, "properties": {"POINT_ID": 36702, "TREE_SPECI": "Cabbage Palm", "SCI_NAME": "Sabal palmetto", "DBH": 9, "MULTI_TRUN": "No", "CONDITION": "Poor", "PRUNING": " ", "RISK_FACTO": "None", "OBSERVATIO": "Discolored Foliage", "OBSERVATI2": " ", "OBSERVATI3": " ", "OVERHEAD_U": "No", "GROWING_SP": "Park", "GPS_DATE": 1499731200000, "GPS_TIME": "08:31:17am", "NORTHING": 532831.383, "EASTING": 943550.918, "COMMEMORATIVE": null, "ALIAS_ID": null, "OBJECTID": 5001, "OBSERVATI4": null}}, {"type": "Feature", "id": 30717, "geometry": {"type": "Point", "coordinates": [-80.13659034885376, 25.797419533117576]}, "properties": {"POINT_ID": 29779, "TREE_SPECI": "Green Buttonwood", "SCI_NAME": null, "DBH": 9, "MULTI_TRUN": "No", "CONDITION": "Good", "PRUNING": "Structure Pruning", "RISK_FACTO": "None", "OBSERVATIO": "Co-Dominant Leaders", "OBSERVATI2": " ", "OBSERVATI3": " ", "OVERHEAD_U": "No", "GROWING_SP": "Golf Course", "GPS_DATE": 1460937600000, "GPS_TIME": "08:51:46am", "NORTHING": 532992.421, "EASTING": 940245.986, "COMMEMORATIVE": "N", "ALIAS_ID": null, "OBJECTID": 30717, "OBSERVATI4": null}}, {"type": "Feature", "id": 3155, "geometry": {"type": "Point", "coordinates": [-80.1360820888495, 25.795772356146728]}, "properties": {"POINT_ID": 34856, "TREE_SPECI": "Solitaire Palm", "SCI_NAME": "Ptychosperma elegans", "DBH": 2, "MULTI_TRUN": "No", "CONDITION": "Good", "PRUNING": " ", "RISK_FACTO": "None", "OBSERVATIO": " ", "OBSERVATI2": " ", "OBSERVATI3": " ", "OVERHEAD_U": "No", "GROWING_SP": "Park", "GPS_DATE": 1493164800000, "GPS_TIME": "12:55:20pm", "NORTHING": 532394.817, "EASTING": 940417.15, "COMMEMORATIVE": null, "ALIAS_ID": null, "OBJECTID": 3155, "OBSERVATI4": null}}, {"type": "Feature", "id": 3278, "geometry": {"type": "Point", "coordinates": [-80.13530343607252, 25.792051121045976]}, "properties": {"POINT_ID": 34979, "TREE_SPECI": "Montgomery Palm", "SCI_NAME": "Veitchia montgomeryana", "DBH": 9, "MULTI_TRUN": "No", "CONDITION": "Good", "PRUNING": " ", "RISK_FACTO": "None", "OBSERVATIO": " ", "OBSERVATI2": " ", "OBSERVATI3": " ", "OVERHEAD_U": "No", "GROWING_SP": "Road/ROW", "GPS_DATE": 1494374400000, "GPS_TIME": "09:48:42am", "NORTHING": 531043.938, "EASTING": 940682.24, "COMMEMORATIVE": null, "ALIAS_ID": null, "OBJECTID": 3278, "OBSERVATI4": null}}, {"type": "Feature", "id": 1729, "geometry": {"type": "Point", "coordinates": [-80.13992027567812, 25.791291561748178]}, "properties": {"POINT_ID": 33430, "TREE_SPECI": "Christmas Palm", "SCI_NAME": "Veitchia merrillii", "DBH": 8, "MULTI_TRUN": "No", "CONDITION": "Fair", "PRUNING": " ", "RISK_FACTO": "None", "OBSERVATIO": "Frizzled Fronds", "OBSERVATI2": "Discolored Foliage", "OBSERVATI3": " ", "OVERHEAD_U": "No", "GROWING_SP": "Road/ROW", "GPS_DATE": 1492473600000, "GPS_TIME": "03:39:48pm", "NORTHING": 530757.91, "EASTING": 939164.874, "COMMEMORATIVE": null, "ALIAS_ID": null, "OBJECTID": 1729, "OBSERVATI4": null}}, {"type": "Feature", "id": 30500, "geometry": {"type": "Point", "coordinates": [-80.13946957853369, 25.796584512508694]}, "properties": {"POINT_ID": 29558, "TREE_SPECI": "Wild/Cuban Tamarind", "SCI_NAME": null, "DBH": 9, "MULTI_TRUN": "No", "CONDITION": "Good", "PRUNING": " ", "RISK_FACTO": "None", "OBSERVATIO": "Trunk Damage - Minor", "OBSERVATI2": " ", "OBSERVATI3": " ", "OVERHEAD_U": "No", "GROWING_SP": "Golf Course", "GPS_DATE": 1460419200000, "GPS_TIME": "10:29:13am", "NORTHING": 532682.712, "EASTING": 939300.603, "COMMEMORATIVE": "N", "ALIAS_ID": null, "OBJECTID": 30500, "OBSERVATI4": null}}, {"type": "Feature", "id": 8774, "geometry": {"type": "Point", "coordinates": [-80.13087631907659, 25.784272443563317]}, "properties": {"POINT_ID": 40475, "TREE_SPECI": "Solitaire Palm", "SCI_NAME": "Ptychosperma elegans", "DBH": 12, "MULTI_TRUN": "Yes", "CONDITION": "Good", "PRUNING": " ", "RISK_FACTO": "None", "OBSERVATIO": " ", "OBSERVATI2": " ", "OBSERVATI3": " ", "OVERHEAD_U": "No", "GROWING_SP": "Parking Facility", "GPS_DATE": 1503964800000, "GPS_TIME": "12:50:12pm", "NORTHING": 528226.205, "EASTING": 942157.642, "COMMEMORATIVE": null, "ALIAS_ID": null, "OBJECTID": 8774, "OBSERVATI4": null}}, {"type": "Feature", "id": 5840, "geometry": {"type": "Point", "coordinates": [-80.1279608410049, 25.791148677720823]}, "properties": {"POINT_ID": 37541, "TREE_SPECI": "Coconut Palm", "SCI_NAME": "Cocos nucifera", "DBH": 9, "MULTI_TRUN": "No", "CONDITION": "Fair", "PRUNING": " ", "RISK_FACTO": "None", "OBSERVATIO": "Discolored Foliage", "OBSERVATI2": " ", "OBSERVATI3": " ", "OVERHEAD_U": "No", "GROWING_SP": "Park", "GPS_DATE": 1502841600000, "GPS_TIME": "01:44:34pm", "NORTHING": 530731.859, "EASTING": 943100.492, "COMMEMORATIVE": null, "ALIAS_ID": null, "OBJECTID": 5840, "OBSERVATI4": null}}, {"type": "Feature", "id": 2061, "geometry": {"type": "Point", "coordinates": [-80.13718949140087, 25.790532061373483]}, "properties": {"POINT_ID": 33762, "TREE_SPECI": "Florida Thatch Palm", "SCI_NAME": "Thrinax radiata", "DBH": 5, "MULTI_TRUN": "No", "CONDITION": "Good", "PRUNING": " ", "RISK_FACTO": "None", "OBSERVATIO": " ", "OBSERVATI2": " ", "OBSERVATI3": " ", "OVERHEAD_U": "No", "GROWING_SP": "Park", "GPS_DATE": 1494460800000, "GPS_TIME": "01:49:55pm", "NORTHING": 530487.733, "EASTING": 940065.252, "COMMEMORATIVE": null, "ALIAS_ID": null, "OBJECTID": 2061, "OBSERVATI4": null}}, {"type": "Feature", "id": 8442, "geometry": {"type": "Point", "coordinates": [-80.12932826380674, 25.784889025777467]}, "properties": {"POINT_ID": 40143, "TREE_SPECI": "Coconut Palm", "SCI_NAME": "Cocos nucifera", "DBH": 7, "MULTI_TRUN": "No", "CONDITION": "Good", "PRUNING": " ", "RISK_FACTO": "None", "OBSERVATIO": " ", "OBSERVATI2": " ", "OBSERVATI3": " ", "OVERHEAD_U": "No", "GROWING_SP": "Park", "GPS_DATE": 1503446400000, "GPS_TIME": "08:33:35am", "NORTHING": 528453.679, "EASTING": 942665.581, "COMMEMORATIVE": null, "ALIAS_ID": null, "OBJECTID": 8442, "OBSERVATI4": null}}, {"type": "Feature", "id": 9624, "geometry": {"type": "Point", "coordinates": [-80.13155479610714, 25.781768473186094]}, "properties": {"POINT_ID": 41325, "TREE_SPECI": "Coconut Palm", "SCI_NAME": "Cocos nucifera", "DBH": 10, "MULTI_TRUN": "No", "CONDITION": "Fair", "PRUNING": " ", "RISK_FACTO": "None", "OBSERVATIO": "Discolored Foliage", "OBSERVATI2": "White Fly", "OBSERVATI3": " ", "OVERHEAD_U": "No", "GROWING_SP": "Road/ROW", "GPS_DATE": 1503964800000, "GPS_TIME": "07:36:36am", "NORTHING": 527314.612, "EASTING": 941940.375, "COMMEMORATIVE": null, "ALIAS_ID": null, "OBJECTID": 9624, "OBSERVATI4": null}}, {"type": "Feature", "id": 5811, "geometry": {"type": "Point", "coordinates": [-80.12791271300364, 25.791406561000034]}, "properties": {"POINT_ID": 37512, "TREE_SPECI": "Coconut Palm", "SCI_NAME": "Cocos nucifera", "DBH": 9, "MULTI_TRUN": "No", "CONDITION": "Fair", "PRUNING": " ", "RISK_FACTO": "None", "OBSERVATIO": "Discolored Foliage", "OBSERVATI2": " ", "OBSERVATI3": " ", "OVERHEAD_U": "No", "GROWING_SP": "Park", "GPS_DATE": 1502841600000, "GPS_TIME": "01:32:04pm", "NORTHING": 530825.697, "EASTING": 943115.708, "COMMEMORATIVE": null, "ALIAS_ID": null, "OBJECTID": 5811, "OBSERVATI4": null}}, {"type": "Feature", "id": 3610, "geometry": {"type": "Point", "coordinates": [-80.13329871535224, 25.792359782072193]}, "properties": {"POINT_ID": 35311, "TREE_SPECI": "Royal Palm", "SCI_NAME": "Roystonea elata", "DBH": 16, "MULTI_TRUN": "No", "CONDITION": "Good", "PRUNING": " ", "RISK_FACTO": "None", "OBSERVATIO": " ", "OBSERVATI2": " ", "OBSERVATI3": " ", "OVERHEAD_U": "No", "GROWING_SP": "Government", "GPS_DATE": 1495497600000, "GPS_TIME": "03:04:02pm", "NORTHING": 531160.464, "EASTING": 941341.154, "COMMEMORATIVE": null, "ALIAS_ID": null, "OBJECTID": 3610, "OBSERVATI4": null}}, {"type": "Feature", "id": 5828, "geometry": {"type": "Point", "coordinates": [-80.12764213955292, 25.79091937114343]}, "properties": {"POINT_ID": 37529, "TREE_SPECI": "Coconut Palm", "SCI_NAME": "Cocos nucifera", "DBH": 11, "MULTI_TRUN": "No", "CONDITION": "Fair", "PRUNING": " ", "RISK_FACTO": "None", "OBSERVATIO": "Discolored Foliage", "OBSERVATI2": " ", "OBSERVATI3": " ", "OVERHEAD_U": "No", "GROWING_SP": "Park", "GPS_DATE": 1502841600000, "GPS_TIME": "01:41:01pm", "NORTHING": 530649.207, "EASTING": 943205.914, "COMMEMORATIVE": null, "ALIAS_ID": null, "OBJECTID": 5828, "OBSERVATI4": null}}, {"type": "Feature", "id": 30709, "geometry": {"type": "Point", "coordinates": [-80.13553880371215, 25.79872218500509]}, "properties": {"POINT_ID": 29771, "TREE_SPECI": "Coconut Palm", "SCI_NAME": null, "DBH": 9, "MULTI_TRUN": "No", "CONDITION": "Good", "PRUNING": " ", "RISK_FACTO": "None", "OBSERVATIO": " ", "OBSERVATI2": " ", "OBSERVATI3": " ", "OVERHEAD_U": "No", "GROWING_SP": "Golf Course", "GPS_DATE": 1460937600000, "GPS_TIME": "08:39:53am", "NORTHING": 533468.168, "EASTING": 940588.871, "COMMEMORATIVE": "N", "ALIAS_ID": null, "OBJECTID": 30709, "OBSERVATI4": null}}, {"type": "Feature", "id": 31164, "geometry": {"type": "Point", "coordinates": [-80.13620856516101, 25.799110995171166]}, "properties": {"POINT_ID": 30227, "TREE_SPECI": "Cabbage Palm", "SCI_NAME": null, "DBH": 9, "MULTI_TRUN": "No", "CONDITION": "Good", "PRUNING": " ", "RISK_FACTO": "None", "OBSERVATIO": " ", "OBSERVATI2": " ", "OBSERVATI3": " ", "OVERHEAD_U": "No", "GROWING_SP": "Golf Course", "GPS_DATE": 1461110400000, "GPS_TIME": "09:34:12am", "NORTHING": 533608.043, "EASTING": 940367.572, "COMMEMORATIVE": "N", "ALIAS_ID": null, "OBJECTID": 31164, "OBSERVATI4": null}}, {"type": "Feature", "id": 29406, "geometry": {"type": "Point", "coordinates": [-80.13416336193231, 25.798420255390877]}, "properties": {"POINT_ID": 24985, "TREE_SPECI": "Pigeon Plum", "SCI_NAME": null, "DBH": 6, "MULTI_TRUN": "No", "CONDITION": "Good", "PRUNING": " ", "RISK_FACTO": "None", "OBSERVATIO": " ", "OBSERVATI2": " ", "OBSERVATI3": " ", "OVERHEAD_U": "No", "GROWING_SP": "ROW/Swale", "GPS_DATE": 1452816000000, "GPS_TIME": "08:39:27am", "NORTHING": 533361.399, "EASTING": 941042.157, "COMMEMORATIVE": "N", "ALIAS_ID": null, "OBJECTID": 29406, "OBSERVATI4": null}}, {"type": "Feature", "id": 31264, "geometry": {"type": "Point", "coordinates": [-80.13544880856226, 25.800385319071083]}, "properties": {"POINT_ID": 30327, "TREE_SPECI": "Coconut Palm", "SCI_NAME": null, "DBH": 8, "MULTI_TRUN": "No", "CONDITION": "Good", "PRUNING": " ", "RISK_FACTO": "None", "OBSERVATIO": " ", "OBSERVATI2": " ", "OBSERVATI3": " ", "OVERHEAD_U": "No", "GROWING_SP": "Golf Course", "GPS_DATE": 1461110400000, "GPS_TIME": "12:48:52pm", "NORTHING": 534072.864, "EASTING": 940614.512, "COMMEMORATIVE": "N", "ALIAS_ID": null, "OBJECTID": 31264, "OBSERVATI4": null}}, {"type": "Feature", "id": 9106, "geometry": {"type": "Point", "coordinates": [-80.13725461771851, 25.779743364183233]}, "properties": {"POINT_ID": 40807, "TREE_SPECI": "Japanese Fern Tree", "SCI_NAME": "Filicium decipiens", "DBH": 8, "MULTI_TRUN": "No", "CONDITION": "Fair", "PRUNING": "Crown Cleaning", "RISK_FACTO": "None", "OBSERVATIO": "Co-Dominant Leaders", "OBSERVATI2": "Stubs", "OBSERVATI3": "Limb Damage - Minor", "OVERHEAD_U": "No", "GROWING_SP": "Road/ROW", "GPS_DATE": 1503360000000, "GPS_TIME": "09:22:31am", "NORTHING": 526566.219, "EASTING": 940069.509, "COMMEMORATIVE": null, "ALIAS_ID": null, "OBJECTID": 9106, "OBSERVATI4": null}}, {"type": "Feature", "id": 3573, "geometry": {"type": "Point", "coordinates": [-80.13392934393886, 25.792565818310106]}, "properties": {"POINT_ID": 35274, "TREE_SPECI": "Solitaire Palm", "SCI_NAME": "Ptychosperma elegans", "DBH": 3, "MULTI_TRUN": "No", "CONDITION": "Good", "PRUNING": " ", "RISK_FACTO": "None", "OBSERVATIO": " ", "OBSERVATI2": " ", "OBSERVATI3": " ", "OVERHEAD_U": "No", "GROWING_SP": "Park", "GPS_DATE": 1495497600000, "GPS_TIME": "02:30:56pm", "NORTHING": 531233.987, "EASTING": 941133.154, "COMMEMORATIVE": null, "ALIAS_ID": null, "OBJECTID": 3573, "OBSERVATI4": null}}, {"type": "Feature", "id": 30408, "geometry": {"type": "Point", "coordinates": [-80.13866935303975, 25.795096175632764]}, "properties": {"POINT_ID": 29466, "TREE_SPECI": "Gumbo Limbo", "SCI_NAME": null, "DBH": 7, "MULTI_TRUN": "No", "CONDITION": "Good", "PRUNING": " ", "RISK_FACTO": "None", "OBSERVATIO": "Defoliated - Minor", "OBSERVATI2": " ", "OBSERVATI3": " ", "OVERHEAD_U": "No", "GROWING_SP": "Golf Course", "GPS_DATE": 1460419200000, "GPS_TIME": "08:45:06am", "NORTHING": 532143.467, "EASTING": 939567.446, "COMMEMORATIVE": "N", "ALIAS_ID": null, "OBJECTID": 30408, "OBSERVATI4": null}}, {"type": "Feature", "id": 1595, "geometry": {"type": "Point", "coordinates": [-80.13751214074522, 25.794924713882548]}, "properties": {"POINT_ID": 33296, "TREE_SPECI": "Yellow Tabebuia", "SCI_NAME": "Tabebuia caraiba", "DBH": 12, "MULTI_TRUN": "No", "CONDITION": "Fair", "PRUNING": " ", "RISK_FACTO": "None", "OBSERVATIO": "Constricted Roots", "OBSERVATI2": " ", "OBSERVATI3": " ", "OVERHEAD_U": "No", "GROWING_SP": "Road/ROW", "GPS_DATE": 1492473600000, "GPS_TIME": "01:40:18pm", "NORTHING": 532083.638, "EASTING": 939948.625, "COMMEMORATIVE": null, "ALIAS_ID": null, "OBJECTID": 1595, "OBSERVATI4": null}}, {"type": "Feature", "id": 1844, "geometry": {"type": "Point", "coordinates": [-80.13781390968148, 25.793030455687422]}, "properties": {"POINT_ID": 33545, "TREE_SPECI": "Coconut Palm", "SCI_NAME": "Cocos nucifera", "DBH": 9, "MULTI_TRUN": "No", "CONDITION": "Good", "PRUNING": " ", "RISK_FACTO": "None", "OBSERVATIO": " ", "OBSERVATI2": " ", "OBSERVATI3": " ", "OVERHEAD_U": "No", "GROWING_SP": "Road/ROW", "GPS_DATE": 1492560000000, "GPS_TIME": "02:01:46pm", "NORTHING": 531394.48, "EASTING": 939853.839, "COMMEMORATIVE": null, "ALIAS_ID": null, "OBJECTID": 1844, "OBSERVATI4": null}}, {"type": "Feature", "id": 4260, "geometry": {"type": "Point", "coordinates": [-80.13385027362285, 25.79059872951002]}, "properties": {"POINT_ID": 35961, "TREE_SPECI": "Sapodilla", "SCI_NAME": "Manilkara zapota", "DBH": 26, "MULTI_TRUN": "No", "CONDITION": "Good", "PRUNING": "Crown Cleaning", "RISK_FACTO": "None", "OBSERVATIO": "Co-Dominant Leaders", "OBSERVATI2": " ", "OBSERVATI3": " ", "OVERHEAD_U": "No", "GROWING_SP": "Park", "GPS_DATE": 1494979200000, "GPS_TIME": "11:42:18am", "NORTHING": 530519.178, "EASTING": 941163.875, "COMMEMORATIVE": null, "ALIAS_ID": null, "OBJECTID": 4260, "OBSERVATI4": null}}, {"type": "Feature", "id": 1520, "geometry": {"type": "Point", "coordinates": [-80.1415797557344, 25.791941747310894]}, "properties": {"POINT_ID": 33221, "TREE_SPECI": "Pigeon Plum", "SCI_NAME": "Coccoloba diversifolia", "DBH": 2, "MULTI_TRUN": "No", "CONDITION": "Good", "PRUNING": " ", "RISK_FACTO": "None", "OBSERVATIO": "Discolored Foliage", "OBSERVATI2": " ", "OBSERVATI3": " ", "OVERHEAD_U": "No", "GROWING_SP": "Road/ROW", "GPS_DATE": 1492473600000, "GPS_TIME": "11:14:25am", "NORTHING": 530990.67, "EASTING": 938617.279, "COMMEMORATIVE": null, "ALIAS_ID": null, "OBJECTID": 1520, "OBSERVATI4": null}}, {"type": "Feature", "id": 7686, "geometry": {"type": "Point", "coordinates": [-80.1317351807695, 25.790513236283868]}, "properties": {"POINT_ID": 39387, "TREE_SPECI": "Coconut Palm", "SCI_NAME": "Cocos nucifera", "DBH": 7, "MULTI_TRUN": "No", "CONDITION": "Fair", "PRUNING": " ", "RISK_FACTO": "None", "OBSERVATIO": "Discolored Foliage", "OBSERVATI2": "White Fly", "OBSERVATI3": " ", "OVERHEAD_U": "No", "GROWING_SP": "Road/ROW", "GPS_DATE": 1503273600000, "GPS_TIME": "12:57:50pm", "NORTHING": 530492.687, "EASTING": 941860.06, "COMMEMORATIVE": null, "ALIAS_ID": null, "OBJECTID": 7686, "OBSERVATI4": null}}, {"type": "Feature", "id": 3218, "geometry": {"type": "Point", "coordinates": [-80.13511976451639, 25.795235604642006]}, "properties": {"POINT_ID": 34919, "TREE_SPECI": "Inkwood", "SCI_NAME": "Exothea paniculata", "DBH": 8, "MULTI_TRUN": "No", "CONDITION": "Good", "PRUNING": " ", "RISK_FACTO": "None", "OBSERVATIO": " ", "OBSERVATI2": " ", "OBSERVATI3": " ", "OVERHEAD_U": "No", "GROWING_SP": "Park", "GPS_DATE": 1493164800000, "GPS_TIME": "02:14:41pm", "NORTHING": 532201.802, "EASTING": 940735.074, "COMMEMORATIVE": null, "ALIAS_ID": null, "OBJECTID": 3218, "OBSERVATI4": null}}, {"type": "Feature", "id": 1804, "geometry": {"type": "Point", "coordinates": [-80.13876040806183, 25.79172014667791]}, "properties": {"POINT_ID": 33505, "TREE_SPECI": "Royal Palm", "SCI_NAME": "Roystonea elata", "DBH": 22, "MULTI_TRUN": "No", "CONDITION": "Good", "PRUNING": " ", "RISK_FACTO": "None", "OBSERVATIO": " ", "OBSERVATI2": " ", "OBSERVATI3": " ", "OVERHEAD_U": "No", "GROWING_SP": "Road/ROW", "GPS_DATE": 1492560000000, "GPS_TIME": "10:31:02am", "NORTHING": 530916.183, "EASTING": 939545.512, "COMMEMORATIVE": null, "ALIAS_ID": null, "OBJECTID": 1804, "OBSERVATI4": null}}, {"type": "Feature", "id": 9129, "geometry": {"type": "Point", "coordinates": [-80.13958693527631, 25.780006404779364]}, "properties": {"POINT_ID": 40830, "TREE_SPECI": "Black Olive", "SCI_NAME": "Bucida buceras", "DBH": 26, "MULTI_TRUN": "No", "CONDITION": "Poor", "PRUNING": "Crown Cleaning", "RISK_FACTO": "Constricted Roots - Severe", "OBSERVATIO": "Constricted Roots", "OBSERVATI2": "Dead Wood", "OBSERVATI3": "Defoliated - Moderate", "OVERHEAD_U": "No", "GROWING_SP": "Road/ROW", "GPS_DATE": 1503360000000, "GPS_TIME": "09:51:10am", "NORTHING": 526656.807, "EASTING": 939301.358, "COMMEMORATIVE": null, "ALIAS_ID": null, "OBJECTID": 9129, "OBSERVATI4": null}}, {"type": "Feature", "id": 1875, "geometry": {"type": "Point", "coordinates": [-80.1376242658859, 25.79070992799913]}, "properties": {"POINT_ID": 33576, "TREE_SPECI": "Coconut Palm", "SCI_NAME": "Cocos nucifera", "DBH": 9, "MULTI_TRUN": "No", "CONDITION": "Good", "PRUNING": " ", "RISK_FACTO": "None", "OBSERVATIO": "Vine Cover - Heavy", "OBSERVATI2": " ", "OBSERVATI3": " ", "OVERHEAD_U": "No", "GROWING_SP": "Road/ROW", "GPS_DATE": 1492560000000, "GPS_TIME": "02:30:31pm", "NORTHING": 530551.445, "EASTING": 939921.765, "COMMEMORATIVE": null, "ALIAS_ID": null, "OBJECTID": 1875, "OBSERVATI4": null}}, {"type": "Feature", "id": 30523, "geometry": {"type": "Point", "coordinates": [-80.13648918061486, 25.797238797216128]}, "properties": {"POINT_ID": 29581, "TREE_SPECI": "Senegal Date Palm", "SCI_NAME": null, "DBH": 20, "MULTI_TRUN": "Yes", "CONDITION": "Good", "PRUNING": " ", "RISK_FACTO": "None", "OBSERVATIO": " ", "OBSERVATI2": " ", "OBSERVATI3": " ", "OVERHEAD_U": "No", "GROWING_SP": "Golf Course", "GPS_DATE": 1460419200000, "GPS_TIME": "11:24:42am", "NORTHING": 532926.947, "EASTING": 940279.704, "COMMEMORATIVE": "N", "ALIAS_ID": null, "OBJECTID": 30523, "OBSERVATI4": null}}, {"type": "Feature", "id": 30686, "geometry": {"type": "Point", "coordinates": [-80.13624009934067, 25.797296166472563]}, "properties": {"POINT_ID": 29748, "TREE_SPECI": "Royal Palm", "SCI_NAME": null, "DBH": 18, "MULTI_TRUN": "No", "CONDITION": "Fair", "PRUNING": " ", "RISK_FACTO": "None", "OBSERVATIO": "Frizzled Fronds", "OBSERVATI2": "Discolored Foliage", "OBSERVATI3": " ", "OVERHEAD_U": "No", "GROWING_SP": "Golf Course", "GPS_DATE": 1460937600000, "GPS_TIME": "08:10:51am", "NORTHING": 532948.337, "EASTING": 940361.524, "COMMEMORATIVE": "N", "ALIAS_ID": null, "OBJECTID": 30686, "OBSERVATI4": null}}, {"type": "Feature", "id": 7692, "geometry": {"type": "Point", "coordinates": [-80.13138609740193, 25.789230258813532]}, "properties": {"POINT_ID": 39393, "TREE_SPECI": "Coconut Palm", "SCI_NAME": "Cocos nucifera", "DBH": 9, "MULTI_TRUN": "No", "CONDITION": "Fair", "PRUNING": " ", "RISK_FACTO": "None", "OBSERVATIO": "Discolored Foliage", "OBSERVATI2": "White Fly", "OBSERVATI3": " ", "OVERHEAD_U": "No", "GROWING_SP": "Road/ROW", "GPS_DATE": 1503273600000, "GPS_TIME": "01:07:11pm", "NORTHING": 530027.12, "EASTING": 941978.003, "COMMEMORATIVE": null, "ALIAS_ID": null, "OBJECTID": 7692, "OBSERVATI4": null}}, {"type": "Feature", "id": 3132, "geometry": {"type": "Point", "coordinates": [-80.13609798318107, 25.795764013593395]}, "properties": {"POINT_ID": 34833, "TREE_SPECI": "Solitaire Palm", "SCI_NAME": "Ptychosperma elegans", "DBH": 8, "MULTI_TRUN": "Yes", "CONDITION": "Good", "PRUNING": " ", "RISK_FACTO": "None", "OBSERVATIO": "Cluster", "OBSERVATI2": " ", "OBSERVATI3": " ", "OVERHEAD_U": "No", "GROWING_SP": "Park", "GPS_DATE": 1493164800000, "GPS_TIME": "12:44:45pm", "NORTHING": 532391.75, "EASTING": 940411.94, "COMMEMORATIVE": null, "ALIAS_ID": null, "OBJECTID": 3132, "OBSERVATI4": null}}, {"type": "Feature", "id": 5934, "geometry": {"type": "Point", "coordinates": [-80.1303710320755, 25.790618386898426]}, "properties": {"POINT_ID": 37635, "TREE_SPECI": "Bridalveil Tree", "SCI_NAME": "Caesalpinia granadillo", "DBH": 1, "MULTI_TRUN": "No", "CONDITION": "Good", "PRUNING": " ", "RISK_FACTO": "None", "OBSERVATIO": " ", "OBSERVATI2": " ", "OBSERVATI3": " ", "OVERHEAD_U": "No", "GROWING_SP": "Road/ROW", "GPS_DATE": 1494979200000, "GPS_TIME": "03:23:31pm", "NORTHING": 530533.869, "EASTING": 942308.686, "COMMEMORATIVE": null, "ALIAS_ID": null, "OBJECTID": 5934, "OBSERVATI4": null}}, {"type": "Feature", "id": 31187, "geometry": {"type": "Point", "coordinates": [-80.13523217890014, 25.799622415008248]}, "properties": {"POINT_ID": 30250, "TREE_SPECI": "Weeping Fig", "SCI_NAME": null, "DBH": 58, "MULTI_TRUN": "No", "CONDITION": "Good", "PRUNING": " ", "RISK_FACTO": "None", "OBSERVATIO": "Trunk Damage - Minor", "OBSERVATI2": " ", "OBSERVATI3": " ", "OVERHEAD_U": "No", "GROWING_SP": "Golf Course", "GPS_DATE": 1461110400000, "GPS_TIME": "10:27:39am", "NORTHING": 533796.038, "EASTING": 940687.611, "COMMEMORATIVE": "N", "ALIAS_ID": null, "OBJECTID": 31187, "OBSERVATI4": null}}, {"type": "Feature", "id": 29358, "geometry": {"type": "Point", "coordinates": [-80.13521636971072, 25.798936203511193]}, "properties": {"POINT_ID": 24937, "TREE_SPECI": "Weeping Fig", "SCI_NAME": null, "DBH": 2, "MULTI_TRUN": "No", "CONDITION": "Good", "PRUNING": " ", "RISK_FACTO": "None", "OBSERVATIO": " ", "OBSERVATI2": " ", "OBSERVATI3": " ", "OVERHEAD_U": "No", "GROWING_SP": "ROW/Swale", "GPS_DATE": 1452556800000, "GPS_TIME": "02:57:19pm", "NORTHING": 533546.654, "EASTING": 940694.451, "COMMEMORATIVE": "N", "ALIAS_ID": null, "OBJECTID": 29358, "OBSERVATI4": null}}, {"type": "Feature", "id": 8797, "geometry": {"type": "Point", "coordinates": [-80.13130803745352, 25.78273337763277]}, "properties": {"POINT_ID": 40498, "TREE_SPECI": "Sylvester Date Palm", "SCI_NAME": "Phoenix sylvestris", "DBH": 14, "MULTI_TRUN": "No", "CONDITION": "Good", "PRUNING": " ", "RISK_FACTO": "None", "OBSERVATIO": " ", "OBSERVATI2": " ", "OBSERVATI3": " ", "OVERHEAD_U": "No", "GROWING_SP": "Road/ROW", "GPS_DATE": 1503964800000, "GPS_TIME": "01:09:17pm", "NORTHING": 527665.862, "EASTING": 942019.265, "COMMEMORATIVE": null, "ALIAS_ID": null, "OBJECTID": 8797, "OBSERVATI4": null}}, {"type": "Feature", "id": 5734, "geometry": {"type": "Point", "coordinates": [-80.12791286827695, 25.79237572509412]}, "properties": {"POINT_ID": 37435, "TREE_SPECI": "Date Palm", "SCI_NAME": "Phoenix dactylifera", "DBH": 18, "MULTI_TRUN": "No", "CONDITION": "Good", "PRUNING": " ", "RISK_FACTO": "None", "OBSERVATIO": " ", "OBSERVATI2": " ", "OBSERVATI3": " ", "OVERHEAD_U": "No", "GROWING_SP": "Park", "GPS_DATE": 1502841600000, "GPS_TIME": "12:03:15pm", "NORTHING": 531177.96, "EASTING": 943113.324, "COMMEMORATIVE": null, "ALIAS_ID": null, "OBJECTID": 5734, "OBSERVATI4": null}}, {"type": "Feature", "id": 7703, "geometry": {"type": "Point", "coordinates": [-80.13005603120646, 25.789594854626028]}, "properties": {"POINT_ID": 39404, "TREE_SPECI": "Date Palm", "SCI_NAME": "Phoenix dactylifera", "DBH": 22, "MULTI_TRUN": "No", "CONDITION": "Good", "PRUNING": " ", "RISK_FACTO": "None", "OBSERVATIO": " ", "OBSERVATI2": " ", "OBSERVATI3": " ", "OVERHEAD_U": "No", "GROWING_SP": "Road/ROW", "GPS_DATE": 1503273600000, "GPS_TIME": "01:21:10pm", "NORTHING": 530162.529, "EASTING": 942414.796, "COMMEMORATIVE": null, "ALIAS_ID": null, "OBJECTID": 7703, "OBSERVATI4": null}}, {"type": "Feature", "id": 4406, "geometry": {"type": "Point", "coordinates": [-80.12586903671873, 25.799750519754202]}, "properties": {"POINT_ID": 36107, "TREE_SPECI": "Coconut Palm", "SCI_NAME": "Cocos nucifera", "DBH": 9, "MULTI_TRUN": "No", "CONDITION": "Fair", "PRUNING": " ", "RISK_FACTO": "None", "OBSERVATIO": "Discolored Foliage", "OBSERVATI2": " ", "OBSERVATI3": " ", "OVERHEAD_U": "No", "GROWING_SP": "Park", "GPS_DATE": 1496707200000, "GPS_TIME": "11:08:15am", "NORTHING": 533862.949, "EASTING": 943768.048, "COMMEMORATIVE": null, "ALIAS_ID": null, "OBJECTID": 4406, "OBSERVATI4": null}}, {"type": "Feature", "id": 2800, "geometry": {"type": "Point", "coordinates": [-80.13540095044233, 25.79316407603299]}, "properties": {"POINT_ID": 34501, "TREE_SPECI": "Florida Thatch Palm", "SCI_NAME": "Thrinax radiata", "DBH": 10, "MULTI_TRUN": "Yes", "CONDITION": "Good", "PRUNING": " ", "RISK_FACTO": "None", "OBSERVATIO": "Cluster", "OBSERVATI2": " ", "OBSERVATI3": " ", "OVERHEAD_U": "No", "GROWING_SP": "Government", "GPS_DATE": 1493078400000, "GPS_TIME": "12:53:17pm", "NORTHING": 531448.254, "EASTING": 940647.497, "COMMEMORATIVE": null, "ALIAS_ID": null, "OBJECTID": 2800, "OBSERVATI4": null}}, {"type": "Feature", "id": 1612, "geometry": {"type": "Point", "coordinates": [-80.13783334376443, 25.79425160807053]}, "properties": {"POINT_ID": 33313, "TREE_SPECI": "Royal Palm", "SCI_NAME": "Roystonea elata", "DBH": 15, "MULTI_TRUN": "No", "CONDITION": "Good", "PRUNING": " ", "RISK_FACTO": "None", "OBSERVATIO": " ", "OBSERVATI2": " ", "OBSERVATI3": " ", "OVERHEAD_U": "No", "GROWING_SP": "Road/ROW", "GPS_DATE": 1492473600000, "GPS_TIME": "01:54:46pm", "NORTHING": 531838.292, "EASTING": 939844.538, "COMMEMORATIVE": null, "ALIAS_ID": null, "OBJECTID": 1612, "OBSERVATI4": null}}, {"type": "Feature", "id": 1606, "geometry": {"type": "Point", "coordinates": [-80.13786190947194, 25.794646770807763]}, "properties": {"POINT_ID": 33307, "TREE_SPECI": "Pink Tabebuia", "SCI_NAME": "Tabebuia heterophylla", "DBH": 8, "MULTI_TRUN": "No", "CONDITION": "Good", "PRUNING": " ", "RISK_FACTO": "None", "OBSERVATIO": " ", "OBSERVATI2": " ", "OBSERVATI3": " ", "OVERHEAD_U": "No", "GROWING_SP": "Road/ROW", "GPS_DATE": 1492473600000, "GPS_TIME": "01:49:46pm", "NORTHING": 531981.86, "EASTING": 939834.198, "COMMEMORATIVE": null, "ALIAS_ID": null, "OBJECTID": 1606, "OBSERVATI4": null}}, {"type": "Feature", "id": 3063, "geometry": {"type": "Point", "coordinates": [-80.13579286052347, 25.795589625132582]}, "properties": {"POINT_ID": 34764, "TREE_SPECI": "Solitaire Palm", "SCI_NAME": "Ptychosperma elegans", "DBH": 4, "MULTI_TRUN": "No", "CONDITION": "Good", "PRUNING": " ", "RISK_FACTO": "None", "OBSERVATIO": " ", "OBSERVATI2": " ", "OBSERVATI3": " ", "OVERHEAD_U": "No", "GROWING_SP": "Park", "GPS_DATE": 1493164800000, "GPS_TIME": "11:12:41am", "NORTHING": 532329.024, "EASTING": 940512.753, "COMMEMORATIVE": null, "ALIAS_ID": null, "OBJECTID": 3063, "OBSERVATI4": null}}, {"type": "Feature", "id": 5788, "geometry": {"type": "Point", "coordinates": [-80.12772546481644, 25.79234331945806]}, "properties": {"POINT_ID": 37489, "TREE_SPECI": "Sea Grape", "SCI_NAME": "Coccoloba uvifera", "DBH": 48, "MULTI_TRUN": "Yes", "CONDITION": "Good", "PRUNING": " ", "RISK_FACTO": "None", "OBSERVATIO": " ", "OBSERVATI2": " ", "OBSERVATI3": " ", "OVERHEAD_U": "No", "GROWING_SP": "Park", "GPS_DATE": 1502841600000, "GPS_TIME": "01:22:07pm", "NORTHING": 531166.59, "EASTING": 943175.067, "COMMEMORATIVE": null, "ALIAS_ID": null, "OBJECTID": 5788, "OBSERVATI4": null}}, {"type": "Feature", "id": 5124, "geometry": {"type": "Point", "coordinates": [-80.12689161953078, 25.796249990267807]}, "properties": {"POINT_ID": 36825, "TREE_SPECI": "Cabbage Palm", "SCI_NAME": "Sabal palmetto", "DBH": 15, "MULTI_TRUN": "No", "CONDITION": "Poor", "PRUNING": " ", "RISK_FACTO": "None", "OBSERVATIO": "Discolored Foliage", "OBSERVATI2": " ", "OBSERVATI3": " ", "OVERHEAD_U": "No", "GROWING_SP": "Park", "GPS_DATE": 1499731200000, "GPS_TIME": "10:54:24am", "NORTHING": 532588.373, "EASTING": 943440.027, "COMMEMORATIVE": null, "ALIAS_ID": null, "OBJECTID": 5124, "OBSERVATI4": null}}, {"type": "Feature", "id": 1898, "geometry": {"type": "Point", "coordinates": [-80.13770288774815, 25.79329177341879]}, "properties": {"POINT_ID": 33599, "TREE_SPECI": "Pink Tabebuia", "SCI_NAME": "Tabebuia heterophylla", "DBH": 8, "MULTI_TRUN": "No", "CONDITION": "Good", "PRUNING": " ", "RISK_FACTO": "None", "OBSERVATIO": "Constricted Roots", "OBSERVATI2": " ", "OBSERVATI3": " ", "OVERHEAD_U": "No", "GROWING_SP": "Road/ROW", "GPS_DATE": 1492560000000, "GPS_TIME": "02:57:59pm", "NORTHING": 531489.701, "EASTING": 939889.748, "COMMEMORATIVE": null, "ALIAS_ID": null, "OBJECTID": 1898, "OBSERVATI4": null}}, {"type": "Feature", "id": 9060, "geometry": {"type": "Point", "coordinates": [-80.14099699475356, 25.779554111135962]}, "properties": {"POINT_ID": 40761, "TREE_SPECI": "Live Oak", "SCI_NAME": "Quercus virginiana", "DBH": 6, "MULTI_TRUN": "No", "CONDITION": "Good", "PRUNING": " ", "RISK_FACTO": "None", "OBSERVATIO": " ", "OBSERVATI2": " ", "OBSERVATI3": " ", "OVERHEAD_U": "No", "GROWING_SP": "Road/ROW", "GPS_DATE": 1503360000000, "GPS_TIME": "08:22:38am", "NORTHING": 526489.383, "EASTING": 938838.403, "COMMEMORATIVE": null, "ALIAS_ID": null, "OBJECTID": 9060, "OBSERVATI4": null}}, {"type": "Feature", "id": 8588, "geometry": {"type": "Point", "coordinates": [-80.13372342342193, 25.782015319569595]}, "properties": {"POINT_ID": 40289, "TREE_SPECI": "Brazilian Beauty Leaf", "SCI_NAME": "Calophyllum brasiliense", "DBH": 13, "MULTI_TRUN": "No", "CONDITION": "Poor", "PRUNING": "Crown Cleaning", "RISK_FACTO": "None", "OBSERVATIO": "Reduced Canopy - Major", "OBSERVATI2": "Sprouting", "OBSERVATI3": " ", "OVERHEAD_U": "No", "GROWING_SP": "Government", "GPS_DATE": 1503964800000, "GPS_TIME": "09:39:23am", "NORTHING": 527399.634, "EASTING": 941226.137, "COMMEMORATIVE": null, "ALIAS_ID": null, "OBJECTID": 8588, "OBSERVATI4": null}}, {"type": "Feature", "id": 3527, "geometry": {"type": "Point", "coordinates": [-80.13425741862251, 25.79277769026928]}, "properties": {"POINT_ID": 35228, "TREE_SPECI": "Areca Palm", "SCI_NAME": "Dypsis lutescens", "DBH": 5, "MULTI_TRUN": "Yes", "CONDITION": "Poor", "PRUNING": " ", "RISK_FACTO": "None", "OBSERVATIO": "Discolored Foliage", "OBSERVATI2": "Reduced Canopy - Major", "OBSERVATI3": " ", "OVERHEAD_U": "No", "GROWING_SP": "Government", "GPS_DATE": 1495497600000, "GPS_TIME": "01:52:53pm", "NORTHING": 531310.286, "EASTING": 941024.695, "COMMEMORATIVE": null, "ALIAS_ID": null, "OBJECTID": 3527, "OBSERVATI4": null}}, {"type": "Feature", "id": 2096, "geometry": {"type": "Point", "coordinates": [-80.13689305518334, 25.790515406367067]}, "properties": {"POINT_ID": 33797, "TREE_SPECI": "Canary Island Date Palm", "SCI_NAME": "Phoenix canariensis", "DBH": 18, "MULTI_TRUN": "No", "CONDITION": "Fair", "PRUNING": " ", "RISK_FACTO": "None", "OBSERVATIO": "Discolored Foliage", "OBSERVATI2": " ", "OBSERVATI3": " ", "OVERHEAD_U": "No", "GROWING_SP": "Park", "GPS_DATE": 1494460800000, "GPS_TIME": "02:35:12pm", "NORTHING": 530482.318, "EASTING": 940162.835, "COMMEMORATIVE": null, "ALIAS_ID": null, "OBJECTID": 2096, "OBSERVATI4": null}}, {"type": "Feature", "id": 5625, "geometry": {"type": "Point", "coordinates": [-80.12984971723664, 25.79103938132923]}, "properties": {"POINT_ID": 37326, "TREE_SPECI": "Coconut Palm", "SCI_NAME": "Cocos nucifera", "DBH": 9, "MULTI_TRUN": "No", "CONDITION": "Fair", "PRUNING": " ", "RISK_FACTO": "None", "OBSERVATIO": "Discolored Foliage", "OBSERVATI2": " ", "OBSERVATI3": " ", "OVERHEAD_U": "No", "GROWING_SP": "Road/ROW", "GPS_DATE": 1502841600000, "GPS_TIME": "10:36:10am", "NORTHING": 530688.021, "EASTING": 942479.215, "COMMEMORATIVE": null, "ALIAS_ID": null, "OBJECTID": 5625, "OBSERVATI4": null}}, {"type": "Feature", "id": 29335, "geometry": {"type": "Point", "coordinates": [-80.13629817125673, 25.796624703105966]}, "properties": {"POINT_ID": 24914, "TREE_SPECI": "Coconut Palm", "SCI_NAME": null, "DBH": 9, "MULTI_TRUN": "No", "CONDITION": "Good", "PRUNING": " ", "RISK_FACTO": "None", "OBSERVATIO": " ", "OBSERVATI2": " ", "OBSERVATI3": " ", "OVERHEAD_U": "No", "GROWING_SP": "ROW/Swale", "GPS_DATE": 1452556800000, "GPS_TIME": "02:45:34pm", "NORTHING": 532704.154, "EASTING": 940344.018, "COMMEMORATIVE": "N", "ALIAS_ID": null, "OBJECTID": 29335, "OBSERVATI4": null}}, {"type": "Feature", "id": 30623, "geometry": {"type": "Point", "coordinates": [-80.13739660226447, 25.79777046280221]}, "properties": {"POINT_ID": 29681, "TREE_SPECI": "Sea Grape", "SCI_NAME": null, "DBH": 12, "MULTI_TRUN": "No", "CONDITION": "Good", "PRUNING": " ", "RISK_FACTO": "None", "OBSERVATIO": " ", "OBSERVATI2": " ", "OBSERVATI3": " ", "OVERHEAD_U": "No", "GROWING_SP": "Golf Course", "GPS_DATE": 1460419200000, "GPS_TIME": "01:03:21pm", "NORTHING": 533118.235, "EASTING": 939979.865, "COMMEMORATIVE": "N", "ALIAS_ID": null, "OBJECTID": 30623, "OBSERVATI4": null}}, {"type": "Feature", "id": 3564, "geometry": {"type": "Point", "coordinates": [-80.13342998411142, 25.79258675214447]}, "properties": {"POINT_ID": 35265, "TREE_SPECI": "Christmas Palm", "SCI_NAME": "Veitchia merrillii", "DBH": 6, "MULTI_TRUN": "No", "CONDITION": "Good", "PRUNING": " ", "RISK_FACTO": "None", "OBSERVATIO": " ", "OBSERVATI2": " ", "OBSERVATI3": " ", "OVERHEAD_U": "No", "GROWING_SP": "Government", "GPS_DATE": 1495497600000, "GPS_TIME": "02:26:00pm", "NORTHING": 531242.677, "EASTING": 941297.418, "COMMEMORATIVE": null, "ALIAS_ID": null, "OBJECTID": 3564, "OBSERVATI4": null}}, {"type": "Feature", "id": 9183, "geometry": {"type": "Point", "coordinates": [-80.13724852418311, 25.77891023588026]}, "properties": {"POINT_ID": 40884, "TREE_SPECI": "Black Olive", "SCI_NAME": "Bucida buceras", "DBH": 15, "MULTI_TRUN": "No", "CONDITION": "Poor", "PRUNING": " ", "RISK_FACTO": "Constricted Roots - Severe", "OBSERVATIO": "Constricted Roots", "OBSERVATI2": "Defoliated - Moderate", "OBSERVATI3": "Insect Damage Leaves", "OVERHEAD_U": "No", "GROWING_SP": "Road/ROW", "GPS_DATE": 1503360000000, "GPS_TIME": "11:04:05am", "NORTHING": 526263.415, "EASTING": 940073.498, "COMMEMORATIVE": null, "ALIAS_ID": null, "OBJECTID": 9183, "OBSERVATI4": null}}, {"type": "Feature", "id": 30657, "geometry": {"type": "Point", "coordinates": [-80.13707150997041, 25.799474223492446]}, "properties": {"POINT_ID": 29719, "TREE_SPECI": "Washington Palm", "SCI_NAME": null, "DBH": 6, "MULTI_TRUN": "No", "CONDITION": "Fair", "PRUNING": " ", "RISK_FACTO": "None", "OBSERVATIO": "Trunk Damage - Moderate", "OBSERVATI2": " ", "OBSERVATI3": " ", "OVERHEAD_U": "No", "GROWING_SP": "Golf Course", "GPS_DATE": 1460419200000, "GPS_TIME": "01:32:22pm", "NORTHING": 533738.204, "EASTING": 940082.771, "COMMEMORATIVE": "N", "ALIAS_ID": null, "OBJECTID": 30657, "OBSERVATI4": null}}, {"type": "Feature", "id": 30669, "geometry": {"type": "Point", "coordinates": [-80.13654512969045, 25.798634190872544]}, "properties": {"POINT_ID": 29731, "TREE_SPECI": "Cabbage Palm", "SCI_NAME": null, "DBH": 16, "MULTI_TRUN": "No", "CONDITION": "Good", "PRUNING": " ", "RISK_FACTO": "None", "OBSERVATIO": " ", "OBSERVATI2": " ", "OBSERVATI3": " ", "OVERHEAD_U": "No", "GROWING_SP": "Golf Course", "GPS_DATE": 1460419200000, "GPS_TIME": "01:42:22pm", "NORTHING": 533434.012, "EASTING": 940257.969, "COMMEMORATIVE": "N", "ALIAS_ID": null, "OBJECTID": 30669, "OBSERVATI4": null}}, {"type": "Feature", "id": 30663, "geometry": {"type": "Point", "coordinates": [-80.136316892689, 25.79900380302032]}, "properties": {"POINT_ID": 29725, "TREE_SPECI": "Mahogany", "SCI_NAME": null, "DBH": 13, "MULTI_TRUN": "No", "CONDITION": "Good", "PRUNING": "Crown Cleaning", "RISK_FACTO": "None", "OBSERVATIO": "Sprouting", "OBSERVATI2": " ", "OBSERVATI3": " ", "OVERHEAD_U": "No", "GROWING_SP": "Golf Course", "GPS_DATE": 1460419200000, "GPS_TIME": "01:37:13pm", "NORTHING": 533568.848, "EASTING": 940332.184, "COMMEMORATIVE": "N", "ALIAS_ID": null, "OBJECTID": 30663, "OBSERVATI4": null}}, {"type": "Feature", "id": 31210, "geometry": {"type": "Point", "coordinates": [-80.13503168305647, 25.800195735887026]}, "properties": {"POINT_ID": 30273, "TREE_SPECI": "Royal Palm", "SCI_NAME": null, "DBH": 20, "MULTI_TRUN": "No", "CONDITION": "Good", "PRUNING": " ", "RISK_FACTO": "None", "OBSERVATIO": " ", "OBSERVATI2": " ", "OBSERVATI3": " ", "OVERHEAD_U": "No", "GROWING_SP": "Golf Course", "GPS_DATE": 1461110400000, "GPS_TIME": "10:51:36am", "NORTHING": 534004.857, "EASTING": 940752.211, "COMMEMORATIVE": "N", "ALIAS_ID": null, "OBJECTID": 31210, "OBSERVATI4": null}}, {"type": "Feature", "id": 8728, "geometry": {"type": "Point", "coordinates": [-80.13227911822827, 25.782585296952483]}, "properties": {"POINT_ID": 40429, "TREE_SPECI": "Coconut Palm", "SCI_NAME": "Cocos nucifera", "DBH": 8, "MULTI_TRUN": "No", "CONDITION": "Good", "PRUNING": " ", "RISK_FACTO": "None", "OBSERVATIO": "White Fly", "OBSERVATI2": " ", "OBSERVATI3": " ", "OVERHEAD_U": "No", "GROWING_SP": "Road/ROW", "GPS_DATE": 1503964800000, "GPS_TIME": "11:12:22am", "NORTHING": 527609.933, "EASTING": 941700.06, "COMMEMORATIVE": null, "ALIAS_ID": null, "OBJECTID": 8728, "OBSERVATI4": null}}, {"type": "Feature", "id": 8513, "geometry": {"type": "Point", "coordinates": [-80.12944796408321, 25.783982905940427]}, "properties": {"POINT_ID": 40214, "TREE_SPECI": "Coconut Palm", "SCI_NAME": "Cocos nucifera", "DBH": 11, "MULTI_TRUN": "No", "CONDITION": "Good", "PRUNING": " ", "RISK_FACTO": "None", "OBSERVATIO": " ", "OBSERVATI2": " ", "OBSERVATI3": " ", "OVERHEAD_U": "No", "GROWING_SP": "Park", "GPS_DATE": 1503446400000, "GPS_TIME": "09:26:19am", "NORTHING": 528124.07, "EASTING": 942628.368, "COMMEMORATIVE": null, "ALIAS_ID": null, "OBJECTID": 8513, "OBSERVATI4": null}}, {"type": "Feature", "id": 8845, "geometry": {"type": "Point", "coordinates": [-80.1295177238799, 25.783682836350156]}, "properties": {"POINT_ID": 40546, "TREE_SPECI": "Sea Grape", "SCI_NAME": "Coccoloba uvifera", "DBH": 12, "MULTI_TRUN": "No", "CONDITION": "Good", "PRUNING": " ", "RISK_FACTO": "None", "OBSERVATIO": "Constricted Roots", "OBSERVATI2": " ", "OBSERVATI3": " ", "OVERHEAD_U": "No", "GROWING_SP": "Park", "GPS_DATE": 1503446400000, "GPS_TIME": "09:53:32am", "NORTHING": 528014.852, "EASTING": 942606.133, "COMMEMORATIVE": null, "ALIAS_ID": null, "OBJECTID": 8845, "OBSERVATI4": null}}, {"type": "Feature", "id": 4360, "geometry": {"type": "Point", "coordinates": [-80.13221442054692, 25.790626807716222]}, "properties": {"POINT_ID": 36061, "TREE_SPECI": "Lignum vitae", "SCI_NAME": "Guajacum sanctum", "DBH": 2, "MULTI_TRUN": "No", "CONDITION": "Good", "PRUNING": " ", "RISK_FACTO": "None", "OBSERVATIO": "Support - Remove", "OBSERVATI2": " ", "OBSERVATI3": " ", "OVERHEAD_U": "No", "GROWING_SP": "Park", "GPS_DATE": 1494979200000, "GPS_TIME": "02:18:39pm", "NORTHING": 530532.928, "EASTING": 941702.092, "COMMEMORATIVE": null, "ALIAS_ID": null, "OBJECTID": 4360, "OBSERVATI4": null}}, {"type": "Feature", "id": 3232, "geometry": {"type": "Point", "coordinates": [-80.1354950398257, 25.795039359016705]}, "properties": {"POINT_ID": 34933, "TREE_SPECI": "Japanese Privet", "SCI_NAME": "Ligustrum japonicum", "DBH": 6, "MULTI_TRUN": "No", "CONDITION": "Good", "PRUNING": " ", "RISK_FACTO": "None", "OBSERVATIO": " ", "OBSERVATI2": " ", "OBSERVATI3": " ", "OVERHEAD_U": "No", "GROWING_SP": "Park", "GPS_DATE": 1493164800000, "GPS_TIME": "03:04:34pm", "NORTHING": 532129.662, "EASTING": 940612.061, "COMMEMORATIVE": null, "ALIAS_ID": null, "OBJECTID": 3232, "OBSERVATI4": null}}, {"type": "Feature", "id": 7517, "geometry": {"type": "Point", "coordinates": [-80.13316668812077, 25.789428333902816]}, "properties": {"POINT_ID": 39218, "TREE_SPECI": "Solitaire Palm", "SCI_NAME": "Ptychosperma elegans", "DBH": 17, "MULTI_TRUN": "Yes", "CONDITION": "Good", "PRUNING": " ", "RISK_FACTO": "None", "OBSERVATIO": " ", "OBSERVATI2": " ", "OBSERVATI3": " ", "OVERHEAD_U": "No", "GROWING_SP": "Road/ROW", "GPS_DATE": 1502841600000, "GPS_TIME": "03:03:26pm", "NORTHING": 530095.253, "EASTING": 941391.612, "COMMEMORATIVE": null, "ALIAS_ID": null, "OBJECTID": 7517, "OBSERVATI4": null}}, {"type": "Feature", "id": 10357, "geometry": {"type": "Point", "coordinates": [-80.13007523810077, 25.781881103969624]}, "properties": {"POINT_ID": 42058, "TREE_SPECI": "Coconut Palm", "SCI_NAME": "Cocos nucifera", "DBH": 13, "MULTI_TRUN": "No", "CONDITION": "Good", "PRUNING": " ", "RISK_FACTO": "None", "OBSERVATIO": " ", "OBSERVATI2": " ", "OBSERVATI3": " ", "OVERHEAD_U": "No", "GROWING_SP": "Park", "GPS_DATE": 1503446400000, "GPS_TIME": "12:24:56pm", "NORTHING": 527358.763, "EASTING": 942426.995, "COMMEMORATIVE": null, "ALIAS_ID": null, "OBJECTID": 10357, "OBSERVATI4": null}}, {"type": "Feature", "id": 3226, "geometry": {"type": "Point", "coordinates": [-80.13534343019533, 25.795102358276555]}, "properties": {"POINT_ID": 34927, "TREE_SPECI": "Shaving Brush Tree", "SCI_NAME": "Pseudobombax ellipticum", "DBH": 9, "MULTI_TRUN": "No", "CONDITION": "Fair", "PRUNING": " ", "RISK_FACTO": "None", "OBSERVATIO": "Leaning - Moderate", "OBSERVATI2": " ", "OBSERVATI3": " ", "OVERHEAD_U": "No", "GROWING_SP": "Park", "GPS_DATE": 1493164800000, "GPS_TIME": "02:52:19pm", "NORTHING": 532152.888, "EASTING": 940661.797, "COMMEMORATIVE": null, "ALIAS_ID": null, "OBJECTID": 3226, "OBSERVATI4": null}}, {"type": "Feature", "id": 8722, "geometry": {"type": "Point", "coordinates": [-80.13236182670823, 25.782204112304115]}, "properties": {"POINT_ID": 40423, "TREE_SPECI": "Coconut Palm", "SCI_NAME": "Cocos nucifera", "DBH": 8, "MULTI_TRUN": "No", "CONDITION": "Fair", "PRUNING": " ", "RISK_FACTO": "None", "OBSERVATIO": "Discolored Foliage", "OBSERVATI2": " ", "OBSERVATI3": " ", "OVERHEAD_U": "No", "GROWING_SP": "Road/ROW", "GPS_DATE": 1503964800000, "GPS_TIME": "11:10:12am", "NORTHING": 527471.204, "EASTING": 941673.756, "COMMEMORATIVE": null, "ALIAS_ID": null, "OBJECTID": 8722, "OBSERVATI4": null}}, {"type": "Feature", "id": 8734, "geometry": {"type": "Point", "coordinates": [-80.1321549443579, 25.78316185801434]}, "properties": {"POINT_ID": 40435, "TREE_SPECI": "Coconut Palm", "SCI_NAME": "Cocos nucifera", "DBH": 9, "MULTI_TRUN": "No", "CONDITION": "Fair", "PRUNING": " ", "RISK_FACTO": "None", "OBSERVATIO": "Discolored Foliage", "OBSERVATI2": " ", "OBSERVATI3": " ", "OVERHEAD_U": "No", "GROWING_SP": "Road/ROW", "GPS_DATE": 1503964800000, "GPS_TIME": "11:15:12am", "NORTHING": 527819.765, "EASTING": 941739.542, "COMMEMORATIVE": null, "ALIAS_ID": null, "OBJECTID": 8734, "OBSERVATI4": null}}, {"type": "Feature", "id": 31204, "geometry": {"type": "Point", "coordinates": [-80.13514497065891, 25.80012463639361]}, "properties": {"POINT_ID": 30267, "TREE_SPECI": "Cabbage Palm", "SCI_NAME": null, "DBH": 11, "MULTI_TRUN": "No", "CONDITION": "Fair", "PRUNING": " ", "RISK_FACTO": "None", "OBSERVATIO": "Leader - Bent", "OBSERVATI2": "Strangler Fig on Trunk", "OBSERVATI3": " ", "OVERHEAD_U": "No", "GROWING_SP": "Golf Course", "GPS_DATE": 1461110400000, "GPS_TIME": "10:46:29am", "NORTHING": 533978.77, "EASTING": 940715.106, "COMMEMORATIVE": "N", "ALIAS_ID": null, "OBJECTID": 31204, "OBSERVATI4": null}}, {"type": "Feature", "id": 2625, "geometry": {"type": "Point", "coordinates": [-80.13571949393065, 25.795345632656755]}, "properties": {"POINT_ID": 34326, "TREE_SPECI": "Royal Palm", "SCI_NAME": "Roystonea elata", "DBH": 16, "MULTI_TRUN": "No", "CONDITION": "Good", "PRUNING": " ", "RISK_FACTO": "None", "OBSERVATIO": " ", "OBSERVATI2": " ", "OBSERVATI3": " ", "OVERHEAD_U": "No", "GROWING_SP": "Park", "GPS_DATE": 1497916800000, "GPS_TIME": "01:35:37pm", "NORTHING": 532240.498, "EASTING": 940537.476, "COMMEMORATIVE": null, "ALIAS_ID": null, "OBJECTID": 2625, "OBSERVATI4": null}}, {"type": "Feature", "id": 5857, "geometry": {"type": "Point", "coordinates": [-80.127587516947, 25.79212684810735]}, "properties": {"POINT_ID": 37558, "TREE_SPECI": "Cabbage Palm", "SCI_NAME": "Sabal palmetto", "DBH": 14, "MULTI_TRUN": "No", "CONDITION": "Fair", "PRUNING": " ", "RISK_FACTO": "None", "OBSERVATIO": "Discolored Foliage", "OBSERVATI2": " ", "OBSERVATI3": " ", "OVERHEAD_U": "No", "GROWING_SP": "Park", "GPS_DATE": 1502841600000, "GPS_TIME": "01:52:18pm", "NORTHING": 531088.21, "EASTING": 943220.98, "COMMEMORATIVE": null, "ALIAS_ID": null, "OBJECTID": 5857, "OBSERVATI4": null}}, {"type": "Feature", "id": 29329, "geometry": {"type": "Point", "coordinates": [-80.1364315838573, 25.79633759854846]}, "properties": {"POINT_ID": 24908, "TREE_SPECI": "Coconut Palm", "SCI_NAME": null, "DBH": 8, "MULTI_TRUN": "No", "CONDITION": "Good", "PRUNING": " ", "RISK_FACTO": "None", "OBSERVATIO": " ", "OBSERVATI2": " ", "OBSERVATI3": " ", "OVERHEAD_U": "No", "GROWING_SP": "ROW/Swale", "GPS_DATE": 1452556800000, "GPS_TIME": "02:43:50pm", "NORTHING": 532599.512, "EASTING": 940300.804, "COMMEMORATIVE": "N", "ALIAS_ID": null, "OBJECTID": 29329, "OBSERVATI4": null}}, {"type": "Feature", "id": 29312, "geometry": {"type": "Point", "coordinates": [-80.13566052891862, 25.79838868569684]}, "properties": {"POINT_ID": 24891, "TREE_SPECI": "Coconut Palm", "SCI_NAME": null, "DBH": 8, "MULTI_TRUN": "No", "CONDITION": "Good", "PRUNING": " ", "RISK_FACTO": "None", "OBSERVATIO": "Trunk Damage - Minor", "OBSERVATI2": " ", "OBSERVATI3": " ", "OVERHEAD_U": "No", "GROWING_SP": "ROW/Swale", "GPS_DATE": 1452556800000, "GPS_TIME": "02:31:09pm", "NORTHING": 533346.688, "EASTING": 940549.616, "COMMEMORATIVE": "N", "ALIAS_ID": null, "OBJECTID": 29312, "OBSERVATI4": null}}, {"type": "Feature", "id": 3178, "geometry": {"type": "Point", "coordinates": [-80.13627587630275, 25.795796000965044]}, "properties": {"POINT_ID": 34879, "TREE_SPECI": "Areca Palm", "SCI_NAME": "Dypsis lutescens", "DBH": 28, "MULTI_TRUN": "Yes", "CONDITION": "Good", "PRUNING": " ", "RISK_FACTO": "None", "OBSERVATIO": "Cluster", "OBSERVATI2": " ", "OBSERVATI3": " ", "OVERHEAD_U": "No", "GROWING_SP": "Park", "GPS_DATE": 1493164800000, "GPS_TIME": "01:06:59pm", "NORTHING": 532402.993, "EASTING": 940353.33, "COMMEMORATIVE": null, "ALIAS_ID": null, "OBJECTID": 3178, "OBSERVATI4": null}}, {"type": "Feature", "id": 6020, "geometry": {"type": "Point", "coordinates": [-80.13886797273099, 25.790162574324654]}, "properties": {"POINT_ID": 37721, "TREE_SPECI": "Solitaire Palm", "SCI_NAME": "Ptychosperma elegans", "DBH": 2, "MULTI_TRUN": "No", "CONDITION": "Good", "PRUNING": " ", "RISK_FACTO": "None", "OBSERVATIO": " ", "OBSERVATI2": " ", "OBSERVATI3": " ", "OVERHEAD_U": "No", "GROWING_SP": "Road/ROW", "GPS_DATE": 1501632000000, "GPS_TIME": "11:22:14am", "NORTHING": 530349.82, "EASTING": 939513.82, "COMMEMORATIVE": null, "ALIAS_ID": null, "OBJECTID": 6020, "OBSERVATI4": null}}, {"type": "Feature", "id": 1589, "geometry": {"type": "Point", "coordinates": [-80.13692248359501, 25.794940618017698]}, "properties": {"POINT_ID": 33290, "TREE_SPECI": "Pink Tabebuia", "SCI_NAME": "Tabebuia heterophylla", "DBH": 5, "MULTI_TRUN": "No", "CONDITION": "Fair", "PRUNING": " ", "RISK_FACTO": "None", "OBSERVATIO": "Utility Lines - Above", "OBSERVATI2": "Leaning - Moderate", "OBSERVATI3": " ", "OVERHEAD_U": "No", "GROWING_SP": "Road/ROW", "GPS_DATE": 1492473600000, "GPS_TIME": "01:34:09pm", "NORTHING": 532090.69, "EASTING": 940142.609, "COMMEMORATIVE": null, "ALIAS_ID": null, "OBJECTID": 1589, "OBSERVATI4": null}}, {"type": "Feature", "id": 1921, "geometry": {"type": "Point", "coordinates": [-80.14091108418957, 25.79035679159429]}, "properties": {"POINT_ID": 33622, "TREE_SPECI": "Red Mangrove", "SCI_NAME": "Rhizophora mangle", "DBH": 15, "MULTI_TRUN": "Yes", "CONDITION": "Good", "PRUNING": " ", "RISK_FACTO": "None", "OBSERVATIO": " ", "OBSERVATI2": " ", "OBSERVATI3": " ", "OVERHEAD_U": "No", "GROWING_SP": "Park", "GPS_DATE": 1494460800000, "GPS_TIME": "09:49:42am", "NORTHING": 530416.021, "EASTING": 938841.064, "COMMEMORATIVE": null, "ALIAS_ID": null, "OBJECTID": 1921, "OBSERVATI4": null}}, {"type": "Feature", "id": 8419, "geometry": {"type": "Point", "coordinates": [-80.12944871412489, 25.785254258733797]}, "properties": {"POINT_ID": 40120, "TREE_SPECI": "Coconut Palm", "SCI_NAME": "Cocos nucifera", "DBH": 11, "MULTI_TRUN": "No", "CONDITION": "Good", "PRUNING": " ", "RISK_FACTO": "None", "OBSERVATIO": " ", "OBSERVATI2": " ", "OBSERVATI3": " ", "OVERHEAD_U": "No", "GROWING_SP": "Park", "GPS_DATE": 1503446400000, "GPS_TIME": "11:00:49am", "NORTHING": 528586.169, "EASTING": 942625.067, "COMMEMORATIVE": null, "ALIAS_ID": null, "OBJECTID": 8419, "OBSERVATI4": null}}, {"type": "Feature", "id": 29343, "geometry": {"type": "Point", "coordinates": [-80.1359973311181, 25.79728179854267]}, "properties": {"POINT_ID": 24922, "TREE_SPECI": "Live Oak", "SCI_NAME": null, "DBH": 8, "MULTI_TRUN": "No", "CONDITION": "Good", "PRUNING": "Crown Cleaning", "RISK_FACTO": "None", "OBSERVATIO": "Sprouting", "OBSERVATI2": " ", "OBSERVATI3": " ", "OVERHEAD_U": "No", "GROWING_SP": "ROW/Swale", "GPS_DATE": 1452556800000, "GPS_TIME": "02:48:04pm", "NORTHING": 532943.638, "EASTING": 940441.438, "COMMEMORATIVE": "N", "ALIAS_ID": null, "OBJECTID": 29343, "OBSERVATI4": null}}, {"type": "Feature", "id": 5874, "geometry": {"type": "Point", "coordinates": [-80.13164655819686, 25.790701280338464]}, "properties": {"POINT_ID": 37575, "TREE_SPECI": "Florida Thatch Palm", "SCI_NAME": "Thrinax radiata", "DBH": 4, "MULTI_TRUN": "No", "CONDITION": "Good", "PRUNING": " ", "RISK_FACTO": "None", "OBSERVATIO": " ", "OBSERVATI2": " ", "OBSERVATI3": " ", "OVERHEAD_U": "No", "GROWING_SP": "Road/ROW", "GPS_DATE": 1494979200000, "GPS_TIME": "02:47:18pm", "NORTHING": 530561.228, "EASTING": 941888.77, "COMMEMORATIVE": null, "ALIAS_ID": null, "OBJECTID": 5874, "OBSERVATI4": null}}, {"type": "Feature", "id": 5834, "geometry": {"type": "Point", "coordinates": [-80.12762369843047, 25.791055021921697]}, "properties": {"POINT_ID": 37535, "TREE_SPECI": "Coconut Palm", "SCI_NAME": "Cocos nucifera", "DBH": 13, "MULTI_TRUN": "No", "CONDITION": "Fair", "PRUNING": " ", "RISK_FACTO": "None", "OBSERVATIO": "Discolored Foliage", "OBSERVATI2": " ", "OBSERVATI3": " ", "OVERHEAD_U": "No", "GROWING_SP": "Park", "GPS_DATE": 1502841600000, "GPS_TIME": "01:42:18pm", "NORTHING": 530698.553, "EASTING": 943211.656, "COMMEMORATIVE": null, "ALIAS_ID": null, "OBJECTID": 5834, "OBSERVATI4": null}}, {"type": "Feature", "id": 30640, "geometry": {"type": "Point", "coordinates": [-80.13715187458553, 25.79924834374027]}, "properties": {"POINT_ID": 29702, "TREE_SPECI": "Mahogany", "SCI_NAME": null, "DBH": 9, "MULTI_TRUN": "No", "CONDITION": "Fair", "PRUNING": "Crown Cleaning", "RISK_FACTO": "None", "OBSERVATIO": "Limb Damage - Moderate", "OBSERVATI2": "Sprouting", "OBSERVATI3": "Trunk Damage - Minor", "OVERHEAD_U": "No", "GROWING_SP": "Golf Course", "GPS_DATE": 1460419200000, "GPS_TIME": "01:24:27pm", "NORTHING": 533655.93, "EASTING": 940056.867, "COMMEMORATIVE": "N", "ALIAS_ID": null, "OBJECTID": 30640, "OBSERVATI4": null}}, {"type": "Feature", "id": 8751, "geometry": {"type": "Point", "coordinates": [-80.13119519038847, 25.78401646847345]}, "properties": {"POINT_ID": 40452, "TREE_SPECI": "Orange Geiger", "SCI_NAME": "Cordia sebestena", "DBH": 4, "MULTI_TRUN": "No", "CONDITION": "Good", "PRUNING": " ", "RISK_FACTO": "None", "OBSERVATIO": " ", "OBSERVATI2": " ", "OBSERVATI3": " ", "OVERHEAD_U": "No", "GROWING_SP": "Parking Facility", "GPS_DATE": 1503964800000, "GPS_TIME": "11:28:10am", "NORTHING": 528132.473, "EASTING": 942053.324, "COMMEMORATIVE": null, "ALIAS_ID": null, "OBJECTID": 8751, "OBSERVATI4": null}}, {"type": "Feature", "id": 1689, "geometry": {"type": "Point", "coordinates": [-80.14021096716351, 25.79195643596563]}, "properties": {"POINT_ID": 33390, "TREE_SPECI": "Tamarind", "SCI_NAME": "Tamarindus indica", "DBH": 6, "MULTI_TRUN": "No", "CONDITION": "Good", "PRUNING": " ", "RISK_FACTO": "None", "OBSERVATIO": " ", "OBSERVATI2": " ", "OBSERVATI3": " ", "OVERHEAD_U": "No", "GROWING_SP": "Parking Facility", "GPS_DATE": 1492473600000, "GPS_TIME": "03:12:20pm", "NORTHING": 530998.948, "EASTING": 939067.644, "COMMEMORATIVE": null, "ALIAS_ID": null, "OBJECTID": 1689, "OBSERVATI4": null}}, {"type": "Feature", "id": 1904, "geometry": {"type": "Point", "coordinates": [-80.13773116416311, 25.793989686252278]}, "properties": {"POINT_ID": 33605, "TREE_SPECI": "Yellow Tabebuia", "SCI_NAME": "Tabebuia caraiba", "DBH": 8, "MULTI_TRUN": "No", "CONDITION": "Fair", "PRUNING": " ", "RISK_FACTO": "None", "OBSERVATIO": "Leaning - Moderate", "OBSERVATI2": "Uprooted - Partially", "OBSERVATI3": " ", "OVERHEAD_U": "No", "GROWING_SP": "Road/ROW", "GPS_DATE": 1492560000000, "GPS_TIME": "03:04:20pm", "NORTHING": 531743.311, "EASTING": 939878.783, "COMMEMORATIVE": null, "ALIAS_ID": null, "OBJECTID": 1904, "OBSERVATI4": null}}, {"type": "Feature", "id": 2685, "geometry": {"type": "Point", "coordinates": [-80.13652380320809, 25.791979747614636]}, "properties": {"POINT_ID": 34386, "TREE_SPECI": "Coconut Palm", "SCI_NAME": "Cocos nucifera", "DBH": 9, "MULTI_TRUN": "No", "CONDITION": "Good", "PRUNING": " ", "RISK_FACTO": "None", "OBSERVATIO": " ", "OBSERVATI2": " ", "OBSERVATI3": " ", "OVERHEAD_U": "No", "GROWING_SP": "Road/ROW", "GPS_DATE": 1493078400000, "GPS_TIME": "10:12:34am", "NORTHING": 531015.36, "EASTING": 940280.849, "COMMEMORATIVE": null, "ALIAS_ID": null, "OBJECTID": 2685, "OBSERVATI4": null}}, {"type": "Feature", "id": 3581, "geometry": {"type": "Point", "coordinates": [-80.13327460869975, 25.792590236615485]}, "properties": {"POINT_ID": 35282, "TREE_SPECI": "Solitaire Palm", "SCI_NAME": "Ptychosperma elegans", "DBH": 4, "MULTI_TRUN": "No", "CONDITION": "Good", "PRUNING": " ", "RISK_FACTO": "None", "OBSERVATIO": " ", "OBSERVATI2": " ", "OBSERVATI3": " ", "OVERHEAD_U": "No", "GROWING_SP": "Government", "GPS_DATE": 1495497600000, "GPS_TIME": "02:44:13pm", "NORTHING": 531244.28, "EASTING": 941348.535, "COMMEMORATIVE": null, "ALIAS_ID": null, "OBJECTID": 3581, "OBSERVATI4": null}}, {"type": "Feature", "id": 9066, "geometry": {"type": "Point", "coordinates": [-80.14168267631199, 25.779311035055283]}, "properties": {"POINT_ID": 40767, "TREE_SPECI": "Coconut Palm", "SCI_NAME": "Cocos nucifera", "DBH": 10, "MULTI_TRUN": "No", "CONDITION": "Good", "PRUNING": " ", "RISK_FACTO": "None", "OBSERVATIO": " ", "OBSERVATI2": " ", "OBSERVATI3": " ", "OVERHEAD_U": "No", "GROWING_SP": "Road/ROW", "GPS_DATE": 1503360000000, "GPS_TIME": "08:28:37am", "NORTHING": 526399.561, "EASTING": 938613.332, "COMMEMORATIVE": null, "ALIAS_ID": null, "OBJECTID": 9066, "OBSERVATI4": null}}, {"type": "Feature", "id": 3249, "geometry": {"type": "Point", "coordinates": [-80.13547823117487, 25.792127153239996]}, "properties": {"POINT_ID": 34950, "TREE_SPECI": "Royal Palm", "SCI_NAME": "Roystonea elata", "DBH": 17, "MULTI_TRUN": "No", "CONDITION": "Good", "PRUNING": " ", "RISK_FACTO": "None", "OBSERVATIO": "Cracks in Trunk", "OBSERVATI2": " ", "OBSERVATI3": " ", "OVERHEAD_U": "No", "GROWING_SP": "Road/ROW", "GPS_DATE": 1494374400000, "GPS_TIME": "09:23:16am", "NORTHING": 531071.195, "EASTING": 940624.542, "COMMEMORATIVE": null, "ALIAS_ID": null, "OBJECTID": 3249, "OBSERVATI4": null}}, {"type": "Feature", "id": 1938, "geometry": {"type": "Point", "coordinates": [-80.14045991951258, 25.790508707923852]}, "properties": {"POINT_ID": 33639, "TREE_SPECI": "Live Oak", "SCI_NAME": "Quercus virginiana", "DBH": 16, "MULTI_TRUN": "No", "CONDITION": "Fair", "PRUNING": "Structure Pruning", "RISK_FACTO": "None", "OBSERVATIO": "Lopsided Canopy", "OBSERVATI2": "Reduced Canopy - Moderate", "OBSERVATI3": "Co-Dominant Leaders", "OVERHEAD_U": "No", "GROWING_SP": "Park", "GPS_DATE": 1494460800000, "GPS_TIME": "10:07:25am", "NORTHING": 530472.206, "EASTING": 938989.161, "COMMEMORATIVE": null, "ALIAS_ID": null, "OBJECTID": 1938, "OBSERVATI4": null}}, {"type": "Feature", "id": 5588, "geometry": {"type": "Point", "coordinates": [-80.13065238020236, 25.791142239226115]}, "properties": {"POINT_ID": 37289, "TREE_SPECI": "Royal Palm", "SCI_NAME": "Roystonea elata", "DBH": 18, "MULTI_TRUN": "No", "CONDITION": "Good", "PRUNING": " ", "RISK_FACTO": "None", "OBSERVATIO": " ", "OBSERVATI2": " ", "OBSERVATI3": " ", "OVERHEAD_U": "No", "GROWING_SP": "Road/ROW", "GPS_DATE": 1502841600000, "GPS_TIME": "10:14:27am", "NORTHING": 530723.663, "EASTING": 942214.85, "COMMEMORATIVE": null, "ALIAS_ID": null, "OBJECTID": 5588, "OBSERVATI4": null}}, {"type": "Feature", "id": 5047, "geometry": {"type": "Point", "coordinates": [-80.1278525032967, 25.797102618208516]}, "properties": {"POINT_ID": 36748, "TREE_SPECI": "Coconut Palm", "SCI_NAME": "Cocos nucifera", "DBH": 12, "MULTI_TRUN": "No", "CONDITION": "Fair", "PRUNING": " ", "RISK_FACTO": "None", "OBSERVATIO": "Discolored Foliage", "OBSERVATI2": " ", "OBSERVATI3": " ", "OVERHEAD_U": "No", "GROWING_SP": "Park", "GPS_DATE": 1499731200000, "GPS_TIME": "09:38:51am", "NORTHING": 532896.183, "EASTING": 943121.806, "COMMEMORATIVE": null, "ALIAS_ID": null, "OBJECTID": 5047, "OBSERVATI4": null}}, {"type": "Feature", "id": 8628, "geometry": {"type": "Point", "coordinates": [-80.13299942897974, 25.78267113050061]}, "properties": {"POINT_ID": 40329, "TREE_SPECI": "Cabbage Palm", "SCI_NAME": "Sabal palmetto", "DBH": 10, "MULTI_TRUN": "No", "CONDITION": "Good", "PRUNING": " ", "RISK_FACTO": "None", "OBSERVATIO": " ", "OBSERVATI2": " ", "OBSERVATI3": " ", "OVERHEAD_U": "No", "GROWING_SP": "Government", "GPS_DATE": 1503964800000, "GPS_TIME": "10:04:47am", "NORTHING": 527639.57, "EASTING": 941462.818, "COMMEMORATIVE": null, "ALIAS_ID": null, "OBJECTID": 8628, "OBSERVATI4": null}}, {"type": "Feature", "id": 8542, "geometry": {"type": "Point", "coordinates": [-80.13620775591619, 25.782077687194878]}, "properties": {"POINT_ID": 40243, "TREE_SPECI": "Bottle Palm", "SCI_NAME": "Hyophorbe lagenicaulis", "DBH": 6, "MULTI_TRUN": "No", "CONDITION": "Good", "PRUNING": " ", "RISK_FACTO": "None", "OBSERVATIO": " ", "OBSERVATI2": " ", "OBSERVATI3": " ", "OVERHEAD_U": "No", "GROWING_SP": "Road/ROW", "GPS_DATE": 1503964800000, "GPS_TIME": "08:31:50am", "NORTHING": 527416.934, "EASTING": 940408.451, "COMMEMORATIVE": null, "ALIAS_ID": null, "OBJECTID": 8542, "OBSERVATI4": null}}, {"type": "Feature", "id": 1950, "geometry": {"type": "Point", "coordinates": [-80.13984795956243, 25.790542687096544]}, "properties": {"POINT_ID": 33651, "TREE_SPECI": "Cabbage Palm", "SCI_NAME": "Sabal palmetto", "DBH": 9, "MULTI_TRUN": "No", "CONDITION": "Good", "PRUNING": " ", "RISK_FACTO": "None", "OBSERVATIO": "Trunk Damage - Minor", "OBSERVATI2": " ", "OBSERVATI3": " ", "OVERHEAD_U": "No", "GROWING_SP": "Park", "GPS_DATE": 1494460800000, "GPS_TIME": "10:27:56am", "NORTHING": 530485.872, "EASTING": 939190.448, "COMMEMORATIVE": null, "ALIAS_ID": null, "OBJECTID": 1950, "OBSERVATI4": null}}, {"type": "Feature", "id": 4214, "geometry": {"type": "Point", "coordinates": [-80.13292522360906, 25.79061001071118]}, "properties": {"POINT_ID": 35915, "TREE_SPECI": "Cabbage Palm", "SCI_NAME": "Sabal palmetto", "DBH": 12, "MULTI_TRUN": "No", "CONDITION": "Good", "PRUNING": " ", "RISK_FACTO": "None", "OBSERVATIO": " ", "OBSERVATI2": " ", "OBSERVATI3": " ", "OVERHEAD_U": "No", "GROWING_SP": "Road/ROW", "GPS_DATE": 1494979200000, "GPS_TIME": "01:47:12pm", "NORTHING": 530525.282, "EASTING": 941468.239, "COMMEMORATIVE": null, "ALIAS_ID": null, "OBJECTID": 4214, "OBSERVATI4": null}}, {"type": "Feature", "id": 4297, "geometry": {"type": "Point", "coordinates": [-80.13351583575769, 25.79062809980312]}, "properties": {"POINT_ID": 35998, "TREE_SPECI": "Pygmy Date Palm", "SCI_NAME": "Phoenix roebelenii", "DBH": 4, "MULTI_TRUN": "No", "CONDITION": "Good", "PRUNING": " ", "RISK_FACTO": "None", "OBSERVATIO": "Discolored Foliage", "OBSERVATI2": " ", "OBSERVATI3": " ", "OVERHEAD_U": "No", "GROWING_SP": "Park", "GPS_DATE": 1494979200000, "GPS_TIME": "01:18:08pm", "NORTHING": 530530.577, "EASTING": 941273.853, "COMMEMORATIVE": null, "ALIAS_ID": null, "OBJECTID": 4297, "OBSERVATI4": null}}, {"type": "Feature", "id": 3719, "geometry": {"type": "Point", "coordinates": [-80.13404200058362, 25.79109174295532]}, "properties": {"POINT_ID": 35420, "TREE_SPECI": "Cabbage Palm", "SCI_NAME": "Sabal palmetto", "DBH": 11, "MULTI_TRUN": "No", "CONDITION": "Good", "PRUNING": " ", "RISK_FACTO": "None", "OBSERVATIO": "Discolored Foliage", "OBSERVATI2": " ", "OBSERVATI3": " ", "OVERHEAD_U": "No", "GROWING_SP": "Road/ROW", "GPS_DATE": 1494979200000, "GPS_TIME": "09:17:14am", "NORTHING": 530697.959, "EASTING": 941099.608, "COMMEMORATIVE": null, "ALIAS_ID": null, "OBJECTID": 3719, "OBSERVATI4": null}}, {"type": "Feature", "id": 7546, "geometry": {"type": "Point", "coordinates": [-80.13378855612204, 25.786926295389062]}, "properties": {"POINT_ID": 39247, "TREE_SPECI": "Mahogany", "SCI_NAME": "Swietenia mahagoni", "DBH": 17, "MULTI_TRUN": "No", "CONDITION": "Poor", "PRUNING": "Structure Pruning", "RISK_FACTO": "None", "OBSERVATIO": "Circling Roots", "OBSERVATI2": "Lopsided Canopy", "OBSERVATI3": "Reduced Canopy - Moderate", "OVERHEAD_U": "No", "GROWING_SP": "Road/ROW", "GPS_DATE": 1503273600000, "GPS_TIME": "09:11:52am", "NORTHING": 529184.489, "EASTING": 941192.964, "COMMEMORATIVE": null, "ALIAS_ID": null, "OBJECTID": 7546, "OBSERVATI4": null}}, {"type": "Feature", "id": 29137, "geometry": {"type": "Point", "coordinates": [-80.14041818829702, 25.796058218449396]}, "properties": {"POINT_ID": 24716, "TREE_SPECI": "Mahogany", "SCI_NAME": null, "DBH": 38, "MULTI_TRUN": "No", "CONDITION": "Fair", "PRUNING": "Clearance Pruning", "RISK_FACTO": "None", "OBSERVATIO": "Utility Lines Conflict", "OBSERVATI2": "Utility Pruned", "OBSERVATI3": "Limb Damage - Minor", "OVERHEAD_U": "Yes", "GROWING_SP": "ROW/Swale", "GPS_DATE": 1452556800000, "GPS_TIME": "10:24:23am", "NORTHING": 532489.381, "EASTING": 938989.724, "COMMEMORATIVE": "N", "ALIAS_ID": null, "OBJECTID": 29137, "OBSERVATI4": null}}, {"type": "Feature", "id": 2399, "geometry": {"type": "Point", "coordinates": [-80.13561810264999, 25.796067702115465]}, "properties": {"POINT_ID": 34100, "TREE_SPECI": "Canary Island Date Palm", "SCI_NAME": "Phoenix canariensis", "DBH": 11, "MULTI_TRUN": "No", "CONDITION": "Good", "PRUNING": " ", "RISK_FACTO": "None", "OBSERVATIO": " ", "OBSERVATI2": " ", "OBSERVATI3": " ", "OVERHEAD_U": "No", "GROWING_SP": "Park", "GPS_DATE": 1498608000000, "GPS_TIME": "10:44:56am", "NORTHING": 532503.169, "EASTING": 940569.115, "COMMEMORATIVE": null, "ALIAS_ID": null, "OBJECTID": 2399, "OBSERVATI4": null}}, {"type": "Feature", "id": 2439, "geometry": {"type": "Point", "coordinates": [-80.1354285068097, 25.796070982693333]}, "properties": {"POINT_ID": 34140, "TREE_SPECI": "Solitaire Palm", "SCI_NAME": "Ptychosperma elegans", "DBH": 45, "MULTI_TRUN": "Yes", "CONDITION": "Good", "PRUNING": " ", "RISK_FACTO": "None", "OBSERVATIO": "Cluster", "OBSERVATI2": " ", "OBSERVATI3": " ", "OVERHEAD_U": "No", "GROWING_SP": "Park", "GPS_DATE": 1498608000000, "GPS_TIME": "12:53:17pm", "NORTHING": 532504.771, "EASTING": 940631.491, "COMMEMORATIVE": null, "ALIAS_ID": null, "OBJECTID": 2439, "OBSERVATI4": null}}, {"type": "Feature", "id": 6318, "geometry": {"type": "Point", "coordinates": [-80.14027160290323, 25.785166890969887]}, "properties": {"POINT_ID": 38019, "TREE_SPECI": "Royal Palm", "SCI_NAME": "Roystonea elata", "DBH": 20, "MULTI_TRUN": "No", "CONDITION": "Good", "PRUNING": " ", "RISK_FACTO": "None", "OBSERVATIO": " ", "OBSERVATI2": " ", "OBSERVATI3": " ", "OVERHEAD_U": "No", "GROWING_SP": "Road/ROW", "GPS_DATE": 1501718400000, "GPS_TIME": "02:17:42pm", "NORTHING": 528531.018, "EASTING": 939063.803, "COMMEMORATIVE": null, "ALIAS_ID": null, "OBJECTID": 6318, "OBSERVATI4": null}}, {"type": "Feature", "id": 6381, "geometry": {"type": "Point", "coordinates": [-80.14099391004295, 25.786971803720753]}, "properties": {"POINT_ID": 38082, "TREE_SPECI": "Pink Tabebuia", "SCI_NAME": "Tabebuia heterophylla", "DBH": 4, "MULTI_TRUN": "No", "CONDITION": "Fair", "PRUNING": " ", "RISK_FACTO": "None", "OBSERVATIO": "Defoliated - Minor", "OBSERVATI2": " ", "OBSERVATI3": " ", "OVERHEAD_U": "No", "GROWING_SP": "Road/ROW", "GPS_DATE": 1501804800000, "GPS_TIME": "09:10:31am", "NORTHING": 529185.5, "EASTING": 938821.835, "COMMEMORATIVE": null, "ALIAS_ID": null, "OBJECTID": 6381, "OBSERVATI4": null}}, {"type": "Feature", "id": 29103, "geometry": {"type": "Point", "coordinates": [-80.14082738061033, 25.796494401044654]}, "properties": {"POINT_ID": 24682, "TREE_SPECI": "Montgomery Palm", "SCI_NAME": null, "DBH": 5, "MULTI_TRUN": "No", "CONDITION": "Fair", "PRUNING": " ", "RISK_FACTO": "None", "OBSERVATIO": "Leader - Bent", "OBSERVATI2": "Utility Lines Above", "OBSERVATI3": " ", "OVERHEAD_U": "Yes", "GROWING_SP": "ROW/Swale", "GPS_DATE": 1452556800000, "GPS_TIME": "09:58:24am", "NORTHING": 532647.041, "EASTING": 938854.05, "COMMEMORATIVE": "N", "ALIAS_ID": null, "OBJECTID": 29103, "OBSERVATI4": null}}, {"type": "Feature", "id": 2376, "geometry": {"type": "Point", "coordinates": [-80.13588868645031, 25.795666046030743]}, "properties": {"POINT_ID": 34077, "TREE_SPECI": "Montgomery Palm", "SCI_NAME": "Veitchia montgomeryana", "DBH": 8, "MULTI_TRUN": "No", "CONDITION": "Fair", "PRUNING": " ", "RISK_FACTO": "None", "OBSERVATIO": "Leader - Bent", "OBSERVATI2": " ", "OBSERVATI3": " ", "OVERHEAD_U": "No", "GROWING_SP": "Park", "GPS_DATE": 1498608000000, "GPS_TIME": "10:07:08am", "NORTHING": 532356.594, "EASTING": 940481.04, "COMMEMORATIVE": null, "ALIAS_ID": null, "OBJECTID": 2376, "OBSERVATI4": null}}, {"type": "Feature", "id": 29970, "geometry": {"type": "Point", "coordinates": [-80.14134272335788, 25.794399730408458]}, "properties": {"POINT_ID": 25549, "TREE_SPECI": "Copperpod", "SCI_NAME": null, "DBH": 3, "MULTI_TRUN": "No", "CONDITION": "Good", "PRUNING": " ", "RISK_FACTO": "None", "OBSERVATIO": "Support - Needed", "OBSERVATI2": " ", "OBSERVATI3": " ", "OVERHEAD_U": "No", "GROWING_SP": "Median", "GPS_DATE": 1453161600000, "GPS_TIME": "09:47:24am", "NORTHING": 531884.583, "EASTING": 938689.448, "COMMEMORATIVE": "N", "ALIAS_ID": null, "OBJECTID": 29970, "OBSERVATI4": null}}, {"type": "Feature", "id": 8373, "geometry": {"type": "Point", "coordinates": [-80.12953287463995, 25.785656283572614]}, "properties": {"POINT_ID": 40074, "TREE_SPECI": "Coconut Palm", "SCI_NAME": "Cocos nucifera", "DBH": 9, "MULTI_TRUN": "No", "CONDITION": "Fair", "PRUNING": " ", "RISK_FACTO": "None", "OBSERVATIO": "Discolored Foliage", "OBSERVATI2": "Support - Remove", "OBSERVATI3": " ", "OVERHEAD_U": "No", "GROWING_SP": "Park", "GPS_DATE": 1503446400000, "GPS_TIME": "10:39:47am", "NORTHING": 528732.11, "EASTING": 942596.406, "COMMEMORATIVE": null, "ALIAS_ID": null, "OBJECTID": 8373, "OBSERVATI4": null}}, {"type": "Feature", "id": 8204, "geometry": {"type": "Point", "coordinates": [-80.12982215446306, 25.78505657274859]}, "properties": {"POINT_ID": 39905, "TREE_SPECI": "Silver Buttonwood", "SCI_NAME": "Conocarpus erectus var. sericeus", "DBH": 9, "MULTI_TRUN": "No", "CONDITION": "Good", "PRUNING": " ", "RISK_FACTO": "None", "OBSERVATIO": " ", "OBSERVATI2": " ", "OBSERVATI3": " ", "OVERHEAD_U": "No", "GROWING_SP": "Road/ROW", "GPS_DATE": 1503360000000, "GPS_TIME": "02:27:54pm", "NORTHING": 528513.503, "EASTING": 942502.654, "COMMEMORATIVE": null, "ALIAS_ID": null, "OBJECTID": 8204, "OBSERVATI4": null}}, {"type": "Feature", "id": 6306, "geometry": {"type": "Point", "coordinates": [-80.14033937646057, 25.783926117992184]}, "properties": {"POINT_ID": 38007, "TREE_SPECI": "Royal Palm", "SCI_NAME": "Roystonea elata", "DBH": 20, "MULTI_TRUN": "No", "CONDITION": "Good", "PRUNING": " ", "RISK_FACTO": "None", "OBSERVATIO": " ", "OBSERVATI2": " ", "OBSERVATI3": " ", "OVERHEAD_U": "No", "GROWING_SP": "Road/ROW", "GPS_DATE": 1501718400000, "GPS_TIME": "02:08:29pm", "NORTHING": 528079.889, "EASTING": 939044.444, "COMMEMORATIVE": null, "ALIAS_ID": null, "OBJECTID": 6306, "OBSERVATI4": null}}, {"type": "Feature", "id": 29126, "geometry": {"type": "Point", "coordinates": [-80.14052232905237, 25.79677803043684]}, "properties": {"POINT_ID": 24705, "TREE_SPECI": "Coconut Palm", "SCI_NAME": null, "DBH": 8, "MULTI_TRUN": "No", "CONDITION": "Good", "PRUNING": "Clearance Pruning", "RISK_FACTO": "None", "OBSERVATIO": "Utility Lines Conflict", "OBSERVATI2": " ", "OBSERVATI3": " ", "OVERHEAD_U": "Yes", "GROWING_SP": "ROW/Swale", "GPS_DATE": 1452556800000, "GPS_TIME": "10:16:59am", "NORTHING": 532750.787, "EASTING": 938953.75, "COMMEMORATIVE": "N", "ALIAS_ID": null, "OBJECTID": 29126, "OBSERVATI4": null}}, {"type": "Feature", "id": 6312, "geometry": {"type": "Point", "coordinates": [-80.1399020515823, 25.783949277342586]}, "properties": {"POINT_ID": 38013, "TREE_SPECI": "Royal Palm", "SCI_NAME": "Roystonea elata", "DBH": 20, "MULTI_TRUN": "No", "CONDITION": "Fair", "PRUNING": " ", "RISK_FACTO": "None", "OBSERVATIO": "Frizzled Fronds", "OBSERVATI2": "Discolored Foliage", "OBSERVATI3": " ", "OVERHEAD_U": "No", "GROWING_SP": "Road/ROW", "GPS_DATE": 1501718400000, "GPS_TIME": "02:11:31pm", "NORTHING": 528089.246, "EASTING": 939188.3, "COMMEMORATIVE": null, "ALIAS_ID": null, "OBJECTID": 6312, "OBSERVATI4": null}}, {"type": "Feature", "id": 8304, "geometry": {"type": "Point", "coordinates": [-80.1292689386605, 25.786572766100665]}, "properties": {"POINT_ID": 40005, "TREE_SPECI": "Coconut Palm", "SCI_NAME": "Cocos nucifera", "DBH": 11, "MULTI_TRUN": "No", "CONDITION": "Good", "PRUNING": " ", "RISK_FACTO": "None", "OBSERVATIO": " ", "OBSERVATI2": " ", "OBSERVATI3": " ", "OVERHEAD_U": "No", "GROWING_SP": "Park", "GPS_DATE": 1503446400000, "GPS_TIME": "10:11:50am", "NORTHING": 529065.799, "EASTING": 942681.057, "COMMEMORATIVE": null, "ALIAS_ID": null, "OBJECTID": 8304, "OBSERVATI4": null}}, {"type": "Feature", "id": 8273, "geometry": {"type": "Point", "coordinates": [-80.12842337024426, 25.786416716908708]}, "properties": {"POINT_ID": 39974, "TREE_SPECI": "Sea Grape", "SCI_NAME": "Coccoloba uvifera", "DBH": 15, "MULTI_TRUN": "Yes", "CONDITION": "Good", "PRUNING": " ", "RISK_FACTO": "None", "OBSERVATIO": "Cluster", "OBSERVATI2": " ", "OBSERVATI3": " ", "OVERHEAD_U": "No", "GROWING_SP": "Park", "GPS_DATE": 1503446400000, "GPS_TIME": "09:55:28am", "NORTHING": 529010.92, "EASTING": 942959.679, "COMMEMORATIVE": null, "ALIAS_ID": null, "OBJECTID": 8273, "OBSERVATI4": null}}, {"type": "Feature", "id": 2445, "geometry": {"type": "Point", "coordinates": [-80.13545779562311, 25.79609626191739]}, "properties": {"POINT_ID": 34146, "TREE_SPECI": "Milky Way Tree", "SCI_NAME": "Stemmadenia littoralis", "DBH": 6, "MULTI_TRUN": "No", "CONDITION": "Fair", "PRUNING": " ", "RISK_FACTO": "None", "OBSERVATIO": "Leaning - Minor", "OBSERVATI2": "Co-Dominant Leaders", "OBSERVATI3": "Sprouting", "OVERHEAD_U": "No", "GROWING_SP": "Park", "GPS_DATE": 1498608000000, "GPS_TIME": "01:00:11pm", "NORTHING": 532513.896, "EASTING": 940621.794, "COMMEMORATIVE": null, "ALIAS_ID": null, "OBJECTID": 2445, "OBSERVATI4": null}}, {"type": "Feature", "id": 6329, "geometry": {"type": "Point", "coordinates": [-80.14038243855008, 25.783155504818797]}, "properties": {"POINT_ID": 38030, "TREE_SPECI": "Strangler Fig", "SCI_NAME": "Ficus aurea", "DBH": 54, "MULTI_TRUN": "No", "CONDITION": "Fair", "PRUNING": "Crown Cleaning", "RISK_FACTO": "None", "OBSERVATIO": "Lopsided Canopy", "OBSERVATI2": "Constricted Roots", "OBSERVATI3": "Dead Wood", "OVERHEAD_U": "No", "GROWING_SP": "Road/ROW", "GPS_DATE": 1501804800000, "GPS_TIME": "08:18:59am", "NORTHING": 527799.701, "EASTING": 939032.102, "COMMEMORATIVE": null, "ALIAS_ID": null, "OBJECTID": 6329, "OBSERVATI4": null}}, {"type": "Feature", "id": 6335, "geometry": {"type": "Point", "coordinates": [-80.1408813940039, 25.78327285568124]}, "properties": {"POINT_ID": 38036, "TREE_SPECI": "Live Oak", "SCI_NAME": "Quercus virginiana", "DBH": 6, "MULTI_TRUN": "No", "CONDITION": "Good", "PRUNING": " ", "RISK_FACTO": "None", "OBSERVATIO": "Leaning - Minor", "OBSERVATI2": " ", "OBSERVATI3": " ", "OVERHEAD_U": "No", "GROWING_SP": "Road/ROW", "GPS_DATE": 1501804800000, "GPS_TIME": "08:24:51am", "NORTHING": 527841.284, "EASTING": 938867.63, "COMMEMORATIVE": null, "ALIAS_ID": null, "OBJECTID": 6335, "OBSERVATI4": null}}, {"type": "Feature", "id": 6258, "geometry": {"type": "Point", "coordinates": [-80.13938948556934, 25.78529135307041]}, "properties": {"POINT_ID": 37959, "TREE_SPECI": "Pygmy Date Palm", "SCI_NAME": "Phoenix roebelenii", "DBH": 4, "MULTI_TRUN": "No", "CONDITION": "Good", "PRUNING": " ", "RISK_FACTO": "None", "OBSERVATIO": "Utility Lines - Above", "OBSERVATI2": " ", "OBSERVATI3": " ", "OVERHEAD_U": "Yes", "GROWING_SP": "Road/ROW", "GPS_DATE": 1501718400000, "GPS_TIME": "12:39:10pm", "NORTHING": 528578.153, "EASTING": 939353.784, "COMMEMORATIVE": null, "ALIAS_ID": null, "OBJECTID": 6258, "OBSERVATI4": null}}, {"type": "Feature", "id": 8250, "geometry": {"type": "Point", "coordinates": [-80.12864406864038, 25.786564035573544]}, "properties": {"POINT_ID": 39951, "TREE_SPECI": "Cabbage Palm", "SCI_NAME": "Sabal palmetto", "DBH": 14, "MULTI_TRUN": "No", "CONDITION": "Fair", "PRUNING": " ", "RISK_FACTO": "None", "OBSERVATIO": "Discolored Foliage", "OBSERVATI2": " ", "OBSERVATI3": " ", "OVERHEAD_U": "No", "GROWING_SP": "Park", "GPS_DATE": 1503360000000, "GPS_TIME": "03:08:52pm", "NORTHING": 529063.986, "EASTING": 942886.701, "COMMEMORATIVE": null, "ALIAS_ID": null, "OBJECTID": 8250, "OBSERVATI4": null}}, {"type": "Feature", "id": 8327, "geometry": {"type": "Point", "coordinates": [-80.129082412606, 25.786220640053177]}, "properties": {"POINT_ID": 40028, "TREE_SPECI": "Coconut Palm", "SCI_NAME": "Cocos nucifera", "DBH": 8, "MULTI_TRUN": "No", "CONDITION": "Fair", "PRUNING": " ", "RISK_FACTO": "None", "OBSERVATIO": "Discolored Foliage", "OBSERVATI2": " ", "OBSERVATI3": " ", "OVERHEAD_U": "No", "GROWING_SP": "Park", "GPS_DATE": 1503446400000, "GPS_TIME": "10:19:22am", "NORTHING": 528938.217, "EASTING": 942743.282, "COMMEMORATIVE": null, "ALIAS_ID": null, "OBJECTID": 8327, "OBSERVATI4": null}}, {"type": "Feature", "id": 8256, "geometry": {"type": "Point", "coordinates": [-80.12843759716533, 25.786679887238744]}, "properties": {"POINT_ID": 39957, "TREE_SPECI": "Coconut Palm", "SCI_NAME": "Cocos nucifera", "DBH": 11, "MULTI_TRUN": "No", "CONDITION": "Fair", "PRUNING": " ", "RISK_FACTO": "None", "OBSERVATIO": "Discolored Foliage", "OBSERVATI2": " ", "OBSERVATI3": " ", "OVERHEAD_U": "No", "GROWING_SP": "Park", "GPS_DATE": 1503360000000, "GPS_TIME": "03:10:35pm", "NORTHING": 529106.544, "EASTING": 942954.365, "COMMEMORATIVE": null, "ALIAS_ID": null, "OBJECTID": 8256, "OBSERVATI4": null}}, {"type": "Feature", "id": 2422, "geometry": {"type": "Point", "coordinates": [-80.13539714161527, 25.796219219010478]}, "properties": {"POINT_ID": 34123, "TREE_SPECI": "Coconut Palm", "SCI_NAME": "Cocos nucifera", "DBH": 12, "MULTI_TRUN": "No", "CONDITION": "Good", "PRUNING": " ", "RISK_FACTO": "None", "OBSERVATIO": " ", "OBSERVATI2": " ", "OBSERVATI3": " ", "OVERHEAD_U": "No", "GROWING_SP": "Park", "GPS_DATE": 1498608000000, "GPS_TIME": "12:19:55pm", "NORTHING": 532558.718, "EASTING": 940641.458, "COMMEMORATIVE": null, "ALIAS_ID": null, "OBJECTID": 2422, "OBSERVATI4": null}}, {"type": "Feature", "id": 2591, "geometry": {"type": "Point", "coordinates": [-80.13583645220426, 25.795155098083217]}, "properties": {"POINT_ID": 34292, "TREE_SPECI": "Solitaire Palm", "SCI_NAME": "Ptychosperma elegans", "DBH": 2, "MULTI_TRUN": "No", "CONDITION": "Good", "PRUNING": " ", "RISK_FACTO": "None", "OBSERVATIO": " ", "OBSERVATI2": " ", "OBSERVATI3": " ", "OVERHEAD_U": "No", "GROWING_SP": "Park", "GPS_DATE": 1497916800000, "GPS_TIME": "12:13:12pm", "NORTHING": 532170.992, "EASTING": 940499.446, "COMMEMORATIVE": null, "ALIAS_ID": null, "OBJECTID": 2591, "OBSERVATI4": null}}, {"type": "Feature", "id": 29813, "geometry": {"type": "Point", "coordinates": [-80.12966012358892, 25.80028398933376]}, "properties": {"POINT_ID": 25392, "TREE_SPECI": "Silver Buttonwood", "SCI_NAME": null, "DBH": 4, "MULTI_TRUN": "No", "CONDITION": "Good", "PRUNING": " ", "RISK_FACTO": "None", "OBSERVATIO": "Utility Lines Above", "OBSERVATI2": "Leaning - Minor", "OBSERVATI3": " ", "OVERHEAD_U": "Yes", "GROWING_SP": "ROW/Swale", "GPS_DATE": 1453075200000, "GPS_TIME": "12:14:32pm", "NORTHING": 534048.585, "EASTING": 942519.389, "COMMEMORATIVE": "N", "ALIAS_ID": null, "OBJECTID": 29813, "OBSERVATI4": null}}, {"type": "Feature", "id": 29074, "geometry": {"type": "Point", "coordinates": [-80.14017626747751, 25.796692041991392]}, "properties": {"POINT_ID": 24653, "TREE_SPECI": "Coconut Palm", "SCI_NAME": null, "DBH": 6, "MULTI_TRUN": "No", "CONDITION": "Good", "PRUNING": " ", "RISK_FACTO": "None", "OBSERVATIO": " ", "OBSERVATI2": " ", "OBSERVATI3": " ", "OVERHEAD_U": "No", "GROWING_SP": "ROW/Swale", "GPS_DATE": 1452556800000, "GPS_TIME": "09:28:07am", "NORTHING": 532720.277, "EASTING": 939067.821, "COMMEMORATIVE": "N", "ALIAS_ID": null, "OBJECTID": 29074, "OBSERVATI4": null}}, {"type": "Feature", "id": 2491, "geometry": {"type": "Point", "coordinates": [-80.13536693968842, 25.795877106144996]}, "properties": {"POINT_ID": 34192, "TREE_SPECI": "Vanuatu Fan Palm", "SCI_NAME": "Licuala grandis", "DBH": 2, "MULTI_TRUN": "No", "CONDITION": "Fair", "PRUNING": " ", "RISK_FACTO": "None", "OBSERVATIO": "Leaning - Moderate", "OBSERVATI2": " ", "OBSERVATI3": " ", "OVERHEAD_U": "No", "GROWING_SP": "Park", "GPS_DATE": 1498608000000, "GPS_TIME": "02:22:26pm", "NORTHING": 532434.435, "EASTING": 940652.212, "COMMEMORATIVE": null, "ALIAS_ID": null, "OBJECTID": 2491, "OBSERVATI4": null}}, {"type": "Feature", "id": 29982, "geometry": {"type": "Point", "coordinates": [-80.14022862176024, 25.794784561277144]}, "properties": {"POINT_ID": 25561, "TREE_SPECI": "Pink Tabebuia", "SCI_NAME": null, "DBH": 9, "MULTI_TRUN": "No", "CONDITION": "Fair", "PRUNING": " ", "RISK_FACTO": "None", "OBSERVATIO": "Leader - Bent", "OBSERVATI2": "Lopsided Canopy", "OBSERVATI3": " ", "OVERHEAD_U": "No", "GROWING_SP": "ROW/Swale", "GPS_DATE": 1453161600000, "GPS_TIME": "09:56:20am", "NORTHING": 532026.851, "EASTING": 939055.122, "COMMEMORATIVE": "N", "ALIAS_ID": null, "OBJECTID": 29982, "OBSERVATI4": null}}, {"type": "Feature", "id": 29080, "geometry": {"type": "Point", "coordinates": [-80.13864508691819, 25.797738549478716]}, "properties": {"POINT_ID": 24659, "TREE_SPECI": "Date Palm", "SCI_NAME": null, "DBH": 23, "MULTI_TRUN": "No", "CONDITION": "Good", "PRUNING": " ", "RISK_FACTO": "None", "OBSERVATIO": " ", "OBSERVATI2": " ", "OBSERVATI3": " ", "OVERHEAD_U": "No", "GROWING_SP": "Median", "GPS_DATE": 1452556800000, "GPS_TIME": "09:34:45am", "NORTHING": 533103.945, "EASTING": 939569.147, "COMMEMORATIVE": "N", "ALIAS_ID": null, "OBJECTID": 29080, "OBSERVATI4": null}}, {"type": "Feature", "id": 8227, "geometry": {"type": "Point", "coordinates": [-80.12917712251775, 25.786677865928564]}, "properties": {"POINT_ID": 39928, "TREE_SPECI": "Coconut Palm", "SCI_NAME": "Cocos nucifera", "DBH": 8, "MULTI_TRUN": "No", "CONDITION": "Good", "PRUNING": " ", "RISK_FACTO": "None", "OBSERVATIO": " ", "OBSERVATI2": " ", "OBSERVATI3": " ", "OVERHEAD_U": "No", "GROWING_SP": "Park", "GPS_DATE": 1503360000000, "GPS_TIME": "02:57:04pm", "NORTHING": 529104.199, "EASTING": 942711.018, "COMMEMORATIVE": null, "ALIAS_ID": null, "OBJECTID": 8227, "OBSERVATI4": null}}, {"type": "Feature", "id": 2539, "geometry": {"type": "Point", "coordinates": [-80.1358313897737, 25.795038235763144]}, "properties": {"POINT_ID": 34240, "TREE_SPECI": "Cabbage Palm", "SCI_NAME": "Sabal palmetto", "DBH": 11, "MULTI_TRUN": "No", "CONDITION": "Fair", "PRUNING": " ", "RISK_FACTO": "None", "OBSERVATIO": "Tapered Trunk", "OBSERVATI2": " ", "OBSERVATI3": " ", "OVERHEAD_U": "No", "GROWING_SP": "Park", "GPS_DATE": 1497916800000, "GPS_TIME": "10:10:46am", "NORTHING": 532128.527, "EASTING": 940501.391, "COMMEMORATIVE": null, "ALIAS_ID": null, "OBJECTID": 2539, "OBSERVATI4": null}}, {"type": "Feature", "id": 29097, "geometry": {"type": "Point", "coordinates": [-80.14071161216128, 25.796737658228505]}, "properties": {"POINT_ID": 24676, "TREE_SPECI": "Solitaire Palm", "SCI_NAME": null, "DBH": 3, "MULTI_TRUN": "No", "CONDITION": "Good", "PRUNING": " ", "RISK_FACTO": "None", "OBSERVATIO": "Utility Lines Above", "OBSERVATI2": " ", "OBSERVATI3": " ", "OVERHEAD_U": "Yes", "GROWING_SP": "ROW/Swale", "GPS_DATE": 1452556800000, "GPS_TIME": "09:56:04am", "NORTHING": 532735.707, "EASTING": 938891.565, "COMMEMORATIVE": "N", "ALIAS_ID": null, "OBJECTID": 29097, "OBSERVATI4": null}}, {"type": "Feature", "id": 29295, "geometry": {"type": "Point", "coordinates": [-80.13348579898862, 25.800108206680523]}, "properties": {"POINT_ID": 24874, "TREE_SPECI": "Mahogany", "SCI_NAME": null, "DBH": 7, "MULTI_TRUN": "No", "CONDITION": "Good", "PRUNING": " ", "RISK_FACTO": "None", "OBSERVATIO": "Discolored Foliage", "OBSERVATI2": " ", "OBSERVATI3": " ", "OVERHEAD_U": "No", "GROWING_SP": "ROW/Swale", "GPS_DATE": 1452556800000, "GPS_TIME": "02:18:55pm", "NORTHING": 533976.388, "EASTING": 941261.058, "COMMEMORATIVE": "N", "ALIAS_ID": null, "OBJECTID": 29295, "OBSERVATI4": null}}, {"type": "Feature", "id": 2468, "geometry": {"type": "Point", "coordinates": [-80.13525679975919, 25.795999934147467]}, "properties": {"POINT_ID": 34169, "TREE_SPECI": "South American Foxtail Palm", "SCI_NAME": "Syagrus sancona", "DBH": 10, "MULTI_TRUN": "No", "CONDITION": "Good", "PRUNING": " ", "RISK_FACTO": "None", "OBSERVATIO": " ", "OBSERVATI2": " ", "OBSERVATI3": " ", "OVERHEAD_U": "No", "GROWING_SP": "Park", "GPS_DATE": 1498608000000, "GPS_TIME": "01:46:21pm", "NORTHING": 532479.318, "EASTING": 940688.159, "COMMEMORATIVE": null, "ALIAS_ID": null, "OBJECTID": 2468, "OBSERVATI4": null}}, {"type": "Feature", "id": 29876, "geometry": {"type": "Point", "coordinates": [-80.13084082414271, 25.79947477493024]}, "properties": {"POINT_ID": 25455, "TREE_SPECI": "Gumbo Limbo", "SCI_NAME": null, "DBH": 14, "MULTI_TRUN": "No", "CONDITION": "Good", "PRUNING": "Crown Cleaning", "RISK_FACTO": "None", "OBSERVATIO": "Lopsided Canopy", "OBSERVATI2": "Sprouting", "OBSERVATI3": " ", "OVERHEAD_U": "No", "GROWING_SP": "Other", "GPS_DATE": 1453075200000, "GPS_TIME": "02:22:59pm", "NORTHING": 533751.891, "EASTING": 942132.848, "COMMEMORATIVE": "N", "ALIAS_ID": null, "OBJECTID": 29876, "OBSERVATI4": null}}, {"type": "Feature", "id": 8350, "geometry": {"type": "Point", "coordinates": [-80.12941975769797, 25.785930796222125]}, "properties": {"POINT_ID": 40051, "TREE_SPECI": "Coconut Palm", "SCI_NAME": "Cocos nucifera", "DBH": 10, "MULTI_TRUN": "No", "CONDITION": "Good", "PRUNING": " ", "RISK_FACTO": "None", "OBSERVATIO": "Support - Remove", "OBSERVATI2": " ", "OBSERVATI3": " ", "OVERHEAD_U": "No", "GROWING_SP": "Park", "GPS_DATE": 1503446400000, "GPS_TIME": "10:28:15am", "NORTHING": 528832.133, "EASTING": 942632.97, "COMMEMORATIVE": null, "ALIAS_ID": null, "OBJECTID": 8350, "OBSERVATI4": null}}, {"type": "Feature", "id": 6358, "geometry": {"type": "Point", "coordinates": [-80.14094417803996, 25.784879245142122]}, "properties": {"POINT_ID": 38059, "TREE_SPECI": "Pink Tabebuia", "SCI_NAME": "Tabebuia heterophylla", "DBH": 7, "MULTI_TRUN": "No", "CONDITION": "Good", "PRUNING": " ", "RISK_FACTO": "None", "OBSERVATIO": "Co-Dominant Leaders", "OBSERVATI2": " ", "OBSERVATI3": " ", "OVERHEAD_U": "No", "GROWING_SP": "Road/ROW", "GPS_DATE": 1501804800000, "GPS_TIME": "08:43:49am", "NORTHING": 528425.024, "EASTING": 938843.161, "COMMEMORATIVE": null, "ALIAS_ID": null, "OBJECTID": 6358, "OBSERVATI4": null}}, {"type": "Feature", "id": 8296, "geometry": {"type": "Point", "coordinates": [-80.1291636804674, 25.7864728673316]}, "properties": {"POINT_ID": 39997, "TREE_SPECI": "Coconut Palm", "SCI_NAME": "Cocos nucifera", "DBH": 10, "MULTI_TRUN": "No", "CONDITION": "Good", "PRUNING": " ", "RISK_FACTO": "None", "OBSERVATIO": " ", "OBSERVATI2": " ", "OBSERVATI3": " ", "OVERHEAD_U": "No", "GROWING_SP": "Park", "GPS_DATE": 1503446400000, "GPS_TIME": "10:08:44am", "NORTHING": 529029.718, "EASTING": 942715.934, "COMMEMORATIVE": null, "ALIAS_ID": null, "OBJECTID": 8296, "OBSERVATI4": null}}, {"type": "Feature", "id": 8379, "geometry": {"type": "Point", "coordinates": [-80.12943713398133, 25.785418663027677]}, "properties": {"POINT_ID": 40080, "TREE_SPECI": "Coconut Palm", "SCI_NAME": "Cocos nucifera", "DBH": 12, "MULTI_TRUN": "No", "CONDITION": "Good", "PRUNING": " ", "RISK_FACTO": "None", "OBSERVATIO": " ", "OBSERVATI2": " ", "OBSERVATI3": " ", "OVERHEAD_U": "No", "GROWING_SP": "Park", "GPS_DATE": 1503446400000, "GPS_TIME": "10:42:37am", "NORTHING": 528645.95, "EASTING": 942628.483, "COMMEMORATIVE": null, "ALIAS_ID": null, "OBJECTID": 8379, "OBSERVATI4": null}}, {"type": "Feature", "id": 2562, "geometry": {"type": "Point", "coordinates": [-80.13575958378799, 25.795085906219764]}, "properties": {"POINT_ID": 34263, "TREE_SPECI": "Necklace Pod Tree", "SCI_NAME": "Sophora tomentosa var. truncata", "DBH": 16, "MULTI_TRUN": "Yes", "CONDITION": "Fair", "PRUNING": "Crown Cleaning", "RISK_FACTO": "None", "OBSERVATIO": "Defoliated - Moderate", "OBSERVATI2": "Dead Wood", "OBSERVATI3": " ", "OVERHEAD_U": "No", "GROWING_SP": "Park", "GPS_DATE": 1497916800000, "GPS_TIME": "10:39:31am", "NORTHING": 532146.009, "EASTING": 940524.904, "COMMEMORATIVE": null, "ALIAS_ID": null, "OBJECTID": 2562, "OBSERVATI4": null}}, {"type": "Feature", "id": 8396, "geometry": {"type": "Point", "coordinates": [-80.1292222350083, 25.785479163421392]}, "properties": {"POINT_ID": 40097, "TREE_SPECI": "Coconut Palm", "SCI_NAME": "Cocos nucifera", "DBH": 12, "MULTI_TRUN": "No", "CONDITION": "Good", "PRUNING": " ", "RISK_FACTO": "None", "OBSERVATIO": " ", "OBSERVATI2": " ", "OBSERVATI3": " ", "OVERHEAD_U": "No", "GROWING_SP": "Park", "GPS_DATE": 1503446400000, "GPS_TIME": "10:50:13am", "NORTHING": 528668.408, "EASTING": 942699.054, "COMMEMORATIVE": null, "ALIAS_ID": null, "OBJECTID": 8396, "OBSERVATI4": null}}, {"type": "Feature", "id": 8181, "geometry": {"type": "Point", "coordinates": [-80.12948896465286, 25.787232006071804]}, "properties": {"POINT_ID": 39882, "TREE_SPECI": "Coconut Palm", "SCI_NAME": "Cocos nucifera", "DBH": 10, "MULTI_TRUN": "No", "CONDITION": "Good", "PRUNING": " ", "RISK_FACTO": "None", "OBSERVATIO": " ", "OBSERVATI2": " ", "OBSERVATI3": " ", "OVERHEAD_U": "No", "GROWING_SP": "Road/ROW", "GPS_DATE": 1503360000000, "GPS_TIME": "02:11:04pm", "NORTHING": 529304.935, "EASTING": 942607.07, "COMMEMORATIVE": null, "ALIAS_ID": null, "OBJECTID": 8181, "OBSERVATI4": null}}, {"type": "Feature", "id": 8233, "geometry": {"type": "Point", "coordinates": [-80.12904293808015, 25.78669654786791]}, "properties": {"POINT_ID": 39934, "TREE_SPECI": "Date Palm", "SCI_NAME": "Phoenix dactylifera", "DBH": 17, "MULTI_TRUN": "No", "CONDITION": "Fair", "PRUNING": " ", "RISK_FACTO": "None", "OBSERVATIO": "Discolored Foliage", "OBSERVATI2": " ", "OBSERVATI3": " ", "OVERHEAD_U": "No", "GROWING_SP": "Park", "GPS_DATE": 1503360000000, "GPS_TIME": "03:00:41pm", "NORTHING": 529111.282, "EASTING": 942755.128, "COMMEMORATIVE": null, "ALIAS_ID": null, "OBJECTID": 8233, "OBSERVATI4": null}}, {"type": "Feature", "id": 2531, "geometry": {"type": "Point", "coordinates": [-80.13571783644257, 25.795025301336914]}, "properties": {"POINT_ID": 34232, "TREE_SPECI": "Jamaica Caper", "SCI_NAME": "Capparis cynophallophora", "DBH": 8, "MULTI_TRUN": "Yes", "CONDITION": "Good", "PRUNING": " ", "RISK_FACTO": "None", "OBSERVATIO": " ", "OBSERVATI2": " ", "OBSERVATI3": " ", "OVERHEAD_U": "No", "GROWING_SP": "Park", "GPS_DATE": 1497916800000, "GPS_TIME": "09:58:39am", "NORTHING": 532124.071, "EASTING": 940538.786, "COMMEMORATIVE": null, "ALIAS_ID": null, "OBJECTID": 2531, "OBSERVATI4": null}}, {"type": "Feature", "id": 8187, "geometry": {"type": "Point", "coordinates": [-80.1295794660267, 25.786594942013405]}, "properties": {"POINT_ID": 39888, "TREE_SPECI": "Coconut Palm", "SCI_NAME": "Cocos nucifera", "DBH": 9, "MULTI_TRUN": "No", "CONDITION": "Poor", "PRUNING": " ", "RISK_FACTO": "None", "OBSERVATIO": "Discolored Foliage", "OBSERVATI2": "White Fly", "OBSERVATI3": " ", "OVERHEAD_U": "No", "GROWING_SP": "Road/ROW", "GPS_DATE": 1503360000000, "GPS_TIME": "02:15:19pm", "NORTHING": 529073.184, "EASTING": 942578.82, "COMMEMORATIVE": null, "ALIAS_ID": null, "OBJECTID": 8187, "OBSERVATI4": null}}, {"type": "Feature", "id": 2585, "geometry": {"type": "Point", "coordinates": [-80.13582021841064, 25.795142196777928]}, "properties": {"POINT_ID": 34286, "TREE_SPECI": "Cabbage Palm", "SCI_NAME": "Sabal palmetto", "DBH": 10, "MULTI_TRUN": "No", "CONDITION": "Good", "PRUNING": " ", "RISK_FACTO": "None", "OBSERVATIO": " ", "OBSERVATI2": " ", "OBSERVATI3": " ", "OVERHEAD_U": "No", "GROWING_SP": "Park", "GPS_DATE": 1497916800000, "GPS_TIME": "12:07:05pm", "NORTHING": 532166.338, "EASTING": 940504.819, "COMMEMORATIVE": null, "ALIAS_ID": null, "OBJECTID": 2585, "OBSERVATI4": null}}, {"type": "Feature", "id": 29936, "geometry": {"type": "Point", "coordinates": [-80.14116175222767, 25.795326615794103]}, "properties": {"POINT_ID": 25515, "TREE_SPECI": "Solitaire Palm", "SCI_NAME": null, "DBH": 9, "MULTI_TRUN": "Yes", "CONDITION": "Good", "PRUNING": " ", "RISK_FACTO": "None", "OBSERVATIO": " ", "OBSERVATI2": " ", "OBSERVATI3": " ", "OVERHEAD_U": "No", "GROWING_SP": "Median", "GPS_DATE": 1453161600000, "GPS_TIME": "09:15:12am", "NORTHING": 532221.868, "EASTING": 938746.798, "COMMEMORATIVE": "N", "ALIAS_ID": null, "OBJECTID": 29936, "OBSERVATI4": null}}, {"type": "Feature", "id": 6375, "geometry": {"type": "Point", "coordinates": [-80.14098090129202, 25.786522550946042]}, "properties": {"POINT_ID": 38076, "TREE_SPECI": "Montgomery Palm", "SCI_NAME": "Veitchia montgomeryana", "DBH": 8, "MULTI_TRUN": "No", "CONDITION": "Fair", "PRUNING": " ", "RISK_FACTO": "None", "OBSERVATIO": "Tapered Trunk", "OBSERVATI2": " ", "OBSERVATI3": " ", "OVERHEAD_U": "No", "GROWING_SP": "Road/ROW", "GPS_DATE": 1501804800000, "GPS_TIME": "09:04:32am", "NORTHING": 529022.238, "EASTING": 938827.181, "COMMEMORATIVE": null, "ALIAS_ID": null, "OBJECTID": 6375, "OBSERVATI4": null}}, {"type": "Feature", "id": 8390, "geometry": {"type": "Point", "coordinates": [-80.12927413516294, 25.785519037678576]}, "properties": {"POINT_ID": 40091, "TREE_SPECI": "Coconut Palm", "SCI_NAME": "Cocos nucifera", "DBH": 10, "MULTI_TRUN": "No", "CONDITION": "Good", "PRUNING": " ", "RISK_FACTO": "None", "OBSERVATIO": " ", "OBSERVATI2": " ", "OBSERVATI3": " ", "OVERHEAD_U": "No", "GROWING_SP": "Park", "GPS_DATE": 1503446400000, "GPS_TIME": "10:46:35am", "NORTHING": 528682.788, "EASTING": 942681.879, "COMMEMORATIVE": null, "ALIAS_ID": null, "OBJECTID": 8390, "OBSERVATI4": null}}, {"type": "Feature", "id": 8244, "geometry": {"type": "Point", "coordinates": [-80.12891031883221, 25.78660074555627]}, "properties": {"POINT_ID": 39945, "TREE_SPECI": "Cabbage Palm", "SCI_NAME": "Sabal palmetto", "DBH": 12, "MULTI_TRUN": "No", "CONDITION": "Fair", "PRUNING": " ", "RISK_FACTO": "None", "OBSERVATIO": "Discolored Foliage", "OBSERVATI2": " ", "OBSERVATI3": " ", "OVERHEAD_U": "No", "GROWING_SP": "Park", "GPS_DATE": 1503360000000, "GPS_TIME": "03:06:29pm", "NORTHING": 529076.749, "EASTING": 942798.999, "COMMEMORATIVE": null, "ALIAS_ID": null, "OBJECTID": 8244, "OBSERVATI4": null}}, {"type": "Feature", "id": 29976, "geometry": {"type": "Point", "coordinates": [-80.14122727359931, 25.794039287881557]}, "properties": {"POINT_ID": 25555, "TREE_SPECI": "Copperpod", "SCI_NAME": null, "DBH": 2, "MULTI_TRUN": "No", "CONDITION": "Good", "PRUNING": " ", "RISK_FACTO": "None", "OBSERVATIO": "Support - Needed", "OBSERVATI2": " ", "OBSERVATI3": " ", "OVERHEAD_U": "No", "GROWING_SP": "ROW/Swale", "GPS_DATE": 1453161600000, "GPS_TIME": "09:51:21am", "NORTHING": 531753.821, "EASTING": 938728.291, "COMMEMORATIVE": "N", "ALIAS_ID": null, "OBJECTID": 29976, "OBSERVATI4": null}}, {"type": "Feature", "id": 8333, "geometry": {"type": "Point", "coordinates": [-80.1291648856129, 25.7862017938357]}, "properties": {"POINT_ID": 40034, "TREE_SPECI": "Coconut Palm", "SCI_NAME": "Cocos nucifera", "DBH": 13, "MULTI_TRUN": "No", "CONDITION": "Good", "PRUNING": " ", "RISK_FACTO": "None", "OBSERVATIO": " ", "OBSERVATI2": " ", "OBSERVATI3": " ", "OVERHEAD_U": "No", "GROWING_SP": "Park", "GPS_DATE": 1503446400000, "GPS_TIME": "10:21:55am", "NORTHING": 528931.188, "EASTING": 942716.189, "COMMEMORATIVE": null, "ALIAS_ID": null, "OBJECTID": 8333, "OBSERVATI4": null}}, {"type": "Feature", "id": 6266, "geometry": {"type": "Point", "coordinates": [-80.13976525439527, 25.785382598599757]}, "properties": {"POINT_ID": 37967, "TREE_SPECI": "Mahogany", "SCI_NAME": "Swietenia mahagoni", "DBH": 4, "MULTI_TRUN": "No", "CONDITION": "Good", "PRUNING": " ", "RISK_FACTO": "None", "OBSERVATIO": " ", "OBSERVATI2": " ", "OBSERVATI3": " ", "OVERHEAD_U": "No", "GROWING_SP": "Road/ROW", "GPS_DATE": 1501718400000, "GPS_TIME": "01:07:23pm", "NORTHING": 528610.51, "EASTING": 939229.914, "COMMEMORATIVE": null, "ALIAS_ID": null, "OBJECTID": 6266, "OBSERVATI4": null}}, {"type": "Feature", "id": 9275, "geometry": {"type": "Point", "coordinates": [-80.14070888357541, 25.778050295919734]}, "properties": {"POINT_ID": 40976, "TREE_SPECI": "Yellow Poinciana", "SCI_NAME": "Peltophorum pterocarpum", "DBH": 3, "MULTI_TRUN": "No", "CONDITION": "Fair", "PRUNING": " ", "RISK_FACTO": "None", "OBSERVATIO": "Co-Dominant Leaders", "OBSERVATI2": "Leader - Bent", "OBSERVATI3": "Lopsided Canopy", "OVERHEAD_U": "No", "GROWING_SP": "Road/ROW", "GPS_DATE": 1503878400000, "GPS_TIME": "08:06:26am", "NORTHING": 525943.41, "EASTING": 938936.782, "COMMEMORATIVE": null, "ALIAS_ID": null, "OBJECTID": 9275, "OBSERVATI4": null}}, {"type": "Feature", "id": 3126, "geometry": {"type": "Point", "coordinates": [-80.13607581230195, 25.79576793203381]}, "properties": {"POINT_ID": 34827, "TREE_SPECI": "Solitaire Palm", "SCI_NAME": "Ptychosperma elegans", "DBH": 3, "MULTI_TRUN": "No", "CONDITION": "Good", "PRUNING": " ", "RISK_FACTO": "None", "OBSERVATIO": " ", "OBSERVATI2": " ", "OBSERVATI3": " ", "OVERHEAD_U": "No", "GROWING_SP": "Park", "GPS_DATE": 1493164800000, "GPS_TIME": "12:42:18pm", "NORTHING": 532393.222, "EASTING": 940419.225, "COMMEMORATIVE": null, "ALIAS_ID": null, "OBJECTID": 3126, "OBSERVATI4": null}}, {"type": "Feature", "id": 2631, "geometry": {"type": "Point", "coordinates": [-80.13569050750284, 25.795293384416023]}, "properties": {"POINT_ID": 34332, "TREE_SPECI": "Solitaire Palm", "SCI_NAME": "Ptychosperma elegans", "DBH": 2, "MULTI_TRUN": "No", "CONDITION": "Good", "PRUNING": " ", "RISK_FACTO": "None", "OBSERVATIO": "Leaning - Minor", "OBSERVATI2": " ", "OBSERVATI3": " ", "OVERHEAD_U": "No", "GROWING_SP": "Park", "GPS_DATE": 1497916800000, "GPS_TIME": "01:42:52pm", "NORTHING": 532221.57, "EASTING": 940547.138, "COMMEMORATIVE": null, "ALIAS_ID": null, "OBJECTID": 2631, "OBSERVATI4": null}}, {"type": "Feature", "id": 2385, "geometry": {"type": "Point", "coordinates": [-80.13574403966369, 25.79603900738996]}, "properties": {"POINT_ID": 34086, "TREE_SPECI": "Mast Tree", "SCI_NAME": "Polyalthia longifolia", "DBH": 5, "MULTI_TRUN": "No", "CONDITION": "Good", "PRUNING": " ", "RISK_FACTO": "None", "OBSERVATIO": " ", "OBSERVATI2": " ", "OBSERVATI3": " ", "OVERHEAD_U": "No", "GROWING_SP": "Park", "GPS_DATE": 1498608000000, "GPS_TIME": "10:19:01am", "NORTHING": 532492.467, "EASTING": 940527.745, "COMMEMORATIVE": null, "ALIAS_ID": null, "OBJECTID": 2385, "OBSERVATI4": null}}, {"type": "Feature", "id": 30763, "geometry": {"type": "Point", "coordinates": [-80.13819150556988, 25.797923228470868]}, "properties": {"POINT_ID": 29825, "TREE_SPECI": "Pigeon Plum", "SCI_NAME": null, "DBH": 6, "MULTI_TRUN": "No", "CONDITION": "Poor", "PRUNING": " ", "RISK_FACTO": "None", "OBSERVATIO": "Defoliated - Moderate", "OBSERVATI2": "Discolored Foliage", "OBSERVATI3": "Leaning - Moderate", "OVERHEAD_U": "No", "GROWING_SP": "Golf Course", "GPS_DATE": 1460937600000, "GPS_TIME": "10:00:03am", "NORTHING": 533172.048, "EASTING": 939717.951, "COMMEMORATIVE": "N", "ALIAS_ID": null, "OBJECTID": 30763, "OBSERVATI4": null}}, {"type": "Feature", "id": 8290, "geometry": {"type": "Point", "coordinates": [-80.12890776951387, 25.786442299006854]}, "properties": {"POINT_ID": 39991, "TREE_SPECI": "Coconut Palm", "SCI_NAME": "Cocos nucifera", "DBH": 9, "MULTI_TRUN": "No", "CONDITION": "Fair", "PRUNING": " ", "RISK_FACTO": "None", "OBSERVATIO": "Discolored Foliage", "OBSERVATI2": " ", "OBSERVATI3": " ", "OVERHEAD_U": "No", "GROWING_SP": "Park", "GPS_DATE": 1503446400000, "GPS_TIME": "10:05:01am", "NORTHING": 529019.164, "EASTING": 942800.219, "COMMEMORATIVE": null, "ALIAS_ID": null, "OBJECTID": 8290, "OBSERVATI4": null}}, {"type": "Feature", "id": 5634, "geometry": {"type": "Point", "coordinates": [-80.12977521226807, 25.7926802410424]}, "properties": {"POINT_ID": 37335, "TREE_SPECI": "Coconut Palm", "SCI_NAME": "Cocos nucifera", "DBH": 8, "MULTI_TRUN": "No", "CONDITION": "Fair", "PRUNING": " ", "RISK_FACTO": "None", "OBSERVATIO": "Discolored Foliage", "OBSERVATI2": " ", "OBSERVATI3": " ", "OVERHEAD_U": "No", "GROWING_SP": "Road/ROW", "GPS_DATE": 1502841600000, "GPS_TIME": "10:43:00am", "NORTHING": 531284.589, "EASTING": 942499.79, "COMMEMORATIVE": null, "ALIAS_ID": null, "OBJECTID": 5634, "OBSERVATI4": null}}, {"type": "Feature", "id": 29930, "geometry": {"type": "Point", "coordinates": [-80.14128637493972, 25.7952018937133]}, "properties": {"POINT_ID": 25509, "TREE_SPECI": "Royal Palm", "SCI_NAME": null, "DBH": 18, "MULTI_TRUN": "No", "CONDITION": "Good", "PRUNING": " ", "RISK_FACTO": "None", "OBSERVATIO": " ", "OBSERVATI2": " ", "OBSERVATI3": " ", "OVERHEAD_U": "No", "GROWING_SP": "Median", "GPS_DATE": 1453161600000, "GPS_TIME": "09:11:58am", "NORTHING": 532176.267, "EASTING": 938706.088, "COMMEMORATIVE": "N", "ALIAS_ID": null, "OBJECTID": 29930, "OBSERVATI4": null}}, {"type": "Feature", "id": 28848, "geometry": {"type": "Point", "coordinates": [-80.13922592796581, 25.79916086048248]}, "properties": {"POINT_ID": 24427, "TREE_SPECI": "Pygmy Date Palm", "SCI_NAME": null, "DBH": 10, "MULTI_TRUN": "Yes", "CONDITION": "Good", "PRUNING": " ", "RISK_FACTO": "None", "OBSERVATIO": "Utility Lines Above", "OBSERVATI2": " ", "OBSERVATI3": " ", "OVERHEAD_U": "Yes", "GROWING_SP": "ROW/Swale", "GPS_DATE": 1452211200000, "GPS_TIME": "12:00:40pm", "NORTHING": 533619.664, "EASTING": 939374.65, "COMMEMORATIVE": "N", "ALIAS_ID": null, "OBJECTID": 28848, "OBSERVATI4": null}}, {"type": "Feature", "id": 30517, "geometry": {"type": "Point", "coordinates": [-80.13901063508192, 25.79550896623843]}, "properties": {"POINT_ID": 29575, "TREE_SPECI": "Chinese Fan Palm", "SCI_NAME": null, "DBH": 6, "MULTI_TRUN": "No", "CONDITION": "Good", "PRUNING": " ", "RISK_FACTO": "None", "OBSERVATIO": "Trunk Damage - Moderate", "OBSERVATI2": " ", "OBSERVATI3": " ", "OVERHEAD_U": "No", "GROWING_SP": "Golf Course", "GPS_DATE": 1460419200000, "GPS_TIME": "10:47:55am", "NORTHING": 532292.77, "EASTING": 939454.169, "COMMEMORATIVE": "N", "ALIAS_ID": null, "OBJECTID": 30517, "OBSERVATI4": null}}, {"type": "Feature", "id": 6369, "geometry": {"type": "Point", "coordinates": [-80.14096067288747, 25.786058950451284]}, "properties": {"POINT_ID": 38070, "TREE_SPECI": "Live Oak", "SCI_NAME": "Quercus virginiana", "DBH": 5, "MULTI_TRUN": "No", "CONDITION": "Good", "PRUNING": " ", "RISK_FACTO": "None", "OBSERVATIO": " ", "OBSERVATI2": " ", "OBSERVATI3": " ", "OVERHEAD_U": "No", "GROWING_SP": "Road/ROW", "GPS_DATE": 1501804800000, "GPS_TIME": "08:58:05am", "NORTHING": 528853.776, "EASTING": 938834.937, "COMMEMORATIVE": null, "ALIAS_ID": null, "OBJECTID": 6369, "OBSERVATI4": null}}, {"type": "Feature", "id": 6713, "geometry": {"type": "Point", "coordinates": [-80.14058392702856, 25.78248138746282]}, "properties": {"POINT_ID": 38414, "TREE_SPECI": "Live Oak", "SCI_NAME": "Quercus virginiana", "DBH": 13, "MULTI_TRUN": "No", "CONDITION": "Good", "PRUNING": " ", "RISK_FACTO": "None", "OBSERVATIO": " ", "OBSERVATI2": " ", "OBSERVATI3": " ", "OVERHEAD_U": "No", "GROWING_SP": "Park", "GPS_DATE": 1502236800000, "GPS_TIME": "11:49:05am", "NORTHING": 527554.247, "EASTING": 938967.396, "COMMEMORATIVE": null, "ALIAS_ID": null, "OBJECTID": 6713, "OBSERVATI4": null}}, {"type": "Feature", "id": 10010, "geometry": {"type": "Point", "coordinates": [-80.13330061225561, 25.77784745732444]}, "properties": {"POINT_ID": 41711, "TREE_SPECI": "Coconut Palm", "SCI_NAME": "Cocos nucifera", "DBH": 9, "MULTI_TRUN": "No", "CONDITION": "Good", "PRUNING": " ", "RISK_FACTO": "None", "OBSERVATIO": " ", "OBSERVATI2": " ", "OBSERVATI3": " ", "OVERHEAD_U": "No", "GROWING_SP": "Road/ROW", "GPS_DATE": 1503964800000, "GPS_TIME": "02:15:07pm", "NORTHING": 525885.655, "EASTING": 941375.242, "COMMEMORATIVE": null, "ALIAS_ID": null, "OBJECTID": 10010, "OBSERVATI4": null}}, {"type": "Feature", "id": 5141, "geometry": {"type": "Point", "coordinates": [-80.12731043628843, 25.796349240725572]}, "properties": {"POINT_ID": 36842, "TREE_SPECI": "Florida Thatch Palm", "SCI_NAME": "Thrinax radiata", "DBH": 4, "MULTI_TRUN": "No", "CONDITION": "Fair", "PRUNING": " ", "RISK_FACTO": "None", "OBSERVATIO": "Discolored Foliage", "OBSERVATI2": " ", "OBSERVATI3": " ", "OVERHEAD_U": "No", "GROWING_SP": "Park", "GPS_DATE": 1499731200000, "GPS_TIME": "11:06:07am", "NORTHING": 532623.534, "EASTING": 943301.981, "COMMEMORATIVE": null, "ALIAS_ID": null, "OBJECTID": 5141, "OBSERVATI4": null}}, {"type": "Feature", "id": 5239, "geometry": {"type": "Point", "coordinates": [-80.12703057149791, 25.79591953820553]}, "properties": {"POINT_ID": 36940, "TREE_SPECI": "Cabbage Palm", "SCI_NAME": "Sabal palmetto", "DBH": 16, "MULTI_TRUN": "No", "CONDITION": "Good", "PRUNING": " ", "RISK_FACTO": "None", "OBSERVATIO": " ", "OBSERVATI2": " ", "OBSERVATI3": " ", "OVERHEAD_U": "No", "GROWING_SP": "Park", "GPS_DATE": 1499731200000, "GPS_TIME": "12:53:31pm", "NORTHING": 532467.959, "EASTING": 943395.103, "COMMEMORATIVE": null, "ALIAS_ID": null, "OBJECTID": 5239, "OBSERVATI4": null}}, {"type": "Feature", "id": 5780, "geometry": {"type": "Point", "coordinates": [-80.12740527490756, 25.792464899647058]}, "properties": {"POINT_ID": 37481, "TREE_SPECI": "Coconut Palm", "SCI_NAME": "Cocos nucifera", "DBH": 11, "MULTI_TRUN": "No", "CONDITION": "Fair", "PRUNING": " ", "RISK_FACTO": "None", "OBSERVATIO": "Discolored Foliage", "OBSERVATI2": " ", "OBSERVATI3": " ", "OVERHEAD_U": "No", "GROWING_SP": "Park", "GPS_DATE": 1502841600000, "GPS_TIME": "01:17:07pm", "NORTHING": 531211.479, "EASTING": 943280.132, "COMMEMORATIVE": null, "ALIAS_ID": null, "OBJECTID": 5780, "OBSERVATI4": null}}, {"type": "Feature", "id": 5682, "geometry": {"type": "Point", "coordinates": [-80.12714379815105, 25.79414609869716]}, "properties": {"POINT_ID": 37383, "TREE_SPECI": "Coconut Palm", "SCI_NAME": "Cocos nucifera", "DBH": 10, "MULTI_TRUN": "No", "CONDITION": "Poor", "PRUNING": " ", "RISK_FACTO": "None", "OBSERVATIO": "Discolored Foliage", "OBSERVATI2": " ", "OBSERVATI3": " ", "OVERHEAD_U": "No", "GROWING_SP": "Park", "GPS_DATE": 1502841600000, "GPS_TIME": "11:14:08am", "NORTHING": 531823.117, "EASTING": 943362.12, "COMMEMORATIVE": null, "ALIAS_ID": null, "OBJECTID": 5682, "OBSERVATI4": null}}, {"type": "Feature", "id": 4600, "geometry": {"type": "Point", "coordinates": [-80.12834022024748, 25.797748480602877]}, "properties": {"POINT_ID": 36301, "TREE_SPECI": "Coconut Palm", "SCI_NAME": "Cocos nucifera", "DBH": 9, "MULTI_TRUN": "No", "CONDITION": "Good", "PRUNING": " ", "RISK_FACTO": "None", "OBSERVATIO": "Discolored Foliage", "OBSERVATI2": " ", "OBSERVATI3": " ", "OVERHEAD_U": "No", "GROWING_SP": "Road/ROW", "GPS_DATE": 1496707200000, "GPS_TIME": "03:35:27pm", "NORTHING": 533129.873, "EASTING": 942959.775, "COMMEMORATIVE": null, "ALIAS_ID": null, "OBJECTID": 4600, "OBSERVATI4": null}}, {"type": "Feature", "id": 7600, "geometry": {"type": "Point", "coordinates": [-80.13295039775471, 25.787060728283482]}, "properties": {"POINT_ID": 39301, "TREE_SPECI": "Vera Wood", "SCI_NAME": "Bulnesia arboria", "DBH": 5, "MULTI_TRUN": "No", "CONDITION": "Fair", "PRUNING": " ", "RISK_FACTO": "None", "OBSERVATIO": "Reduced Canopy - Moderate", "OBSERVATI2": " ", "OBSERVATI3": " ", "OVERHEAD_U": "No", "GROWING_SP": "Road/ROW", "GPS_DATE": 1503273600000, "GPS_TIME": "09:58:32am", "NORTHING": 529235.166, "EASTING": 941468.45, "COMMEMORATIVE": null, "ALIAS_ID": null, "OBJECTID": 7600, "OBSERVATI4": null}}, {"type": "Feature", "id": 7649, "geometry": {"type": "Point", "coordinates": [-80.13283516593499, 25.784571605985587]}, "properties": {"POINT_ID": 39350, "TREE_SPECI": "Pink Tabebuia", "SCI_NAME": "Tabebuia heterophylla", "DBH": 14, "MULTI_TRUN": "No", "CONDITION": "Poor", "PRUNING": "Structure Pruning", "RISK_FACTO": "None", "OBSERVATIO": "Poor Structure/Low Multi Trunk", "OBSERVATI2": "Co-Dominant Leaders", "OBSERVATI3": "Lopsided Canopy", "OVERHEAD_U": "No", "GROWING_SP": "Road/ROW", "GPS_DATE": 1503273600000, "GPS_TIME": "11:25:51am", "NORTHING": 528330.693, "EASTING": 941512.325, "COMMEMORATIVE": null, "ALIAS_ID": null, "OBJECTID": 7649, "OBSERVATI4": null}}, {"type": "Feature", "id": 8682, "geometry": {"type": "Point", "coordinates": [-80.13252419337202, 25.782551904806052]}, "properties": {"POINT_ID": 40383, "TREE_SPECI": "Montgomery Palm", "SCI_NAME": "Veitchia montgomeryana", "DBH": 8, "MULTI_TRUN": "No", "CONDITION": "Good", "PRUNING": " ", "RISK_FACTO": "None", "OBSERVATIO": " ", "OBSERVATI2": " ", "OBSERVATI3": " ", "OVERHEAD_U": "No", "GROWING_SP": "Road/ROW", "GPS_DATE": 1503964800000, "GPS_TIME": "10:49:59am", "NORTHING": 527597.264, "EASTING": 941619.492, "COMMEMORATIVE": null, "ALIAS_ID": null, "OBJECTID": 8682, "OBSERVATI4": null}}, {"type": "Feature", "id": 9764, "geometry": {"type": "Point", "coordinates": [-80.13286192671457, 25.77995254916976]}, "properties": {"POINT_ID": 41465, "TREE_SPECI": "Coconut Palm", "SCI_NAME": "Cocos nucifera", "DBH": 8, "MULTI_TRUN": "No", "CONDITION": "Good", "PRUNING": " ", "RISK_FACTO": "None", "OBSERVATIO": " ", "OBSERVATI2": " ", "OBSERVATI3": " ", "OVERHEAD_U": "No", "GROWING_SP": "Road/ROW", "GPS_DATE": 1503964800000, "GPS_TIME": "09:33:38am", "NORTHING": 526651.743, "EASTING": 941514.572, "COMMEMORATIVE": null, "ALIAS_ID": null, "OBJECTID": 9764, "OBSERVATI4": null}}, {"type": "Feature", "id": 7108, "geometry": {"type": "Point", "coordinates": [-80.13657455941193, 25.784004678903916]}, "properties": {"POINT_ID": 38809, "TREE_SPECI": "Pitch Apple", "SCI_NAME": "Clusia rosea", "DBH": 12, "MULTI_TRUN": "Yes", "CONDITION": "Good", "PRUNING": " ", "RISK_FACTO": "None", "OBSERVATIO": " ", "OBSERVATI2": " ", "OBSERVATI3": " ", "OVERHEAD_U": "No", "GROWING_SP": "Park", "GPS_DATE": 1502841600000, "GPS_TIME": "10:38:48am", "NORTHING": 528116.547, "EASTING": 940283.153, "COMMEMORATIVE": null, "ALIAS_ID": null, "OBJECTID": 7108, "OBSERVATI4": null}}, {"type": "Feature", "id": 6813, "geometry": {"type": "Point", "coordinates": [-80.13772761434892, 25.78243671037151]}, "properties": {"POINT_ID": 38514, "TREE_SPECI": "Gumbo Limbo", "SCI_NAME": "Bursera simaruba", "DBH": 12, "MULTI_TRUN": "No", "CONDITION": "Fair", "PRUNING": " ", "RISK_FACTO": "None", "OBSERVATIO": "Constricted Roots", "OBSERVATI2": "Co-Dominant Leaders", "OBSERVATI3": " ", "OVERHEAD_U": "No", "GROWING_SP": "Park", "GPS_DATE": 1502236800000, "GPS_TIME": "01:21:11pm", "NORTHING": 527544.151, "EASTING": 939907.446, "COMMEMORATIVE": null, "ALIAS_ID": null, "OBJECTID": 6813, "OBSERVATI4": null}}, {"type": "Feature", "id": 2485, "geometry": {"type": "Point", "coordinates": [-80.13541868780851, 25.795982546904764]}, "properties": {"POINT_ID": 34186, "TREE_SPECI": "Solitaire Palm", "SCI_NAME": "Ptychosperma elegans", "DBH": 4, "MULTI_TRUN": "Yes", "CONDITION": "Good", "PRUNING": " ", "RISK_FACTO": "None", "OBSERVATIO": "Cluster", "OBSERVATI2": " ", "OBSERVATI3": " ", "OVERHEAD_U": "No", "GROWING_SP": "Park", "GPS_DATE": 1498608000000, "GPS_TIME": "02:18:03pm", "NORTHING": 532472.648, "EASTING": 940634.933, "COMMEMORATIVE": null, "ALIAS_ID": null, "OBJECTID": 2485, "OBSERVATI4": null}}, {"type": "Feature", "id": 2190, "geometry": {"type": "Point", "coordinates": [-80.13533591676004, 25.795810766361985]}, "properties": {"POINT_ID": 33891, "TREE_SPECI": "Ashoka Tree", "SCI_NAME": "Saraca asoca", "DBH": 4, "MULTI_TRUN": "No", "CONDITION": "Fair", "PRUNING": " ", "RISK_FACTO": "None", "OBSERVATIO": "Discolored Foliage", "OBSERVATI2": "Co-Dominant Leaders", "OBSERVATI3": " ", "OVERHEAD_U": "No", "GROWING_SP": "Park", "GPS_DATE": 1499212800000, "GPS_TIME": "10:32:18am", "NORTHING": 532410.39, "EASTING": 940662.578, "COMMEMORATIVE": null, "ALIAS_ID": null, "OBJECTID": 2190, "OBSERVATI4": null}}, {"type": "Feature", "id": 3272, "geometry": {"type": "Point", "coordinates": [-80.1354236154716, 25.792047494683537]}, "properties": {"POINT_ID": 34973, "TREE_SPECI": "Montgomery Palm", "SCI_NAME": "Veitchia montgomeryana", "DBH": 9, "MULTI_TRUN": "No", "CONDITION": "Good", "PRUNING": " ", "RISK_FACTO": "None", "OBSERVATIO": " ", "OBSERVATI2": " ", "OBSERVATI3": " ", "OVERHEAD_U": "No", "GROWING_SP": "Road/ROW", "GPS_DATE": 1494374400000, "GPS_TIME": "09:44:52am", "NORTHING": 531042.36, "EASTING": 940642.704, "COMMEMORATIVE": null, "ALIAS_ID": null, "OBJECTID": 3272, "OBSERVATI4": null}}, {"type": "Feature", "id": 3518, "geometry": {"type": "Point", "coordinates": [-80.13411933253722, 25.792720863985725]}, "properties": {"POINT_ID": 35219, "TREE_SPECI": "Coccothrinax sp.", "SCI_NAME": "Coccothrinax sp.", "DBH": 5, "MULTI_TRUN": "No", "CONDITION": "Fair", "PRUNING": " ", "RISK_FACTO": "None", "OBSERVATIO": "Discolored Foliage", "OBSERVATI2": " ", "OBSERVATI3": " ", "OVERHEAD_U": "No", "GROWING_SP": "Government", "GPS_DATE": 1495497600000, "GPS_TIME": "01:47:15pm", "NORTHING": 531289.93, "EASTING": 941070.268, "COMMEMORATIVE": null, "ALIAS_ID": null, "OBJECTID": 3518, "OBSERVATI4": null}}, {"type": "Feature", "id": 3813, "geometry": {"type": "Point", "coordinates": [-80.13258200983982, 25.79213273628714]}, "properties": {"POINT_ID": 35514, "TREE_SPECI": "Montgomery Palm", "SCI_NAME": "Veitchia montgomeryana", "DBH": 8, "MULTI_TRUN": "No", "CONDITION": "Fair", "PRUNING": " ", "RISK_FACTO": "None", "OBSERVATIO": "Discolored Foliage", "OBSERVATI2": " ", "OBSERVATI3": " ", "OVERHEAD_U": "No", "GROWING_SP": "Park", "GPS_DATE": 1494374400000, "GPS_TIME": "11:23:23am", "NORTHING": 531079.492, "EASTING": 941577.529, "COMMEMORATIVE": null, "ALIAS_ID": null, "OBJECTID": 3813, "OBSERVATI4": null}}, {"type": "Feature", "id": 4059, "geometry": {"type": "Point", "coordinates": [-80.13234638459146, 25.791694149225183]}, "properties": {"POINT_ID": 35760, "TREE_SPECI": "Montgomery Palm", "SCI_NAME": "Veitchia montgomeryana", "DBH": 16, "MULTI_TRUN": "Yes", "CONDITION": "Good", "PRUNING": " ", "RISK_FACTO": "None", "OBSERVATIO": "Discolored Foliage", "OBSERVATI2": " ", "OBSERVATI3": " ", "OVERHEAD_U": "No", "GROWING_SP": "Park", "GPS_DATE": 1494374400000, "GPS_TIME": "02:08:33pm", "NORTHING": 530920.589, "EASTING": 941656.112, "COMMEMORATIVE": null, "ALIAS_ID": null, "OBJECTID": 4059, "OBSERVATI4": null}}, {"type": "Feature", "id": 10551, "geometry": {"type": "Point", "coordinates": [-80.13018887890551, 25.77954311349304]}, "properties": {"POINT_ID": 42252, "TREE_SPECI": "Sea Grape", "SCI_NAME": "Coccoloba uvifera", "DBH": 4, "MULTI_TRUN": "No", "CONDITION": "Good", "PRUNING": " ", "RISK_FACTO": "None", "OBSERVATIO": " ", "OBSERVATI2": " ", "OBSERVATI3": " ", "OVERHEAD_U": "No", "GROWING_SP": "Park", "GPS_DATE": 1503446400000, "GPS_TIME": "02:07:19pm", "NORTHING": 526508.725, "EASTING": 942395.21, "COMMEMORATIVE": null, "ALIAS_ID": null, "OBJECTID": 10551, "OBSERVATI4": null}}, {"type": "Feature", "id": 8928, "geometry": {"type": "Point", "coordinates": [-80.12943110952635, 25.78279483522689]}, "properties": {"POINT_ID": 40629, "TREE_SPECI": "Coconut Palm", "SCI_NAME": "Cocos nucifera", "DBH": 10, "MULTI_TRUN": "No", "CONDITION": "Fair", "PRUNING": " ", "RISK_FACTO": "None", "OBSERVATIO": "Discolored Foliage", "OBSERVATI2": " ", "OBSERVATI3": " ", "OVERHEAD_U": "No", "GROWING_SP": "Park", "GPS_DATE": 1503446400000, "GPS_TIME": "11:56:10am", "NORTHING": 527692.278, "EASTING": 942636.769, "COMMEMORATIVE": null, "ALIAS_ID": null, "OBJECTID": 8928, "OBSERVATI4": null}}, {"type": "Feature", "id": 7895, "geometry": {"type": "Point", "coordinates": [-80.13210305833472, 25.784382902056418]}, "properties": {"POINT_ID": 39596, "TREE_SPECI": "Coconut Palm", "SCI_NAME": "Cocos nucifera", "DBH": 8, "MULTI_TRUN": "No", "CONDITION": "Good", "PRUNING": " ", "RISK_FACTO": "None", "OBSERVATIO": "White Fly", "OBSERVATI2": " ", "OBSERVATI3": " ", "OVERHEAD_U": "No", "GROWING_SP": "Road/ROW", "GPS_DATE": 1503360000000, "GPS_TIME": "09:10:40am", "NORTHING": 528263.691, "EASTING": 941753.692, "COMMEMORATIVE": null, "ALIAS_ID": null, "OBJECTID": 7895, "OBSERVATI4": null}}, {"type": "Feature", "id": 29289, "geometry": {"type": "Point", "coordinates": [-80.13341385869852, 25.800500521398572]}, "properties": {"POINT_ID": 24868, "TREE_SPECI": "Live Oak", "SCI_NAME": null, "DBH": 2, "MULTI_TRUN": "No", "CONDITION": "Fair", "PRUNING": " ", "RISK_FACTO": "None", "OBSERVATIO": "Defoliated - Moderate", "OBSERVATI2": " ", "OBSERVATI3": " ", "OVERHEAD_U": "No", "GROWING_SP": "ROW/Swale", "GPS_DATE": 1452556800000, "GPS_TIME": "02:16:18pm", "NORTHING": 534119.14, "EASTING": 941283.79, "COMMEMORATIVE": "N", "ALIAS_ID": null, "OBJECTID": 29289, "OBSERVATI4": null}}, {"type": "Feature", "id": 31158, "geometry": {"type": "Point", "coordinates": [-80.13614653092628, 25.799212266534518]}, "properties": {"POINT_ID": 30221, "TREE_SPECI": "Cabbage Palm", "SCI_NAME": null, "DBH": 12, "MULTI_TRUN": "No", "CONDITION": "Good", "PRUNING": " ", "RISK_FACTO": "None", "OBSERVATIO": " ", "OBSERVATI2": " ", "OBSERVATI3": " ", "OVERHEAD_U": "No", "GROWING_SP": "Golf Course", "GPS_DATE": 1461110400000, "GPS_TIME": "09:31:56am", "NORTHING": 533644.986, "EASTING": 940387.741, "COMMEMORATIVE": "N", "ALIAS_ID": null, "OBJECTID": 31158, "OBSERVATI4": null}}, {"type": "Feature", "id": 30863, "geometry": {"type": "Point", "coordinates": [-80.13782743156123, 25.798939547323318]}, "properties": {"POINT_ID": 29926, "TREE_SPECI": "Royal Poinciana", "SCI_NAME": null, "DBH": 24, "MULTI_TRUN": "No", "CONDITION": "Good", "PRUNING": " ", "RISK_FACTO": "None", "OBSERVATIO": "Co-Dominant Leaders", "OBSERVATI2": " ", "OBSERVATI3": " ", "OVERHEAD_U": "No", "GROWING_SP": "Golf Course", "GPS_DATE": 1460937600000, "GPS_TIME": "12:01:42pm", "NORTHING": 533542.234, "EASTING": 939835.324, "COMMEMORATIVE": "N", "ALIAS_ID": null, "OBJECTID": 30863, "OBSERVATI4": null}}, {"type": "Feature", "id": 30617, "geometry": {"type": "Point", "coordinates": [-80.13755405283521, 25.79755942442881]}, "properties": {"POINT_ID": 29675, "TREE_SPECI": "Brazilian Pepper", "SCI_NAME": null, "DBH": 60, "MULTI_TRUN": "Yes", "CONDITION": "Good", "PRUNING": " ", "RISK_FACTO": "None", "OBSERVATIO": " ", "OBSERVATI2": " ", "OBSERVATI3": " ", "OVERHEAD_U": "No", "GROWING_SP": "Golf Course", "GPS_DATE": 1460419200000, "GPS_TIME": "12:57:53pm", "NORTHING": 533041.189, "EASTING": 939928.56, "COMMEMORATIVE": "N", "ALIAS_ID": null, "OBJECTID": 30617, "OBSERVATI4": null}}, {"type": "Feature", "id": 8141, "geometry": {"type": "Point", "coordinates": [-80.12814302439202, 25.78798239425817]}, "properties": {"POINT_ID": 39842, "TREE_SPECI": "Coconut Palm", "SCI_NAME": "Cocos nucifera", "DBH": 8, "MULTI_TRUN": "No", "CONDITION": "Poor", "PRUNING": " ", "RISK_FACTO": "None", "OBSERVATIO": "Discolored Foliage", "OBSERVATI2": " ", "OBSERVATI3": " ", "OVERHEAD_U": "No", "GROWING_SP": "Park", "GPS_DATE": 1503360000000, "GPS_TIME": "01:41:59pm", "NORTHING": 529580.609, "EASTING": 943048.164, "COMMEMORATIVE": null, "ALIAS_ID": null, "OBJECTID": 8141, "OBSERVATI4": null}}, {"type": "Feature", "id": 4354, "geometry": {"type": "Point", "coordinates": [-80.13201380665774, 25.790777751470085]}, "properties": {"POINT_ID": 36055, "TREE_SPECI": "Washingtonia Palm", "SCI_NAME": "Washingtonia robusta", "DBH": 13, "MULTI_TRUN": "No", "CONDITION": "Good", "PRUNING": " ", "RISK_FACTO": "None", "OBSERVATIO": " ", "OBSERVATI2": " ", "OBSERVATI3": " ", "OVERHEAD_U": "No", "GROWING_SP": "Park", "GPS_DATE": 1494979200000, "GPS_TIME": "02:14:00pm", "NORTHING": 530588.227, "EASTING": 941767.743, "COMMEMORATIVE": null, "ALIAS_ID": null, "OBJECTID": 4354, "OBSERVATI4": null}}, {"type": "Feature", "id": 8436, "geometry": {"type": "Point", "coordinates": [-80.12928041569393, 25.784978998857838]}, "properties": {"POINT_ID": 40137, "TREE_SPECI": "Coconut Palm", "SCI_NAME": "Cocos nucifera", "DBH": 10, "MULTI_TRUN": "No", "CONDITION": "Good", "PRUNING": " ", "RISK_FACTO": "None", "OBSERVATIO": " ", "OBSERVATI2": " ", "OBSERVATI3": " ", "OVERHEAD_U": "No", "GROWING_SP": "Park", "GPS_DATE": 1503446400000, "GPS_TIME": "08:28:42am", "NORTHING": 528486.486, "EASTING": 942681.11, "COMMEMORATIVE": null, "ALIAS_ID": null, "OBJECTID": 8436, "OBSERVATI4": null}}, {"type": "Feature", "id": 7354, "geometry": {"type": "Point", "coordinates": [-80.13656185824658, 25.78623551186079]}, "properties": {"POINT_ID": 39055, "TREE_SPECI": "Australian Pine", "SCI_NAME": "Casuarina equisetifolia", "DBH": 36, "MULTI_TRUN": "No", "CONDITION": "Fair", "PRUNING": " ", "RISK_FACTO": "None", "OBSERVATIO": "Leaning - Minor", "OBSERVATI2": "Reduced Canopy - Minor", "OBSERVATI3": "Co-Dominant Leaders", "OVERHEAD_U": "No", "GROWING_SP": "Park", "GPS_DATE": 1502928000000, "GPS_TIME": "08:29:15am", "NORTHING": 528927.417, "EASTING": 940282.016, "COMMEMORATIVE": null, "ALIAS_ID": null, "OBJECTID": 7354, "OBSERVATI4": null}}, {"type": "Feature", "id": 10649, "geometry": {"type": "Point", "coordinates": [-80.13090109617, 25.778388832913553]}, "properties": {"POINT_ID": 42350, "TREE_SPECI": "Coconut Palm", "SCI_NAME": "Cocos nucifera", "DBH": 12, "MULTI_TRUN": "No", "CONDITION": "Good", "PRUNING": " ", "RISK_FACTO": "None", "OBSERVATIO": " ", "OBSERVATI2": " ", "OBSERVATI3": " ", "OVERHEAD_U": "No", "GROWING_SP": "Park", "GPS_DATE": 1503446400000, "GPS_TIME": "01:28:18pm", "NORTHING": 526087.631, "EASTING": 942163.598, "COMMEMORATIVE": null, "ALIAS_ID": null, "OBJECTID": 10649, "OBSERVATI4": null}}, {"type": "Feature", "id": 1944, "geometry": {"type": "Point", "coordinates": [-80.14028557038678, 25.79053798728944]}, "properties": {"POINT_ID": 33645, "TREE_SPECI": "Bald Cypress", "SCI_NAME": "Taxodium distichum", "DBH": 19, "MULTI_TRUN": "No", "CONDITION": "Good", "PRUNING": " ", "RISK_FACTO": "None", "OBSERVATIO": " ", "OBSERVATI2": " ", "OBSERVATI3": " ", "OVERHEAD_U": "No", "GROWING_SP": "Park", "GPS_DATE": 1494460800000, "GPS_TIME": "10:22:17am", "NORTHING": 530483.223, "EASTING": 939046.462, "COMMEMORATIVE": null, "ALIAS_ID": null, "OBJECTID": 1944, "OBSERVATI4": null}}, {"type": "Feature", "id": 6272, "geometry": {"type": "Point", "coordinates": [-80.13980887061801, 25.786860355532976]}, "properties": {"POINT_ID": 37973, "TREE_SPECI": "Royal Palm", "SCI_NAME": "Roystonea elata", "DBH": 24, "MULTI_TRUN": "No", "CONDITION": "Good", "PRUNING": " ", "RISK_FACTO": "None", "OBSERVATIO": " ", "OBSERVATI2": " ", "OBSERVATI3": " ", "OVERHEAD_U": "No", "GROWING_SP": "Road/ROW", "GPS_DATE": 1501718400000, "GPS_TIME": "01:14:07pm", "NORTHING": 529147.537, "EASTING": 939212.053, "COMMEMORATIVE": null, "ALIAS_ID": null, "OBJECTID": 6272, "OBSERVATI4": null}}, {"type": "Feature", "id": 6321, "geometry": {"type": "Point", "coordinates": [-80.14009390159306, 25.78517129714138]}, "properties": {"POINT_ID": 38022, "TREE_SPECI": "Canary Island Date Palm", "SCI_NAME": "Phoenix canariensis", "DBH": 18, "MULTI_TRUN": "No", "CONDITION": "Good", "PRUNING": " ", "RISK_FACTO": "None", "OBSERVATIO": " ", "OBSERVATI2": " ", "OBSERVATI3": " ", "OVERHEAD_U": "No", "GROWING_SP": "Road/ROW", "GPS_DATE": 1501718400000, "GPS_TIME": "02:19:06pm", "NORTHING": 528533.002, "EASTING": 939122.268, "COMMEMORATIVE": null, "ALIAS_ID": null, "OBJECTID": 6321, "OBSERVATI4": null}}, {"type": "Feature", "id": 8977, "geometry": {"type": "Point", "coordinates": [-80.14104405361284, 25.780748699056637]}, "properties": {"POINT_ID": 40678, "TREE_SPECI": "Pink Tabebuia", "SCI_NAME": "Tabebuia heterophylla", "DBH": 7, "MULTI_TRUN": "No", "CONDITION": "Good", "PRUNING": " ", "RISK_FACTO": "None", "OBSERVATIO": " ", "OBSERVATI2": " ", "OBSERVATI3": " ", "OVERHEAD_U": "No", "GROWING_SP": "Road/ROW", "GPS_DATE": 1502928000000, "GPS_TIME": "12:19:25pm", "NORTHING": 526923.479, "EASTING": 938820.086, "COMMEMORATIVE": null, "ALIAS_ID": null, "OBJECTID": 8977, "OBSERVATI4": null}}, {"type": "Feature", "id": 2731, "geometry": {"type": "Point", "coordinates": [-80.13558793362141, 25.792526780172118]}, "properties": {"POINT_ID": 34432, "TREE_SPECI": "Florida Thatch Palm", "SCI_NAME": "Thrinax radiata", "DBH": 8, "MULTI_TRUN": "Yes", "CONDITION": "Good", "PRUNING": " ", "RISK_FACTO": "None", "OBSERVATIO": "Cluster", "OBSERVATI2": " ", "OBSERVATI3": " ", "OVERHEAD_U": "No", "GROWING_SP": "Government", "GPS_DATE": 1493078400000, "GPS_TIME": "11:13:23am", "NORTHING": 531216.211, "EASTING": 940587.491, "COMMEMORATIVE": null, "ALIAS_ID": null, "OBJECTID": 2731, "OBSERVATI4": null}}, {"type": "Feature", "id": 3026, "geometry": {"type": "Point", "coordinates": [-80.13587664920361, 25.7954928121596]}, "properties": {"POINT_ID": 34727, "TREE_SPECI": "Solitaire Palm", "SCI_NAME": "Ptychosperma elegans", "DBH": 2, "MULTI_TRUN": "No", "CONDITION": "Good", "PRUNING": " ", "RISK_FACTO": "None", "OBSERVATIO": " ", "OBSERVATI2": " ", "OBSERVATI3": " ", "OVERHEAD_U": "No", "GROWING_SP": "Park", "GPS_DATE": 1493164800000, "GPS_TIME": "10:28:51am", "NORTHING": 532293.654, "EASTING": 940485.414, "COMMEMORATIVE": null, "ALIAS_ID": null, "OBJECTID": 3026, "OBSERVATI4": null}}, {"type": "Feature", "id": 4944, "geometry": {"type": "Point", "coordinates": [-80.1285011083966, 25.79677513727394]}, "properties": {"POINT_ID": 36645, "TREE_SPECI": "Coconut Palm", "SCI_NAME": "Cocos nucifera", "DBH": 12, "MULTI_TRUN": "No", "CONDITION": "Good", "PRUNING": " ", "RISK_FACTO": "None", "OBSERVATIO": " ", "OBSERVATI2": " ", "OBSERVATI3": " ", "OVERHEAD_U": "No", "GROWING_SP": "Park", "GPS_DATE": 1499299200000, "GPS_TIME": "01:31:21pm", "NORTHING": 532775.74, "EASTING": 942909.179, "COMMEMORATIVE": null, "ALIAS_ID": null, "OBJECTID": 4944, "OBSERVATI4": null}}, {"type": "Feature", "id": 5485, "geometry": {"type": "Point", "coordinates": [-80.13076690207606, 25.794798050134656]}, "properties": {"POINT_ID": 37186, "TREE_SPECI": "Brazilian Beauty Leaf", "SCI_NAME": "Calophyllum brasiliense", "DBH": 7, "MULTI_TRUN": "No", "CONDITION": "Good", "PRUNING": " ", "RISK_FACTO": "None", "OBSERVATIO": " ", "OBSERVATI2": " ", "OBSERVATI3": " ", "OVERHEAD_U": "No", "GROWING_SP": "Road/ROW", "GPS_DATE": 1502841600000, "GPS_TIME": "08:38:45am", "NORTHING": 532052.196, "EASTING": 942168.394, "COMMEMORATIVE": null, "ALIAS_ID": null, "OBJECTID": 5485, "OBSERVATI4": null}}, {"type": "Feature", "id": 29830, "geometry": {"type": "Point", "coordinates": [-80.12979227978516, 25.800394118607375]}, "properties": {"POINT_ID": 25409, "TREE_SPECI": "Royal Palm", "SCI_NAME": null, "DBH": 19, "MULTI_TRUN": "No", "CONDITION": "Fair", "PRUNING": " ", "RISK_FACTO": "None", "OBSERVATIO": "Frizzled Fronds", "OBSERVATI2": " ", "OBSERVATI3": " ", "OVERHEAD_U": "No", "GROWING_SP": "Median", "GPS_DATE": 1453075200000, "GPS_TIME": "12:25:42pm", "NORTHING": 534088.326, "EASTING": 942475.641, "COMMEMORATIVE": "N", "ALIAS_ID": null, "OBJECTID": 29830, "OBSERVATI4": null}}, {"type": "Feature", "id": 29043, "geometry": {"type": "Point", "coordinates": [-80.13879778406658, 25.79891900602822]}, "properties": {"POINT_ID": 24622, "TREE_SPECI": " ", "SCI_NAME": null, "DBH": 20, "MULTI_TRUN": "No", "CONDITION": "Good", "PRUNING": " ", "RISK_FACTO": "None", "OBSERVATIO": " ", "OBSERVATI2": " ", "OBSERVATI3": " ", "OVERHEAD_U": "No", "GROWING_SP": "ROW/Swale", "GPS_DATE": 1452211200000, "GPS_TIME": "03:09:03pm", "NORTHING": 533532.679, "EASTING": 939516.097, "COMMEMORATIVE": "N", "ALIAS_ID": null, "OBJECTID": 29043, "OBSERVATI4": null}}, {"type": "Feature", "id": 6026, "geometry": {"type": "Point", "coordinates": [-80.13886540670352, 25.79001455587097]}, "properties": {"POINT_ID": 37727, "TREE_SPECI": "Washingtonia Palm", "SCI_NAME": "Washingtonia robusta", "DBH": 8, "MULTI_TRUN": "No", "CONDITION": "Good", "PRUNING": " ", "RISK_FACTO": "None", "OBSERVATIO": " ", "OBSERVATI2": " ", "OBSERVATI3": " ", "OVERHEAD_U": "No", "GROWING_SP": "Road/ROW", "GPS_DATE": 1501632000000, "GPS_TIME": "11:27:40am", "NORTHING": 530296.025, "EASTING": 939515.016, "COMMEMORATIVE": null, "ALIAS_ID": null, "OBJECTID": 6026, "OBSERVATI4": null}}, {"type": "Feature", "id": 1698, "geometry": {"type": "Point", "coordinates": [-80.14015485839643, 25.791369387019532]}, "properties": {"POINT_ID": 33399, "TREE_SPECI": "Montgomery Palm", "SCI_NAME": "Veitchia montgomeryana", "DBH": 10, "MULTI_TRUN": "Yes", "CONDITION": "Good", "PRUNING": " ", "RISK_FACTO": "None", "OBSERVATIO": "Cluster", "OBSERVATI2": " ", "OBSERVATI3": " ", "OVERHEAD_U": "No", "GROWING_SP": "Parking Facility", "GPS_DATE": 1492473600000, "GPS_TIME": "03:18:19pm", "NORTHING": 530785.693, "EASTING": 939087.5, "COMMEMORATIVE": null, "ALIAS_ID": null, "OBJECTID": 1698, "OBSERVATI4": null}}, {"type": "Feature", "id": 29893, "geometry": {"type": "Point", "coordinates": [-80.13043125889531, 25.799537674659632]}, "properties": {"POINT_ID": 25472, "TREE_SPECI": "Montgomery Palm", "SCI_NAME": null, "DBH": 7, "MULTI_TRUN": "No", "CONDITION": "Good", "PRUNING": " ", "RISK_FACTO": "None", "OBSERVATIO": " ", "OBSERVATI2": " ", "OBSERVATI3": " ", "OVERHEAD_U": "No", "GROWING_SP": "Other", "GPS_DATE": 1453075200000, "GPS_TIME": "02:32:09pm", "NORTHING": 533775.644, "EASTING": 942267.456, "COMMEMORATIVE": "N", "ALIAS_ID": null, "OBJECTID": 29893, "OBSERVATI4": null}}, {"type": "Feature", "id": 5419, "geometry": {"type": "Point", "coordinates": [-80.1270917897526, 25.795147809771986]}, "properties": {"POINT_ID": 37120, "TREE_SPECI": "Cabbage Palm", "SCI_NAME": "Sabal palmetto", "DBH": 13, "MULTI_TRUN": "No", "CONDITION": "Fair", "PRUNING": " ", "RISK_FACTO": "None", "OBSERVATIO": "Discolored Foliage", "OBSERVATI2": " ", "OBSERVATI3": " ", "OVERHEAD_U": "No", "GROWING_SP": "Park", "GPS_DATE": 1501632000000, "GPS_TIME": "02:26:15pm", "NORTHING": 532187.324, "EASTING": 943376.819, "COMMEMORATIVE": null, "ALIAS_ID": null, "OBJECTID": 5419, "OBSERVATI4": null}}, {"type": "Feature", "id": 4921, "geometry": {"type": "Point", "coordinates": [-80.12954831377385, 25.796739463472093]}, "properties": {"POINT_ID": 36622, "TREE_SPECI": "Live Oak", "SCI_NAME": "Quercus virginiana", "DBH": 8, "MULTI_TRUN": "No", "CONDITION": "Good", "PRUNING": " ", "RISK_FACTO": "None", "OBSERVATIO": " ", "OBSERVATI2": " ", "OBSERVATI3": " ", "OVERHEAD_U": "No", "GROWING_SP": "Park", "GPS_DATE": 1499299200000, "GPS_TIME": "01:09:47pm", "NORTHING": 532760.494, "EASTING": 942564.696, "COMMEMORATIVE": null, "ALIAS_ID": null, "OBJECTID": 4921, "OBSERVATI4": null}}, {"type": "Feature", "id": 6083, "geometry": {"type": "Point", "coordinates": [-80.14107804091817, 25.78987054920348]}, "properties": {"POINT_ID": 37784, "TREE_SPECI": "Montgomery Palm", "SCI_NAME": "Veitchia montgomeryana", "DBH": 8, "MULTI_TRUN": "No", "CONDITION": "Good", "PRUNING": " ", "RISK_FACTO": "None", "OBSERVATIO": " ", "OBSERVATI2": " ", "OBSERVATI3": " ", "OVERHEAD_U": "No", "GROWING_SP": "Road/ROW", "GPS_DATE": 1501632000000, "GPS_TIME": "01:12:36pm", "NORTHING": 530238.927, "EASTING": 938787.279, "COMMEMORATIVE": null, "ALIAS_ID": null, "OBJECTID": 6083, "OBSERVATI4": null}}, {"type": "Feature", "id": 1838, "geometry": {"type": "Point", "coordinates": [-80.1377955902052, 25.793349735423288]}, "properties": {"POINT_ID": 33539, "TREE_SPECI": "Coconut Palm", "SCI_NAME": "Cocos nucifera", "DBH": 11, "MULTI_TRUN": "No", "CONDITION": "Good", "PRUNING": " ", "RISK_FACTO": "None", "OBSERVATIO": " ", "OBSERVATI2": " ", "OBSERVATI3": " ", "OVERHEAD_U": "No", "GROWING_SP": "Road/ROW", "GPS_DATE": 1492560000000, "GPS_TIME": "01:56:26pm", "NORTHING": 531510.569, "EASTING": 939859.107, "COMMEMORATIVE": null, "ALIAS_ID": null, "OBJECTID": 1838, "OBSERVATI4": null}}, {"type": "Feature", "id": 4423, "geometry": {"type": "Point", "coordinates": [-80.12561588611305, 25.79959088278058]}, "properties": {"POINT_ID": 36124, "TREE_SPECI": "Date Palm", "SCI_NAME": "Phoenix dactylifera", "DBH": 16, "MULTI_TRUN": "No", "CONDITION": "Poor", "PRUNING": " ", "RISK_FACTO": "None", "OBSERVATIO": "Discolored Foliage", "OBSERVATI2": " ", "OBSERVATI3": " ", "OVERHEAD_U": "No", "GROWING_SP": "Park", "GPS_DATE": 1496707200000, "GPS_TIME": "11:26:36am", "NORTHING": 533805.479, "EASTING": 943851.727, "COMMEMORATIVE": null, "ALIAS_ID": null, "OBJECTID": 4423, "OBSERVATI4": null}}, {"type": "Feature", "id": 3925, "geometry": {"type": "Point", "coordinates": [-80.1329385803748, 25.791445202514467]}, "properties": {"POINT_ID": 35626, "TREE_SPECI": "Montgomery Palm", "SCI_NAME": "Veitchia montgomeryana", "DBH": 9, "MULTI_TRUN": "No", "CONDITION": "Good", "PRUNING": " ", "RISK_FACTO": "None", "OBSERVATIO": "Discolored Foliage", "OBSERVATI2": " ", "OBSERVATI3": " ", "OVERHEAD_U": "No", "GROWING_SP": "Park", "GPS_DATE": 1494374400000, "GPS_TIME": "01:06:09pm", "NORTHING": 530828.821, "EASTING": 941461.845, "COMMEMORATIVE": null, "ALIAS_ID": null, "OBJECTID": 3925, "OBSERVATI4": null}}, {"type": "Feature", "id": 7506, "geometry": {"type": "Point", "coordinates": [-80.13301172334089, 25.789570601483103]}, "properties": {"POINT_ID": 39207, "TREE_SPECI": "Cabbage Palm", "SCI_NAME": "Sabal palmetto", "DBH": 16, "MULTI_TRUN": "No", "CONDITION": "Good", "PRUNING": " ", "RISK_FACTO": "None", "OBSERVATIO": " ", "OBSERVATI2": " ", "OBSERVATI3": " ", "OVERHEAD_U": "No", "GROWING_SP": "Road/ROW", "GPS_DATE": 1502841600000, "GPS_TIME": "03:00:04pm", "NORTHING": 530147.299, "EASTING": 941442.264, "COMMEMORATIVE": null, "ALIAS_ID": null, "OBJECTID": 7506, "OBSERVATI4": null}}, {"type": "Feature", "id": 3427, "geometry": {"type": "Point", "coordinates": [-80.13488781396775, 25.79068608225591]}, "properties": {"POINT_ID": 35128, "TREE_SPECI": "Old Man Palm", "SCI_NAME": "Cocothrinax crinata", "DBH": 7, "MULTI_TRUN": "No", "CONDITION": "Fair", "PRUNING": " ", "RISK_FACTO": "None", "OBSERVATIO": "Reduced Canopy - Moderate", "OBSERVATI2": " ", "OBSERVATI3": " ", "OVERHEAD_U": "No", "GROWING_SP": "Park", "GPS_DATE": 1494979200000, "GPS_TIME": "10:36:59am", "NORTHING": 530548.684, "EASTING": 940822.26, "COMMEMORATIVE": null, "ALIAS_ID": null, "OBJECTID": 3427, "OBSERVATI4": null}}, {"type": "Feature", "id": 7577, "geometry": {"type": "Point", "coordinates": [-80.13294793174062, 25.78677053557004]}, "properties": {"POINT_ID": 39278, "TREE_SPECI": "Date Palm", "SCI_NAME": "Phoenix dactylifera", "DBH": 19, "MULTI_TRUN": "No", "CONDITION": "Fair", "PRUNING": " ", "RISK_FACTO": "None", "OBSERVATIO": "Reduced Canopy - Moderate", "OBSERVATI2": " ", "OBSERVATI3": " ", "OVERHEAD_U": "No", "GROWING_SP": "Road/ROW", "GPS_DATE": 1503273600000, "GPS_TIME": "09:37:57am", "NORTHING": 529129.695, "EASTING": 941469.956, "COMMEMORATIVE": null, "ALIAS_ID": null, "OBJECTID": 7577, "OBSERVATI4": null}}, {"type": "Feature", "id": 7079, "geometry": {"type": "Point", "coordinates": [-80.13659547907251, 25.783565467843374]}, "properties": {"POINT_ID": 38780, "TREE_SPECI": "Live Oak", "SCI_NAME": "Quercus virginiana", "DBH": 5, "MULTI_TRUN": "No", "CONDITION": "Good", "PRUNING": " ", "RISK_FACTO": "None", "OBSERVATIO": " ", "OBSERVATI2": " ", "OBSERVATI3": " ", "OVERHEAD_U": "No", "GROWING_SP": "Park", "GPS_DATE": 1502841600000, "GPS_TIME": "10:21:38am", "NORTHING": 527956.862, "EASTING": 940277.315, "COMMEMORATIVE": null, "ALIAS_ID": null, "OBJECTID": 7079, "OBSERVATI4": null}}, {"type": "Feature", "id": 29229, "geometry": {"type": "Point", "coordinates": [-80.13386651340134, 25.799929037262043]}, "properties": {"POINT_ID": 24808, "TREE_SPECI": "Bottlebrush", "SCI_NAME": null, "DBH": 8, "MULTI_TRUN": "No", "CONDITION": "Fair", "PRUNING": " ", "RISK_FACTO": "None", "OBSERVATIO": "Trunk Damage - Moderate", "OBSERVATI2": "Limb Damage - Moderate", "OBSERVATI3": " ", "OVERHEAD_U": "No", "GROWING_SP": "ROW/Swale", "GPS_DATE": 1452556800000, "GPS_TIME": "01:05:21pm", "NORTHING": 533910.441, "EASTING": 941136.221, "COMMEMORATIVE": "N", "ALIAS_ID": null, "OBJECTID": 29229, "OBSERVATI4": null}}, {"type": "Feature", "id": 29395, "geometry": {"type": "Point", "coordinates": [-80.13382229893877, 25.79921335063524]}, "properties": {"POINT_ID": 24974, "TREE_SPECI": "Leopard Tree", "SCI_NAME": null, "DBH": 12, "MULTI_TRUN": "No", "CONDITION": "Fair", "PRUNING": " ", "RISK_FACTO": "None", "OBSERVATIO": "Defoliated - Moderate", "OBSERVATI2": "Discolored Foliage", "OBSERVATI3": " ", "OVERHEAD_U": "No", "GROWING_SP": "ROW/Swale", "GPS_DATE": 1452556800000, "GPS_TIME": "03:29:45pm", "NORTHING": 533650.405, "EASTING": 941152.481, "COMMEMORATIVE": "N", "ALIAS_ID": null, "OBJECTID": 29395, "OBSERVATI4": null}}, {"type": "Feature", "id": 3261, "geometry": {"type": "Point", "coordinates": [-80.13465053914459, 25.7921332586826]}, "properties": {"POINT_ID": 34962, "TREE_SPECI": "Royal Palm", "SCI_NAME": "Roystonea elata", "DBH": 15, "MULTI_TRUN": "No", "CONDITION": "Fair", "PRUNING": " ", "RISK_FACTO": "None", "OBSERVATIO": "Frizzled Fronds", "OBSERVATI2": " ", "OBSERVATI3": " ", "OVERHEAD_U": "No", "GROWING_SP": "Road/ROW", "GPS_DATE": 1494374400000, "GPS_TIME": "09:33:31am", "NORTHING": 531075.204, "EASTING": 940896.879, "COMMEMORATIVE": null, "ALIAS_ID": null, "OBJECTID": 3261, "OBSERVATI4": null}}, {"type": "Feature", "id": 3498, "geometry": {"type": "Point", "coordinates": [-80.13402180807095, 25.793081974603886]}, "properties": {"POINT_ID": 35199, "TREE_SPECI": "Live Oak", "SCI_NAME": "Quercus virginiana", "DBH": 12, "MULTI_TRUN": "No", "CONDITION": "Fair", "PRUNING": "Clearance Pruning", "RISK_FACTO": "None", "OBSERVATIO": "Adjacent Light Pole", "OBSERVATI2": "Lopsided Canopy", "OBSERVATI3": " ", "OVERHEAD_U": "Yes", "GROWING_SP": "Government", "GPS_DATE": 1495497600000, "GPS_TIME": "01:26:34pm", "NORTHING": 531421.395, "EASTING": 941101.495, "COMMEMORATIVE": null, "ALIAS_ID": null, "OBJECTID": 3498, "OBSERVATI4": null}}, {"type": "Feature", "id": 3759, "geometry": {"type": "Point", "coordinates": [-80.13367212986688, 25.792159274825913]}, "properties": {"POINT_ID": 35460, "TREE_SPECI": "Live Oak", "SCI_NAME": "Quercus virginiana", "DBH": 26, "MULTI_TRUN": "Yes", "CONDITION": "Fair", "PRUNING": "Structure Pruning", "RISK_FACTO": "None", "OBSERVATIO": "Poor Structure/Low Multi Trunk", "OBSERVATI2": "Cluster", "OBSERVATI3": " ", "OVERHEAD_U": "No", "GROWING_SP": "Road/ROW", "GPS_DATE": 1494374400000, "GPS_TIME": "10:30:08am", "NORTHING": 531086.777, "EASTING": 941218.762, "COMMEMORATIVE": null, "ALIAS_ID": null, "OBJECTID": 3759, "OBSERVATI4": null}}, {"type": "Feature", "id": 3996, "geometry": {"type": "Point", "coordinates": [-80.13261392296317, 25.7915032282106]}, "properties": {"POINT_ID": 35697, "TREE_SPECI": "Montgomery Palm", "SCI_NAME": "Veitchia montgomeryana", "DBH": 15, "MULTI_TRUN": "Yes", "CONDITION": "Good", "PRUNING": " ", "RISK_FACTO": "None", "OBSERVATIO": " ", "OBSERVATI2": " ", "OBSERVATI3": " ", "OVERHEAD_U": "No", "GROWING_SP": "Park", "GPS_DATE": 1494374400000, "GPS_TIME": "01:36:34pm", "NORTHING": 530850.615, "EASTING": 941568.536, "COMMEMORATIVE": null, "ALIAS_ID": null, "OBJECTID": 3996, "OBSERVATI4": null}}, {"type": "Feature", "id": 2004, "geometry": {"type": "Point", "coordinates": [-80.13859443276192, 25.79048819700132]}, "properties": {"POINT_ID": 33705, "TREE_SPECI": "Podocarpus", "SCI_NAME": "Podocarpus macrophyllus", "DBH": 19, "MULTI_TRUN": "No", "CONDITION": "Good", "PRUNING": " ", "RISK_FACTO": "None", "OBSERVATIO": "Co-Dominant Leaders", "OBSERVATI2": " ", "OBSERVATI3": " ", "OVERHEAD_U": "No", "GROWING_SP": "Park", "GPS_DATE": 1494460800000, "GPS_TIME": "11:35:28am", "NORTHING": 530468.763, "EASTING": 939603.055, "COMMEMORATIVE": null, "ALIAS_ID": null, "OBJECTID": 2004, "OBSERVATI4": null}}, {"type": "Feature", "id": 10660, "geometry": {"type": "Point", "coordinates": [-80.13089993085515, 25.778309460359672]}, "properties": {"POINT_ID": 42361, "TREE_SPECI": "Coconut Palm", "SCI_NAME": "Cocos nucifera", "DBH": 10, "MULTI_TRUN": "No", "CONDITION": "Good", "PRUNING": " ", "RISK_FACTO": "None", "OBSERVATIO": " ", "OBSERVATI2": " ", "OBSERVATI3": " ", "OVERHEAD_U": "No", "GROWING_SP": "Park", "GPS_DATE": 1503446400000, "GPS_TIME": "01:56:12pm", "NORTHING": 526058.784, "EASTING": 942164.172, "COMMEMORATIVE": null, "ALIAS_ID": null, "OBJECTID": 10660, "OBSERVATI4": null}}, {"type": "Feature", "id": 10494, "geometry": {"type": "Point", "coordinates": [-80.12982918532191, 25.779908397857405]}, "properties": {"POINT_ID": 42195, "TREE_SPECI": "Coconut Palm", "SCI_NAME": "Cocos nucifera", "DBH": 10, "MULTI_TRUN": "No", "CONDITION": "Fair", "PRUNING": " ", "RISK_FACTO": "None", "OBSERVATIO": "Discolored Foliage", "OBSERVATI2": " ", "OBSERVATI3": " ", "OVERHEAD_U": "No", "GROWING_SP": "Park", "GPS_DATE": 1503446400000, "GPS_TIME": "01:29:57pm", "NORTHING": 526642.277, "EASTING": 942512.702, "COMMEMORATIVE": null, "ALIAS_ID": null, "OBJECTID": 10494, "OBSERVATI4": null}}, {"type": "Feature", "id": 8502, "geometry": {"type": "Point", "coordinates": [-80.12978286465498, 25.783944781859557]}, "properties": {"POINT_ID": 40203, "TREE_SPECI": "Coconut Palm", "SCI_NAME": "Cocos nucifera", "DBH": 6, "MULTI_TRUN": "No", "CONDITION": "Fair", "PRUNING": " ", "RISK_FACTO": "None", "OBSERVATIO": "Tapered Trunk", "OBSERVATI2": " ", "OBSERVATI3": " ", "OVERHEAD_U": "No", "GROWING_SP": "Park", "GPS_DATE": 1503446400000, "GPS_TIME": "09:17:56am", "NORTHING": 528109.485, "EASTING": 942518.253, "COMMEMORATIVE": null, "ALIAS_ID": null, "OBJECTID": 8502, "OBSERVATI4": null}}, {"type": "Feature", "id": 30889, "geometry": {"type": "Point", "coordinates": [-80.13779839548475, 25.800311433732578]}, "properties": {"POINT_ID": 29952, "TREE_SPECI": "Bald Cypress", "SCI_NAME": null, "DBH": 3, "MULTI_TRUN": "No", "CONDITION": "Good", "PRUNING": " ", "RISK_FACTO": "None", "OBSERVATIO": " ", "OBSERVATI2": " ", "OBSERVATI3": " ", "OVERHEAD_U": "No", "GROWING_SP": "Golf Course", "GPS_DATE": 1460937600000, "GPS_TIME": "12:40:05pm", "NORTHING": 534040.938, "EASTING": 939841.612, "COMMEMORATIVE": "N", "ALIAS_ID": null, "OBJECTID": 30889, "OBSERVATI4": null}}, {"type": "Feature", "id": 7838, "geometry": {"type": "Point", "coordinates": [-80.13201809210324, 25.78573296321416]}, "properties": {"POINT_ID": 39539, "TREE_SPECI": "Coconut Palm", "SCI_NAME": "Cocos nucifera", "DBH": 8, "MULTI_TRUN": "No", "CONDITION": "Fair", "PRUNING": " ", "RISK_FACTO": "None", "OBSERVATIO": "Discolored Foliage", "OBSERVATI2": " ", "OBSERVATI3": " ", "OVERHEAD_U": "No", "GROWING_SP": "Road/ROW", "GPS_DATE": 1503360000000, "GPS_TIME": "08:21:56am", "NORTHING": 528754.583, "EASTING": 941778.418, "COMMEMORATIVE": null, "ALIAS_ID": null, "OBJECTID": 7838, "OBSERVATI4": null}}, {"type": "Feature", "id": 5917, "geometry": {"type": "Point", "coordinates": [-80.13052186057848, 25.790724097646745]}, "properties": {"POINT_ID": 37618, "TREE_SPECI": "Florida Thatch Palm", "SCI_NAME": "Thrinax radiata", "DBH": 8, "MULTI_TRUN": "No", "CONDITION": "Good", "PRUNING": " ", "RISK_FACTO": "None", "OBSERVATIO": " ", "OBSERVATI2": " ", "OBSERVATI3": " ", "OVERHEAD_U": "No", "GROWING_SP": "Road/ROW", "GPS_DATE": 1494979200000, "GPS_TIME": "03:16:40pm", "NORTHING": 530571.964, "EASTING": 942258.802, "COMMEMORATIVE": null, "ALIAS_ID": null, "OBJECTID": 5917, "OBSERVATI4": null}}, {"type": "Feature", "id": 5585, "geometry": {"type": "Point", "coordinates": [-80.1306414670994, 25.790940490100176]}, "properties": {"POINT_ID": 37286, "TREE_SPECI": "Royal Palm", "SCI_NAME": "Roystonea elata", "DBH": 23, "MULTI_TRUN": "No", "CONDITION": "Fair", "PRUNING": " ", "RISK_FACTO": "None", "OBSERVATIO": "Discolored Foliage", "OBSERVATI2": "Tapered Trunk", "OBSERVATI3": " ", "OVERHEAD_U": "No", "GROWING_SP": "Road/ROW", "GPS_DATE": 1502841600000, "GPS_TIME": "10:11:48am", "NORTHING": 530650.356, "EASTING": 942218.925, "COMMEMORATIVE": null, "ALIAS_ID": null, "OBJECTID": 5585, "OBSERVATI4": null}}, {"type": "Feature", "id": 8336, "geometry": {"type": "Point", "coordinates": [-80.12920821216329, 25.78612338635346]}, "properties": {"POINT_ID": 40037, "TREE_SPECI": "Coconut Palm", "SCI_NAME": "Cocos nucifera", "DBH": 11, "MULTI_TRUN": "No", "CONDITION": "Good", "PRUNING": " ", "RISK_FACTO": "None", "OBSERVATIO": " ", "OBSERVATI2": " ", "OBSERVATI3": " ", "OVERHEAD_U": "No", "GROWING_SP": "Park", "GPS_DATE": 1503446400000, "GPS_TIME": "10:22:31am", "NORTHING": 528902.594, "EASTING": 942702.12, "COMMEMORATIVE": null, "ALIAS_ID": null, "OBJECTID": 8336, "OBSERVATI4": null}}, {"type": "Feature", "id": 6581, "geometry": {"type": "Point", "coordinates": [-80.13747203027098, 25.786964985405888]}, "properties": {"POINT_ID": 38282, "TREE_SPECI": "Umbrella Tree", "SCI_NAME": "Schefflera actinophylla", "DBH": 30, "MULTI_TRUN": "No", "CONDITION": "Poor", "PRUNING": "Remove Tree", "RISK_FACTO": "Constricted Roots - Severe", "OBSERVATIO": "Constricted Roots", "OBSERVATI2": "Dead Wood", "OBSERVATI3": "Sprouting", "OVERHEAD_U": "No", "GROWING_SP": "Road/ROW", "GPS_DATE": 1502236800000, "GPS_TIME": "08:47:51am", "NORTHING": 529190.596, "EASTING": 939980.774, "COMMEMORATIVE": null, "ALIAS_ID": null, "OBJECTID": 6581, "OBSERVATI4": null}}, {"type": "Feature", "id": 7340, "geometry": {"type": "Point", "coordinates": [-80.13656786544102, 25.78594566807036]}, "properties": {"POINT_ID": 39041, "TREE_SPECI": "Australian Pine", "SCI_NAME": "Casuarina equisetifolia", "DBH": 10, "MULTI_TRUN": "No", "CONDITION": "Fair", "PRUNING": " ", "RISK_FACTO": "None", "OBSERVATIO": "Reduced Canopy - Minor", "OBSERVATI2": "Leaning - Minor", "OBSERVATI3": "Decay Observed", "OVERHEAD_U": "No", "GROWING_SP": "Park", "GPS_DATE": 1502928000000, "GPS_TIME": "08:15:11am", "NORTHING": 528822.054, "EASTING": 940280.73, "COMMEMORATIVE": null, "ALIAS_ID": null, "OBJECTID": 7340, "OBSERVATI4": null}}, {"type": "Feature", "id": 2929, "geometry": {"type": "Point", "coordinates": [-80.13638675656898, 25.795240441242182]}, "properties": {"POINT_ID": 34630, "TREE_SPECI": "Christmas Palm", "SCI_NAME": "Veitchia merrillii", "DBH": 5, "MULTI_TRUN": "No", "CONDITION": "Good", "PRUNING": " ", "RISK_FACTO": "None", "OBSERVATIO": " ", "OBSERVATI2": " ", "OBSERVATI3": " ", "OVERHEAD_U": "No", "GROWING_SP": "Park", "GPS_DATE": 1493078400000, "GPS_TIME": "03:26:53pm", "NORTHING": 532200.823, "EASTING": 940318.17, "COMMEMORATIVE": null, "ALIAS_ID": null, "OBJECTID": 2929, "OBSERVATI4": null}}, {"type": "Feature", "id": 3000, "geometry": {"type": "Point", "coordinates": [-80.13590170751885, 25.795147010029044]}, "properties": {"POINT_ID": 34701, "TREE_SPECI": "Areca Palm", "SCI_NAME": "Dypsis lutescens", "DBH": 4, "MULTI_TRUN": "Yes", "CONDITION": "Good", "PRUNING": " ", "RISK_FACTO": "None", "OBSERVATIO": "Cluster", "OBSERVATI2": " ", "OBSERVATI3": " ", "OVERHEAD_U": "No", "GROWING_SP": "Park", "GPS_DATE": 1493164800000, "GPS_TIME": "10:05:45am", "NORTHING": 532167.911, "EASTING": 940477.994, "COMMEMORATIVE": null, "ALIAS_ID": null, "OBJECTID": 3000, "OBSERVATI4": null}}, {"type": "Feature", "id": 2502, "geometry": {"type": "Point", "coordinates": [-80.13556642171932, 25.79521500639112]}, "properties": {"POINT_ID": 34203, "TREE_SPECI": "Wild/Cuban Tamarind", "SCI_NAME": "Lysiloma latisiliquum", "DBH": 9, "MULTI_TRUN": "No", "CONDITION": "Fair", "PRUNING": "Crown Cleaning", "RISK_FACTO": "None", "OBSERVATIO": "Trunk Damage - Minor", "OBSERVATI2": "Broken Branches", "OBSERVATI3": " ", "OVERHEAD_U": "No", "GROWING_SP": "Park", "GPS_DATE": 1497916800000, "GPS_TIME": "08:48:35am", "NORTHING": 532193.35, "EASTING": 940588.155, "COMMEMORATIVE": null, "ALIAS_ID": null, "OBJECTID": 2502, "OBSERVATI4": null}}, {"type": "Feature", "id": 2336, "geometry": {"type": "Point", "coordinates": [-80.13578951564607, 25.79607511693128]}, "properties": {"POINT_ID": 34037, "TREE_SPECI": "Coconut Palm", "SCI_NAME": "Cocos nucifera", "DBH": 9, "MULTI_TRUN": "No", "CONDITION": "Good", "PRUNING": " ", "RISK_FACTO": "None", "OBSERVATIO": "Utility Lines - Adjacent", "OBSERVATI2": " ", "OBSERVATI3": " ", "OVERHEAD_U": "Yes", "GROWING_SP": "Road/ROW", "GPS_DATE": 1499212800000, "GPS_TIME": "02:07:45pm", "NORTHING": 532505.493, "EASTING": 940512.695, "COMMEMORATIVE": null, "ALIAS_ID": null, "OBJECTID": 2336, "OBSERVATI4": null}}, {"type": "Feature", "id": 8004, "geometry": {"type": "Point", "coordinates": [-80.1284040389998, 25.788353806760895]}, "properties": {"POINT_ID": 39705, "TREE_SPECI": "Coconut Palm", "SCI_NAME": "Cocos nucifera", "DBH": 8, "MULTI_TRUN": "No", "CONDITION": "Fair", "PRUNING": " ", "RISK_FACTO": "None", "OBSERVATIO": "Discolored Foliage", "OBSERVATI2": " ", "OBSERVATI3": " ", "OVERHEAD_U": "No", "GROWING_SP": "Park", "GPS_DATE": 1503360000000, "GPS_TIME": "12:40:16pm", "NORTHING": 529715.038, "EASTING": 942961.381, "COMMEMORATIVE": null, "ALIAS_ID": null, "OBJECTID": 8004, "OBSERVATI4": null}}, {"type": "Feature", "id": 8075, "geometry": {"type": "Point", "coordinates": [-80.12800350750496, 25.790611561936473]}, "properties": {"POINT_ID": 39776, "TREE_SPECI": "Coconut Palm", "SCI_NAME": "Cocos nucifera", "DBH": 9, "MULTI_TRUN": "No", "CONDITION": "Fair", "PRUNING": " ", "RISK_FACTO": "None", "OBSERVATIO": "Discolored Foliage", "OBSERVATI2": "White Fly", "OBSERVATI3": " ", "OVERHEAD_U": "No", "GROWING_SP": "Park", "GPS_DATE": 1503360000000, "GPS_TIME": "01:04:55pm", "NORTHING": 530536.54, "EASTING": 943087.746, "COMMEMORATIVE": null, "ALIAS_ID": null, "OBJECTID": 8075, "OBSERVATI4": null}}, {"type": "Feature", "id": 10019, "geometry": {"type": "Point", "coordinates": [-80.13351844427815, 25.778082168684676]}, "properties": {"POINT_ID": 41720, "TREE_SPECI": "Coconut Palm", "SCI_NAME": "Cocos nucifera", "DBH": 10, "MULTI_TRUN": "No", "CONDITION": "Fair", "PRUNING": " ", "RISK_FACTO": "None", "OBSERVATIO": "Discolored Foliage", "OBSERVATI2": " ", "OBSERVATI3": " ", "OVERHEAD_U": "No", "GROWING_SP": "Road/ROW", "GPS_DATE": 1503964800000, "GPS_TIME": "02:18:52pm", "NORTHING": 525970.494, "EASTING": 941302.994, "COMMEMORATIVE": null, "ALIAS_ID": null, "OBJECTID": 10019, "OBSERVATI4": null}}, {"type": "Feature", "id": 4517, "geometry": {"type": "Point", "coordinates": [-80.12945915239041, 25.798409205860253]}, "properties": {"POINT_ID": 36218, "TREE_SPECI": "Solitaire Palm", "SCI_NAME": "Ptychosperma elegans", "DBH": 4, "MULTI_TRUN": "No", "CONDITION": "Fair", "PRUNING": " ", "RISK_FACTO": "None", "OBSERVATIO": "Discolored Foliage", "OBSERVATI2": " ", "OBSERVATI3": " ", "OVERHEAD_U": "No", "GROWING_SP": "Parking Facility", "GPS_DATE": 1496707200000, "GPS_TIME": "02:35:23pm", "NORTHING": 533367.591, "EASTING": 942590.02, "COMMEMORATIVE": null, "ALIAS_ID": null, "OBJECTID": 4517, "OBSERVATI4": null}}, {"type": "Feature", "id": 29870, "geometry": {"type": "Point", "coordinates": [-80.13074761474877, 25.799590714976812]}, "properties": {"POINT_ID": 25449, "TREE_SPECI": "Florida Thatch Palm", "SCI_NAME": null, "DBH": 9, "MULTI_TRUN": "No", "CONDITION": "Good", "PRUNING": " ", "RISK_FACTO": "None", "OBSERVATIO": " ", "OBSERVATI2": " ", "OBSERVATI3": " ", "OVERHEAD_U": "No", "GROWING_SP": "Other", "GPS_DATE": 1453075200000, "GPS_TIME": "02:21:12pm", "NORTHING": 533794.235, "EASTING": 942163.238, "COMMEMORATIVE": "N", "ALIAS_ID": null, "OBJECTID": 29870, "OBSERVATI4": null}}, {"type": "Feature", "id": 5064, "geometry": {"type": "Point", "coordinates": [-80.1279254528095, 25.797114558902535]}, "properties": {"POINT_ID": 36765, "TREE_SPECI": "Cabbage Palm", "SCI_NAME": "Sabal palmetto", "DBH": 16, "MULTI_TRUN": "No", "CONDITION": "Good", "PRUNING": " ", "RISK_FACTO": "None", "OBSERVATIO": " ", "OBSERVATI2": " ", "OBSERVATI3": " ", "OVERHEAD_U": "No", "GROWING_SP": "Park", "GPS_DATE": 1499731200000, "GPS_TIME": "09:51:56am", "NORTHING": 532900.364, "EASTING": 943097.774, "COMMEMORATIVE": null, "ALIAS_ID": null, "OBJECTID": 5064, "OBSERVATI4": null}}, {"type": "Feature", "id": 4566, "geometry": {"type": "Point", "coordinates": [-80.13013109290503, 25.798382113752684]}, "properties": {"POINT_ID": 36267, "TREE_SPECI": "Coconut Palm", "SCI_NAME": "Cocos nucifera", "DBH": 12, "MULTI_TRUN": "No", "CONDITION": "Good", "PRUNING": " ", "RISK_FACTO": "None", "OBSERVATIO": " ", "OBSERVATI2": " ", "OBSERVATI3": " ", "OVERHEAD_U": "No", "GROWING_SP": "Road/ROW", "GPS_DATE": 1496707200000, "GPS_TIME": "03:23:27pm", "NORTHING": 533356.283, "EASTING": 942368.995, "COMMEMORATIVE": null, "ALIAS_ID": null, "OBJECTID": 4566, "OBSERVATI4": null}}, {"type": "Feature", "id": 5562, "geometry": {"type": "Point", "coordinates": [-80.13119229768267, 25.792227579861752]}, "properties": {"POINT_ID": 37263, "TREE_SPECI": "Silver Buttonwood", "SCI_NAME": "Conocarpus erectus var. sericeus", "DBH": 2, "MULTI_TRUN": "No", "CONDITION": "Good", "PRUNING": "Structure Pruning", "RISK_FACTO": "None", "OBSERVATIO": "Utility Lines - Above", "OBSERVATI2": "Lopsided Canopy", "OBSERVATI3": " ", "OVERHEAD_U": "Yes", "GROWING_SP": "Road/ROW", "GPS_DATE": 1502841600000, "GPS_TIME": "09:55:35am", "NORTHING": 531116.98, "EASTING": 942034.586, "COMMEMORATIVE": null, "ALIAS_ID": null, "OBJECTID": 5562, "OBSERVATI4": null}}, {"type": "Feature", "id": 3355, "geometry": {"type": "Point", "coordinates": [-80.13555036993024, 25.790491922684403]}, "properties": {"POINT_ID": 35056, "TREE_SPECI": "Date Palm", "SCI_NAME": "Phoenix dactylifera", "DBH": 19, "MULTI_TRUN": "No", "CONDITION": "Good", "PRUNING": " ", "RISK_FACTO": "None", "OBSERVATIO": " ", "OBSERVATI2": " ", "OBSERVATI3": " ", "OVERHEAD_U": "No", "GROWING_SP": "Park", "GPS_DATE": 1494979200000, "GPS_TIME": "10:18:18am", "NORTHING": 530476.681, "EASTING": 940604.707, "COMMEMORATIVE": null, "ALIAS_ID": null, "OBJECTID": 3355, "OBSERVATI4": null}}, {"type": "Feature", "id": 7056, "geometry": {"type": "Point", "coordinates": [-80.13654627491657, 25.783121906864846]}, "properties": {"POINT_ID": 38757, "TREE_SPECI": "Cabbage Palm", "SCI_NAME": "Sabal palmetto", "DBH": 15, "MULTI_TRUN": "No", "CONDITION": "Good", "PRUNING": " ", "RISK_FACTO": "None", "OBSERVATIO": " ", "OBSERVATI2": " ", "OBSERVATI3": " ", "OVERHEAD_U": "No", "GROWING_SP": "Park", "GPS_DATE": 1502841600000, "GPS_TIME": "09:59:36am", "NORTHING": 527795.747, "EASTING": 940294.564, "COMMEMORATIVE": null, "ALIAS_ID": null, "OBJECTID": 7056, "OBSERVATI4": null}}, {"type": "Feature", "id": 6226, "geometry": {"type": "Point", "coordinates": [-80.138654364066, 25.783046265839243]}, "properties": {"POINT_ID": 37927, "TREE_SPECI": "Areca Palm", "SCI_NAME": "Dypsis lutescens", "DBH": 22, "MULTI_TRUN": "Yes", "CONDITION": "Good", "PRUNING": " ", "RISK_FACTO": "None", "OBSERVATIO": "Cluster", "OBSERVATI2": " ", "OBSERVATI3": " ", "OVERHEAD_U": "No", "GROWING_SP": "Road/ROW", "GPS_DATE": 1501718400000, "GPS_TIME": "10:40:20am", "NORTHING": 527763.711, "EASTING": 939601.026, "COMMEMORATIVE": null, "ALIAS_ID": null, "OBJECTID": 6226, "OBSERVATI4": null}}, {"type": "Feature", "id": 6558, "geometry": {"type": "Point", "coordinates": [-80.13847355933628, 25.782817995007317]}, "properties": {"POINT_ID": 38259, "TREE_SPECI": "Cabbage Palm", "SCI_NAME": "Sabal palmetto", "DBH": 12, "MULTI_TRUN": "No", "CONDITION": "Good", "PRUNING": " ", "RISK_FACTO": "None", "OBSERVATIO": "Utility Lines - Above", "OBSERVATI2": " ", "OBSERVATI3": " ", "OVERHEAD_U": "Yes", "GROWING_SP": "Road/ROW", "GPS_DATE": 1501804800000, "GPS_TIME": "01:47:53pm", "NORTHING": 527681.131, "EASTING": 939661.067, "COMMEMORATIVE": null, "ALIAS_ID": null, "OBJECTID": 6558, "OBSERVATI4": null}}, {"type": "Feature", "id": 4400, "geometry": {"type": "Point", "coordinates": [-80.12590723360816, 25.79962355962167]}, "properties": {"POINT_ID": 36101, "TREE_SPECI": "Pitch Apple", "SCI_NAME": "Clusia rosea", "DBH": 9, "MULTI_TRUN": "Yes", "CONDITION": "Good", "PRUNING": " ", "RISK_FACTO": "None", "OBSERVATIO": " ", "OBSERVATI2": " ", "OBSERVATI3": " ", "OVERHEAD_U": "No", "GROWING_SP": "Park", "GPS_DATE": 1496707200000, "GPS_TIME": "11:02:23am", "NORTHING": 533816.719, "EASTING": 943755.786, "COMMEMORATIVE": null, "ALIAS_ID": null, "OBJECTID": 4400, "OBSERVATI4": null}}, {"type": "Feature", "id": 2408, "geometry": {"type": "Point", "coordinates": [-80.13551410608423, 25.79604039652765]}, "properties": {"POINT_ID": 34109, "TREE_SPECI": "Solitaire Palm", "SCI_NAME": "Ptychosperma elegans", "DBH": 6, "MULTI_TRUN": "Yes", "CONDITION": "Good", "PRUNING": " ", "RISK_FACTO": "None", "OBSERVATIO": "Cluster", "OBSERVATI2": " ", "OBSERVATI3": " ", "OVERHEAD_U": "No", "GROWING_SP": "Park", "GPS_DATE": 1498608000000, "GPS_TIME": "10:53:12am", "NORTHING": 532493.469, "EASTING": 940603.399, "COMMEMORATIVE": null, "ALIAS_ID": null, "OBJECTID": 2408, "OBSERVATI4": null}}, {"type": "Feature", "id": 3521, "geometry": {"type": "Point", "coordinates": [-80.13422319294031, 25.792786790044502]}, "properties": {"POINT_ID": 35222, "TREE_SPECI": "Areca Palm", "SCI_NAME": "Dypsis lutescens", "DBH": 5, "MULTI_TRUN": "Yes", "CONDITION": "Poor", "PRUNING": " ", "RISK_FACTO": "None", "OBSERVATIO": "Discolored Foliage", "OBSERVATI2": "Reduced Canopy - Major", "OBSERVATI3": " ", "OVERHEAD_U": "No", "GROWING_SP": "Government", "GPS_DATE": 1495497600000, "GPS_TIME": "01:49:24pm", "NORTHING": 531313.668, "EASTING": 941035.936, "COMMEMORATIVE": null, "ALIAS_ID": null, "OBJECTID": 3521, "OBSERVATI4": null}}, {"type": "Feature", "id": 3570, "geometry": {"type": "Point", "coordinates": [-80.13355405578622, 25.79256732906549]}, "properties": {"POINT_ID": 35271, "TREE_SPECI": "Christmas Palm", "SCI_NAME": "Veitchia merrillii", "DBH": 7, "MULTI_TRUN": "No", "CONDITION": "Good", "PRUNING": " ", "RISK_FACTO": "None", "OBSERVATIO": " ", "OBSERVATI2": " ", "OBSERVATI3": " ", "OVERHEAD_U": "No", "GROWING_SP": "Government", "GPS_DATE": 1495497600000, "GPS_TIME": "02:28:06pm", "NORTHING": 531235.348, "EASTING": 941256.638, "COMMEMORATIVE": null, "ALIAS_ID": null, "OBJECTID": 3570, "OBSERVATI4": null}}, {"type": "Feature", "id": 3902, "geometry": {"type": "Point", "coordinates": [-80.13244060207005, 25.79188302528362]}, "properties": {"POINT_ID": 35603, "TREE_SPECI": "Arecina Palm", "SCI_NAME": "Veitchia arecina", "DBH": 7, "MULTI_TRUN": "No", "CONDITION": "Good", "PRUNING": " ", "RISK_FACTO": "None", "OBSERVATIO": " ", "OBSERVATI2": " ", "OBSERVATI3": " ", "OVERHEAD_U": "No", "GROWING_SP": "Park", "GPS_DATE": 1494374400000, "GPS_TIME": "11:57:10am", "NORTHING": 530989.036, "EASTING": 941624.657, "COMMEMORATIVE": null, "ALIAS_ID": null, "OBJECTID": 3902, "OBSERVATI4": null}}, {"type": "Feature", "id": 4019, "geometry": {"type": "Point", "coordinates": [-80.13254964640028, 25.791391862654034]}, "properties": {"POINT_ID": 35720, "TREE_SPECI": "Montgomery Palm", "SCI_NAME": "Veitchia montgomeryana", "DBH": 16, "MULTI_TRUN": "Yes", "CONDITION": "Good", "PRUNING": " ", "RISK_FACTO": "None", "OBSERVATIO": " ", "OBSERVATI2": " ", "OBSERVATI3": " ", "OVERHEAD_U": "No", "GROWING_SP": "Park", "GPS_DATE": 1494374400000, "GPS_TIME": "01:45:17pm", "NORTHING": 530810.276, "EASTING": 941589.952, "COMMEMORATIVE": null, "ALIAS_ID": null, "OBJECTID": 4019, "OBSERVATI4": null}}, {"type": "Feature", "id": 4351, "geometry": {"type": "Point", "coordinates": [-80.13241160748625, 25.790765833327235]}, "properties": {"POINT_ID": 36052, "TREE_SPECI": "Washingtonia Palm", "SCI_NAME": "Washingtonia robusta", "DBH": 16, "MULTI_TRUN": "No", "CONDITION": "Good", "PRUNING": " ", "RISK_FACTO": "None", "OBSERVATIO": " ", "OBSERVATI2": " ", "OBSERVATI3": " ", "OVERHEAD_U": "No", "GROWING_SP": "Park", "GPS_DATE": 1494979200000, "GPS_TIME": "02:09:17pm", "NORTHING": 530583.032, "EASTING": 941636.874, "COMMEMORATIVE": null, "ALIAS_ID": null, "OBJECTID": 4351, "OBSERVATI4": null}}, {"type": "Feature", "id": 9853, "geometry": {"type": "Point", "coordinates": [-80.13099066911452, 25.77907503549389]}, "properties": {"POINT_ID": 41554, "TREE_SPECI": "Coconut Palm", "SCI_NAME": "Cocos nucifera", "DBH": 9, "MULTI_TRUN": "No", "CONDITION": "Good", "PRUNING": " ", "RISK_FACTO": "None", "OBSERVATIO": " ", "OBSERVATI2": " ", "OBSERVATI3": " ", "OVERHEAD_U": "No", "GROWING_SP": "Road/ROW", "GPS_DATE": 1503964800000, "GPS_TIME": "11:00:40am", "NORTHING": 526336.851, "EASTING": 942132.475, "COMMEMORATIVE": null, "ALIAS_ID": null, "OBJECTID": 9853, "OBSERVATI4": null}}, {"type": "Feature", "id": 10566, "geometry": {"type": "Point", "coordinates": [-80.13048564630468, 25.77963651528218]}, "properties": {"POINT_ID": 42267, "TREE_SPECI": "Coconut Palm", "SCI_NAME": "Cocos nucifera", "DBH": 9, "MULTI_TRUN": "No", "CONDITION": "Good", "PRUNING": " ", "RISK_FACTO": "None", "OBSERVATIO": " ", "OBSERVATI2": " ", "OBSERVATI3": " ", "OVERHEAD_U": "No", "GROWING_SP": "Park", "GPS_DATE": 1503446400000, "GPS_TIME": "02:13:58pm", "NORTHING": 526542.029, "EASTING": 942297.324, "COMMEMORATIVE": null, "ALIAS_ID": null, "OBJECTID": 10566, "OBSERVATI4": null}}, {"type": "Feature", "id": 10400, "geometry": {"type": "Point", "coordinates": [-80.13027810059239, 25.78134363283252]}, "properties": {"POINT_ID": 42101, "TREE_SPECI": "Coconut Palm", "SCI_NAME": "Cocos nucifera", "DBH": 9, "MULTI_TRUN": "No", "CONDITION": "Fair", "PRUNING": " ", "RISK_FACTO": "None", "OBSERVATIO": "Tapered Trunk", "OBSERVATI2": " ", "OBSERVATI3": " ", "OVERHEAD_U": "No", "GROWING_SP": "Park", "GPS_DATE": 1503446400000, "GPS_TIME": "12:45:14pm", "NORTHING": 527162.967, "EASTING": 942361.527, "COMMEMORATIVE": null, "ALIAS_ID": null, "OBJECTID": 10400, "OBSERVATI4": null}}, {"type": "Feature", "id": 10517, "geometry": {"type": "Point", "coordinates": [-80.13039694308934, 25.780039312011894]}, "properties": {"POINT_ID": 42218, "TREE_SPECI": "Gumbo Limbo", "SCI_NAME": "Bursera simaruba", "DBH": 19, "MULTI_TRUN": "No", "CONDITION": "Fair", "PRUNING": " ", "RISK_FACTO": "None", "OBSERVATIO": "Circling Roots", "OBSERVATI2": " ", "OBSERVATI3": " ", "OVERHEAD_U": "No", "GROWING_SP": "Park", "GPS_DATE": 1503446400000, "GPS_TIME": "01:41:13pm", "NORTHING": 526688.626, "EASTING": 942325.548, "COMMEMORATIVE": null, "ALIAS_ID": null, "OBJECTID": 10517, "OBSERVATI4": null}}, {"type": "Feature", "id": 8857, "geometry": {"type": "Point", "coordinates": [-80.12945031003751, 25.7834108231898]}, "properties": {"POINT_ID": 40558, "TREE_SPECI": "Coconut Palm", "SCI_NAME": "Cocos nucifera", "DBH": 10, "MULTI_TRUN": "No", "CONDITION": "Good", "PRUNING": " ", "RISK_FACTO": "None", "OBSERVATIO": " ", "OBSERVATI2": " ", "OBSERVATI3": " ", "OVERHEAD_U": "No", "GROWING_SP": "Park", "GPS_DATE": 1503446400000, "GPS_TIME": "10:00:29am", "NORTHING": 527916.13, "EASTING": 942628.97, "COMMEMORATIVE": null, "ALIAS_ID": null, "OBJECTID": 8857, "OBSERVATI4": null}}, {"type": "Feature", "id": 29372, "geometry": {"type": "Point", "coordinates": [-80.13395605179379, 25.799260439999887]}, "properties": {"POINT_ID": 24951, "TREE_SPECI": "Pink Tabebuia", "SCI_NAME": null, "DBH": 18, "MULTI_TRUN": "No", "CONDITION": "Good", "PRUNING": " ", "RISK_FACTO": "None", "OBSERVATIO": "Trunk Damage - Minor", "OBSERVATI2": " ", "OBSERVATI3": " ", "OVERHEAD_U": "No", "GROWING_SP": "ROW/Swale", "GPS_DATE": 1452556800000, "GPS_TIME": "03:08:04pm", "NORTHING": 533667.231, "EASTING": 941108.359, "COMMEMORATIVE": "N", "ALIAS_ID": null, "OBJECTID": 29372, "OBSERVATI4": null}}, {"type": "Feature", "id": 7861, "geometry": {"type": "Point", "coordinates": [-80.13167260628501, 25.78629974962098]}, "properties": {"POINT_ID": 39562, "TREE_SPECI": "Coconut Palm", "SCI_NAME": "Cocos nucifera", "DBH": 7, "MULTI_TRUN": "No", "CONDITION": "Good", "PRUNING": " ", "RISK_FACTO": "None", "OBSERVATIO": " ", "OBSERVATI2": " ", "OBSERVATI3": " ", "OVERHEAD_U": "No", "GROWING_SP": "Road/ROW", "GPS_DATE": 1503360000000, "GPS_TIME": "08:36:12am", "NORTHING": 528961.343, "EASTING": 941890.748, "COMMEMORATIVE": null, "ALIAS_ID": null, "OBJECTID": 7861, "OBSERVATI4": null}}, {"type": "Feature", "id": 4068, "geometry": {"type": "Point", "coordinates": [-80.13233016236778, 25.79162772199727]}, "properties": {"POINT_ID": 35769, "TREE_SPECI": "Montgomery Palm", "SCI_NAME": "Veitchia montgomeryana", "DBH": 8, "MULTI_TRUN": "No", "CONDITION": "Good", "PRUNING": " ", "RISK_FACTO": "None", "OBSERVATIO": " ", "OBSERVATI2": " ", "OBSERVATI3": " ", "OVERHEAD_U": "No", "GROWING_SP": "Park", "GPS_DATE": 1494374400000, "GPS_TIME": "02:10:27pm", "NORTHING": 530896.48, "EASTING": 941661.609, "COMMEMORATIVE": null, "ALIAS_ID": null, "OBJECTID": 4068, "OBSERVATI4": null}}, {"type": "Feature", "id": 8359, "geometry": {"type": "Point", "coordinates": [-80.12918809938687, 25.785986468217917]}, "properties": {"POINT_ID": 40060, "TREE_SPECI": "Coconut Palm", "SCI_NAME": "Cocos nucifera", "DBH": 10, "MULTI_TRUN": "No", "CONDITION": "Good", "PRUNING": " ", "RISK_FACTO": "None", "OBSERVATIO": " ", "OBSERVATI2": " ", "OBSERVATI3": " ", "OVERHEAD_U": "No", "GROWING_SP": "Park", "GPS_DATE": 1503446400000, "GPS_TIME": "10:31:19am", "NORTHING": 528852.872, "EASTING": 942709.067, "COMMEMORATIVE": null, "ALIAS_ID": null, "OBJECTID": 8359, "OBSERVATI4": null}}, {"type": "Feature", "id": 7222, "geometry": {"type": "Point", "coordinates": [-80.13719989804743, 25.7857655122412]}, "properties": {"POINT_ID": 38923, "TREE_SPECI": "Satin Leaf", "SCI_NAME": "Chrysophyllum oliviforme", "DBH": 4, "MULTI_TRUN": "No", "CONDITION": "Good", "PRUNING": " ", "RISK_FACTO": "None", "OBSERVATIO": "Defoliated - Minor", "OBSERVATI2": " ", "OBSERVATI3": " ", "OVERHEAD_U": "No", "GROWING_SP": "Park", "GPS_DATE": 1502841600000, "GPS_TIME": "01:08:17pm", "NORTHING": 528755.21, "EASTING": 940073.179, "COMMEMORATIVE": null, "ALIAS_ID": null, "OBJECTID": 7222, "OBSERVATI4": null}}, {"type": "Feature", "id": 3404, "geometry": {"type": "Point", "coordinates": [-80.13568424064141, 25.790555487826726]}, "properties": {"POINT_ID": 35105, "TREE_SPECI": "Coconut Palm", "SCI_NAME": "Cocos nucifera", "DBH": 9, "MULTI_TRUN": "No", "CONDITION": "Poor", "PRUNING": " ", "RISK_FACTO": "None", "OBSERVATIO": "Discolored Foliage", "OBSERVATI2": " ", "OBSERVATI3": " ", "OVERHEAD_U": "No", "GROWING_SP": "Park", "GPS_DATE": 1494979200000, "GPS_TIME": "10:09:31am", "NORTHING": 530499.496, "EASTING": 940560.505, "COMMEMORATIVE": null, "ALIAS_ID": null, "OBJECTID": 3404, "OBSERVATI4": null}}, {"type": "Feature", "id": 1861, "geometry": {"type": "Point", "coordinates": [-80.13778478132693, 25.791227286419165]}, "properties": {"POINT_ID": 33562, "TREE_SPECI": "Wild/Cuban Tamarind", "SCI_NAME": "Lysiloma latisiliquum", "DBH": 26, "MULTI_TRUN": "No", "CONDITION": "Fair", "PRUNING": " ", "RISK_FACTO": "None", "OBSERVATIO": "Constricted Roots", "OBSERVATI2": "Co-Dominant Leaders", "OBSERVATI3": " ", "OVERHEAD_U": "No", "GROWING_SP": "Road/ROW", "GPS_DATE": 1492560000000, "GPS_TIME": "02:19:59pm", "NORTHING": 530739.144, "EASTING": 939867.715, "COMMEMORATIVE": null, "ALIAS_ID": null, "OBJECTID": 1861, "OBSERVATI4": null}}, {"type": "Feature", "id": 6724, "geometry": {"type": "Point", "coordinates": [-80.14068191033205, 25.781846353887463]}, "properties": {"POINT_ID": 38425, "TREE_SPECI": "Silver Buttonwood", "SCI_NAME": "Conocarpus erectus var. sericeus", "DBH": 9, "MULTI_TRUN": "No", "CONDITION": "Good", "PRUNING": " ", "RISK_FACTO": "None", "OBSERVATIO": "Co-Dominant Leaders", "OBSERVATI2": " ", "OBSERVATI3": " ", "OVERHEAD_U": "No", "GROWING_SP": "Park", "GPS_DATE": 1502236800000, "GPS_TIME": "12:06:45pm", "NORTHING": 527323.221, "EASTING": 938936.658, "COMMEMORATIVE": null, "ALIAS_ID": null, "OBJECTID": 6724, "OBSERVATI4": null}}, {"type": "Feature", "id": 2857, "geometry": {"type": "Point", "coordinates": [-80.13651394298053, 25.792873075123307]}, "properties": {"POINT_ID": 34558, "TREE_SPECI": "Royal Palm", "SCI_NAME": "Roystonea elata", "DBH": 20, "MULTI_TRUN": "No", "CONDITION": "Good", "PRUNING": " ", "RISK_FACTO": "None", "OBSERVATIO": " ", "OBSERVATI2": " ", "OBSERVATI3": " ", "OVERHEAD_U": "No", "GROWING_SP": "Road/ROW", "GPS_DATE": 1493078400000, "GPS_TIME": "01:35:59pm", "NORTHING": 531340.08, "EASTING": 940281.964, "COMMEMORATIVE": null, "ALIAS_ID": null, "OBJECTID": 2857, "OBSERVATI4": null}}, {"type": "Feature", "id": 29323, "geometry": {"type": "Point", "coordinates": [-80.13646639252953, 25.796643796390427]}, "properties": {"POINT_ID": 24902, "TREE_SPECI": "Washington Palm", "SCI_NAME": null, "DBH": 9, "MULTI_TRUN": "No", "CONDITION": "Good", "PRUNING": " ", "RISK_FACTO": "None", "OBSERVATIO": " ", "OBSERVATI2": " ", "OBSERVATI3": " ", "OVERHEAD_U": "No", "GROWING_SP": "ROW/Swale", "GPS_DATE": 1452556800000, "GPS_TIME": "02:38:54pm", "NORTHING": 532710.731, "EASTING": 940288.621, "COMMEMORATIVE": "N", "ALIAS_ID": null, "OBJECTID": 29323, "OBSERVATI4": null}}, {"type": "Feature", "id": 2906, "geometry": {"type": "Point", "coordinates": [-80.1365173807058, 25.79513084118593]}, "properties": {"POINT_ID": 34607, "TREE_SPECI": "Buccaneer Palm", "SCI_NAME": "Pseudophoenix sargentii", "DBH": 8, "MULTI_TRUN": "No", "CONDITION": "Good", "PRUNING": " ", "RISK_FACTO": "None", "OBSERVATIO": " ", "OBSERVATI2": " ", "OBSERVATI3": " ", "OVERHEAD_U": "No", "GROWING_SP": "Park", "GPS_DATE": 1493078400000, "GPS_TIME": "03:12:44pm", "NORTHING": 532160.705, "EASTING": 940275.451, "COMMEMORATIVE": null, "ALIAS_ID": null, "OBJECTID": 2906, "OBSERVATI4": null}}, {"type": "Feature", "id": 2359, "geometry": {"type": "Point", "coordinates": [-80.13569068141894, 25.795562403590473]}, "properties": {"POINT_ID": 34060, "TREE_SPECI": "Paurotis Palm", "SCI_NAME": "Acoelorrhaphe wrightii", "DBH": 14, "MULTI_TRUN": "Yes", "CONDITION": "Good", "PRUNING": " ", "RISK_FACTO": "None", "OBSERVATIO": "Cluster", "OBSERVATI2": " ", "OBSERVATI3": " ", "OVERHEAD_U": "No", "GROWING_SP": "Park", "GPS_DATE": 1498608000000, "GPS_TIME": "09:33:45am", "NORTHING": 532319.35, "EASTING": 940546.439, "COMMEMORATIVE": null, "ALIAS_ID": null, "OBJECTID": 2359, "OBSERVATI4": null}}, {"type": "Feature", "id": 30534, "geometry": {"type": "Point", "coordinates": [-80.13745290347508, 25.796999618614766]}, "properties": {"POINT_ID": 29592, "TREE_SPECI": "Chinese Fan Palm", "SCI_NAME": null, "DBH": 8, "MULTI_TRUN": "No", "CONDITION": "Good", "PRUNING": " ", "RISK_FACTO": "None", "OBSERVATIO": " ", "OBSERVATI2": " ", "OBSERVATI3": " ", "OVERHEAD_U": "No", "GROWING_SP": "Golf Course", "GPS_DATE": 1460419200000, "GPS_TIME": "11:34:28am", "NORTHING": 532837.934, "EASTING": 939963.175, "COMMEMORATIVE": "N", "ALIAS_ID": null, "OBJECTID": 30534, "OBSERVATI4": null}}, {"type": "Feature", "id": 3853, "geometry": {"type": "Point", "coordinates": [-80.13227614929629, 25.791987598909177]}, "properties": {"POINT_ID": 35554, "TREE_SPECI": "Arecina Palm", "SCI_NAME": "Veitchia arecina", "DBH": 5, "MULTI_TRUN": "No", "CONDITION": "Good", "PRUNING": " ", "RISK_FACTO": "None", "OBSERVATIO": " ", "OBSERVATI2": " ", "OBSERVATI3": " ", "OVERHEAD_U": "No", "GROWING_SP": "Park", "GPS_DATE": 1494374400000, "GPS_TIME": "11:35:59am", "NORTHING": 531027.402, "EASTING": 941678.52, "COMMEMORATIVE": null, "ALIAS_ID": null, "OBJECTID": 3853, "OBSERVATI4": null}}, {"type": "Feature", "id": 1695, "geometry": {"type": "Point", "coordinates": [-80.140172970071, 25.79136508649445]}, "properties": {"POINT_ID": 33396, "TREE_SPECI": "Montgomery Palm", "SCI_NAME": "Veitchia montgomeryana", "DBH": 8, "MULTI_TRUN": "Yes", "CONDITION": "Good", "PRUNING": " ", "RISK_FACTO": "None", "OBSERVATIO": "Cluster", "OBSERVATI2": " ", "OBSERVATI3": " ", "OVERHEAD_U": "No", "GROWING_SP": "Parking Facility", "GPS_DATE": 1492473600000, "GPS_TIME": "03:16:51pm", "NORTHING": 530784.091, "EASTING": 939081.55, "COMMEMORATIVE": null, "ALIAS_ID": null, "OBJECTID": 1695, "OBSERVATI4": null}}, {"type": "Feature", "id": 6060, "geometry": {"type": "Point", "coordinates": [-80.14004518649534, 25.790239411544093]}, "properties": {"POINT_ID": 37761, "TREE_SPECI": "Coconut Palm", "SCI_NAME": "Cocos nucifera", "DBH": 10, "MULTI_TRUN": " ", "CONDITION": "Good", "PRUNING": " ", "RISK_FACTO": "None", "OBSERVATIO": " ", "OBSERVATI2": " ", "OBSERVATI3": " ", "OVERHEAD_U": "No", "GROWING_SP": "Road/ROW", "GPS_DATE": 1501632000000, "GPS_TIME": "12:44:44pm", "NORTHING": 530375.216, "EASTING": 939126.27, "COMMEMORATIVE": null, "ALIAS_ID": null, "OBJECTID": 6060, "OBSERVATI4": null}}, {"type": "Feature", "id": 4543, "geometry": {"type": "Point", "coordinates": [-80.13091238783218, 25.798497621925335]}, "properties": {"POINT_ID": 36244, "TREE_SPECI": "Dahoon Holly", "SCI_NAME": "Ilex cassine", "DBH": 3, "MULTI_TRUN": "No", "CONDITION": "Good", "PRUNING": " ", "RISK_FACTO": "None", "OBSERVATIO": " ", "OBSERVATI2": " ", "OBSERVATI3": " ", "OVERHEAD_U": "No", "GROWING_SP": "Road/ROW", "GPS_DATE": 1496707200000, "GPS_TIME": "03:11:30pm", "NORTHING": 533396.569, "EASTING": 942111.646, "COMMEMORATIVE": null, "ALIAS_ID": null, "OBJECTID": 4543, "OBSERVATI4": null}}, {"type": "Feature", "id": 5133, "geometry": {"type": "Point", "coordinates": [-80.12680949587657, 25.796210490602963]}, "properties": {"POINT_ID": 36834, "TREE_SPECI": "Cabbage Palm", "SCI_NAME": "Sabal palmetto", "DBH": 11, "MULTI_TRUN": "No", "CONDITION": "Fair", "PRUNING": " ", "RISK_FACTO": "None", "OBSERVATIO": "Discolored Foliage", "OBSERVATI2": " ", "OBSERVATI3": " ", "OVERHEAD_U": "No", "GROWING_SP": "Park", "GPS_DATE": 1499731200000, "GPS_TIME": "10:58:36am", "NORTHING": 532574.195, "EASTING": 943467.144, "COMMEMORATIVE": null, "ALIAS_ID": null, "OBJECTID": 5133, "OBSERVATI4": null}}, {"type": "Feature", "id": 5797, "geometry": {"type": "Point", "coordinates": [-80.12775233777285, 25.792250244369598]}, "properties": {"POINT_ID": 37498, "TREE_SPECI": "Silver Buttonwood", "SCI_NAME": "Conocarpus erectus var. sericeus", "DBH": 2, "MULTI_TRUN": "No", "CONDITION": "Good", "PRUNING": " ", "RISK_FACTO": "None", "OBSERVATIO": " ", "OBSERVATI2": " ", "OBSERVATI3": " ", "OVERHEAD_U": "No", "GROWING_SP": "Park", "GPS_DATE": 1502841600000, "GPS_TIME": "01:26:12pm", "NORTHING": 531132.702, "EASTING": 943166.449, "COMMEMORATIVE": null, "ALIAS_ID": null, "OBJECTID": 5797, "OBSERVATI4": null}}, {"type": "Feature", "id": 5370, "geometry": {"type": "Point", "coordinates": [-80.1276959314573, 25.795119170739074]}, "properties": {"POINT_ID": 37071, "TREE_SPECI": "Green Buttonwood", "SCI_NAME": "Conocarpus erectus", "DBH": 13, "MULTI_TRUN": "No", "CONDITION": "Good", "PRUNING": "Crown Cleaning", "RISK_FACTO": "None", "OBSERVATIO": "Stubs", "OBSERVATI2": " ", "OBSERVATI3": " ", "OVERHEAD_U": "No", "GROWING_SP": "Park", "GPS_DATE": 1501632000000, "GPS_TIME": "01:14:38pm", "NORTHING": 532175.597, "EASTING": 943178.101, "COMMEMORATIVE": null, "ALIAS_ID": null, "OBJECTID": 5370, "OBSERVATI4": null}}, {"type": "Feature", "id": 5207, "geometry": {"type": "Point", "coordinates": [-80.1278707705845, 25.796434104910404]}, "properties": {"POINT_ID": 36908, "TREE_SPECI": "Sea Grape", "SCI_NAME": "Coccoloba uvifera", "DBH": 56, "MULTI_TRUN": "Yes", "CONDITION": "Good", "PRUNING": "Crown Cleaning", "RISK_FACTO": "None", "OBSERVATIO": "Stubs", "OBSERVATI2": "Dead Wood", "OBSERVATI3": "Sprouting", "OVERHEAD_U": "No", "GROWING_SP": "Park", "GPS_DATE": 1499731200000, "GPS_TIME": "11:49:52am", "NORTHING": 532653.158, "EASTING": 943117.405, "COMMEMORATIVE": null, "ALIAS_ID": null, "OBJECTID": 5207, "OBSERVATI4": null}}, {"type": "Feature", "id": 4801, "geometry": {"type": "Point", "coordinates": [-80.12951170955839, 25.79717665658365]}, "properties": {"POINT_ID": 36502, "TREE_SPECI": "Coconut Palm", "SCI_NAME": "Cocos nucifera", "DBH": 10, "MULTI_TRUN": "No", "CONDITION": "Good", "PRUNING": " ", "RISK_FACTO": "None", "OBSERVATIO": " ", "OBSERVATI2": " ", "OBSERVATI3": " ", "OVERHEAD_U": "No", "GROWING_SP": "Park", "GPS_DATE": 1499299200000, "GPS_TIME": "10:46:08am", "NORTHING": 532919.48, "EASTING": 942575.689, "COMMEMORATIVE": null, "ALIAS_ID": null, "OBJECTID": 4801, "OBSERVATI4": null}}, {"type": "Feature", "id": 9784, "geometry": {"type": "Point", "coordinates": [-80.13299300457187, 25.78048969035973]}, "properties": {"POINT_ID": 41485, "TREE_SPECI": "Date Palm", "SCI_NAME": "Phoenix dactylifera", "DBH": 16, "MULTI_TRUN": "No", "CONDITION": "Good", "PRUNING": " ", "RISK_FACTO": "None", "OBSERVATIO": " ", "OBSERVATI2": " ", "OBSERVATI3": " ", "OVERHEAD_U": "No", "GROWING_SP": "Road/ROW", "GPS_DATE": 1503964800000, "GPS_TIME": "09:44:11am", "NORTHING": 526846.694, "EASTING": 941470.151, "COMMEMORATIVE": null, "ALIAS_ID": null, "OBJECTID": 9784, "OBSERVATI4": null}}, {"type": "Feature", "id": 9710, "geometry": {"type": "Point", "coordinates": [-80.13504681119612, 25.78101738869719]}, "properties": {"POINT_ID": 41411, "TREE_SPECI": "Pink Tabebuia", "SCI_NAME": "Tabebuia heterophylla", "DBH": 11, "MULTI_TRUN": "No", "CONDITION": "Fair", "PRUNING": " ", "RISK_FACTO": "None", "OBSERVATIO": "Defoliated - Minor", "OBSERVATI2": "Constricted Roots", "OBSERVATI3": "Adjacent Concrete Damage", "OVERHEAD_U": "No", "GROWING_SP": "Road/ROW", "GPS_DATE": 1503964800000, "GPS_TIME": "08:43:51am", "NORTHING": 527034.054, "EASTING": 940793.022, "COMMEMORATIVE": null, "ALIAS_ID": null, "OBJECTID": 9710, "OBSERVATI4": null}}, {"type": "Feature", "id": 9120, "geometry": {"type": "Point", "coordinates": [-80.13838566045328, 25.779605937208323]}, "properties": {"POINT_ID": 40821, "TREE_SPECI": "Christmas Palm", "SCI_NAME": "Veitchia merrillii", "DBH": 5, "MULTI_TRUN": "No", "CONDITION": "Good", "PRUNING": " ", "RISK_FACTO": "None", "OBSERVATIO": " ", "OBSERVATI2": " ", "OBSERVATI3": " ", "OVERHEAD_U": "No", "GROWING_SP": "Road/ROW", "GPS_DATE": 1503360000000, "GPS_TIME": "09:38:32am", "NORTHING": 526513.833, "EASTING": 939697.628, "COMMEMORATIVE": null, "ALIAS_ID": null, "OBJECTID": 9120, "OBSERVATI4": null}}, {"type": "Feature", "id": 6793, "geometry": {"type": "Point", "coordinates": [-80.13853270537109, 25.782112082495903]}, "properties": {"POINT_ID": 38494, "TREE_SPECI": "Cabbage Palm", "SCI_NAME": "Sabal palmetto", "DBH": 11, "MULTI_TRUN": "No", "CONDITION": "Good", "PRUNING": " ", "RISK_FACTO": "None", "OBSERVATIO": "Constricted by Other Tree", "OBSERVATI2": " ", "OBSERVATI3": " ", "OVERHEAD_U": "No", "GROWING_SP": "Park", "GPS_DATE": 1502236800000, "GPS_TIME": "01:04:09pm", "NORTHING": 527424.425, "EASTING": 939643.281, "COMMEMORATIVE": null, "ALIAS_ID": null, "OBJECTID": 6793, "OBSERVATI4": null}}, {"type": "Feature", "id": 7128, "geometry": {"type": "Point", "coordinates": [-80.13814700610544, 25.784149080528973]}, "properties": {"POINT_ID": 38829, "TREE_SPECI": "Tropical Almond", "SCI_NAME": "Terminalia catappa", "DBH": 26, "MULTI_TRUN": "No", "CONDITION": "Fair", "PRUNING": " ", "RISK_FACTO": "None", "OBSERVATIO": "Leaning - Minor", "OBSERVATI2": "Constricted Roots", "OBSERVATI3": "Trunk Damage - Minor", "OVERHEAD_U": "No", "GROWING_SP": "Park", "GPS_DATE": 1502841600000, "GPS_TIME": "11:38:27am", "NORTHING": 528165.644, "EASTING": 939765.361, "COMMEMORATIVE": null, "ALIAS_ID": null, "OBJECTID": 7128, "OBSERVATI4": null}}, {"type": "Feature", "id": 4374, "geometry": {"type": "Point", "coordinates": [-80.12703728788267, 25.80012819774693]}, "properties": {"POINT_ID": 36075, "TREE_SPECI": "Coconut Palm", "SCI_NAME": "Cocos nucifera", "DBH": 10, "MULTI_TRUN": "No", "CONDITION": "Fair", "PRUNING": " ", "RISK_FACTO": "None", "OBSERVATIO": "Discolored Foliage", "OBSERVATI2": " ", "OBSERVATI3": " ", "OVERHEAD_U": "No", "GROWING_SP": "Road/ROW", "GPS_DATE": 1496707200000, "GPS_TIME": "10:22:20am", "NORTHING": 533997.674, "EASTING": 943382.749, "COMMEMORATIVE": null, "ALIAS_ID": null, "OBJECTID": 4374, "OBSERVATI4": null}}, {"type": "Feature", "id": 31175, "geometry": {"type": "Point", "coordinates": [-80.13533053253144, 25.799187754619428]}, "properties": {"POINT_ID": 30238, "TREE_SPECI": "Mahogany", "SCI_NAME": null, "DBH": 14, "MULTI_TRUN": "No", "CONDITION": "Fair", "PRUNING": " ", "RISK_FACTO": "None", "OBSERVATIO": "Co-Dominant Leaders", "OBSERVATI2": "Lopsided Canopy", "OBSERVATI3": " ", "OVERHEAD_U": "No", "GROWING_SP": "Golf Course", "GPS_DATE": 1461110400000, "GPS_TIME": "10:19:07am", "NORTHING": 533637.839, "EASTING": 940656.288, "COMMEMORATIVE": "N", "ALIAS_ID": null, "OBJECTID": 31175, "OBSERVATI4": null}}, {"type": "Feature", "id": 3547, "geometry": {"type": "Point", "coordinates": [-80.13369621154422, 25.792363063665988]}, "properties": {"POINT_ID": 35248, "TREE_SPECI": "Mahogany", "SCI_NAME": "Swietenia mahagoni", "DBH": 24, "MULTI_TRUN": "No", "CONDITION": "Good", "PRUNING": " ", "RISK_FACTO": "None", "OBSERVATIO": "Co-Dominant Leaders", "OBSERVATI2": " ", "OBSERVATI3": " ", "OVERHEAD_U": "No", "GROWING_SP": "Government", "GPS_DATE": 1495497600000, "GPS_TIME": "02:15:48pm", "NORTHING": 531160.796, "EASTING": 941210.351, "COMMEMORATIVE": null, "ALIAS_ID": null, "OBJECTID": 3547, "OBSERVATI4": null}}, {"type": "Feature", "id": 4211, "geometry": {"type": "Point", "coordinates": [-80.13291511138317, 25.790726408989052]}, "properties": {"POINT_ID": 35912, "TREE_SPECI": "Cabbage Palm", "SCI_NAME": "Sabal palmetto", "DBH": 14, "MULTI_TRUN": "No", "CONDITION": "Good", "PRUNING": " ", "RISK_FACTO": "None", "OBSERVATIO": " ", "OBSERVATI2": " ", "OBSERVATI3": " ", "OVERHEAD_U": "No", "GROWING_SP": "Road/ROW", "GPS_DATE": 1494979200000, "GPS_TIME": "01:44:56pm", "NORTHING": 530567.611, "EASTING": 941471.288, "COMMEMORATIVE": null, "ALIAS_ID": null, "OBJECTID": 4211, "OBSERVATI4": null}}, {"type": "Feature", "id": 3710, "geometry": {"type": "Point", "coordinates": [-80.13406512316762, 25.79119333009854]}, "properties": {"POINT_ID": 35411, "TREE_SPECI": "Cabbage Palm", "SCI_NAME": "Sabal palmetto", "DBH": 13, "MULTI_TRUN": "No", "CONDITION": "Fair", "PRUNING": " ", "RISK_FACTO": "None", "OBSERVATIO": "Discolored Foliage", "OBSERVATI2": " ", "OBSERVATI3": " ", "OVERHEAD_U": "No", "GROWING_SP": "Road/ROW", "GPS_DATE": 1494979200000, "GPS_TIME": "09:12:26am", "NORTHING": 530734.833, "EASTING": 941091.757, "COMMEMORATIVE": null, "ALIAS_ID": null, "OBJECTID": 3710, "OBSERVATI4": null}}, {"type": "Feature", "id": 3378, "geometry": {"type": "Point", "coordinates": [-80.13451276327709, 25.79058579278187]}, "properties": {"POINT_ID": 35079, "TREE_SPECI": "Bottlebrush", "SCI_NAME": "Callistemon rigidus", "DBH": 23, "MULTI_TRUN": "No", "CONDITION": "Fair", "PRUNING": " ", "RISK_FACTO": "None", "OBSERVATIO": "Reduced Canopy - Moderate", "OBSERVATI2": "Co-Dominant Leaders", "OBSERVATI3": " ", "OVERHEAD_U": "No", "GROWING_SP": "Park", "GPS_DATE": 1494979200000, "GPS_TIME": "10:51:25am", "NORTHING": 530513.043, "EASTING": 940945.911, "COMMEMORATIVE": null, "ALIAS_ID": null, "OBJECTID": 3378, "OBSERVATI4": null}}, {"type": "Feature", "id": 8714, "geometry": {"type": "Point", "coordinates": [-80.1324303437542, 25.782485109420673]}, "properties": {"POINT_ID": 40415, "TREE_SPECI": "Coconut Palm", "SCI_NAME": "Cocos nucifera", "DBH": 9, "MULTI_TRUN": "No", "CONDITION": "Good", "PRUNING": " ", "RISK_FACTO": "None", "OBSERVATIO": "White Fly", "OBSERVATI2": " ", "OBSERVATI3": " ", "OVERHEAD_U": "No", "GROWING_SP": "Road/ROW", "GPS_DATE": 1503964800000, "GPS_TIME": "11:06:14am", "NORTHING": 527573.19, "EASTING": 941650.536, "COMMEMORATIVE": null, "ALIAS_ID": null, "OBJECTID": 8714, "OBSERVATI4": null}}, {"type": "Feature", "id": 6203, "geometry": {"type": "Point", "coordinates": [-80.13869826037171, 25.784987012161405]}, "properties": {"POINT_ID": 37904, "TREE_SPECI": "Royal Palm", "SCI_NAME": "Roystonea elata", "DBH": 54, "MULTI_TRUN": "Yes", "CONDITION": "Good", "PRUNING": " ", "RISK_FACTO": "None", "OBSERVATIO": "Cluster", "OBSERVATI2": " ", "OBSERVATI3": " ", "OVERHEAD_U": "No", "GROWING_SP": "Road/ROW", "GPS_DATE": 1501718400000, "GPS_TIME": "10:16:25am", "NORTHING": 528469.021, "EASTING": 939581.968, "COMMEMORATIVE": null, "ALIAS_ID": null, "OBJECTID": 6203, "OBSERVATI4": null}}, {"type": "Feature", "id": 7457, "geometry": {"type": "Point", "coordinates": [-80.13808057595472, 25.78703892078953]}, "properties": {"POINT_ID": 39158, "TREE_SPECI": "Silver Buttonwood", "SCI_NAME": "Conocarpus erectus var. sericeus", "DBH": 18, "MULTI_TRUN": "No", "CONDITION": "Good", "PRUNING": " ", "RISK_FACTO": "None", "OBSERVATIO": "Co-Dominant Leaders", "OBSERVATI2": "Leaning - Minor", "OBSERVATI3": " ", "OVERHEAD_U": "No", "GROWING_SP": "Parking Facility", "GPS_DATE": 1502928000000, "GPS_TIME": "10:27:37am", "NORTHING": 529216.158, "EASTING": 939780.347, "COMMEMORATIVE": null, "ALIAS_ID": null, "OBJECTID": 7457, "OBSERVATI4": null}}, {"type": "Feature", "id": 10543, "geometry": {"type": "Point", "coordinates": [-80.13035286449013, 25.779763931848567]}, "properties": {"POINT_ID": 42244, "TREE_SPECI": "Coconut Palm", "SCI_NAME": "Cocos nucifera", "DBH": 12, "MULTI_TRUN": "No", "CONDITION": "Good", "PRUNING": " ", "RISK_FACTO": "None", "OBSERVATIO": " ", "OBSERVATI2": " ", "OBSERVATI3": " ", "OVERHEAD_U": "No", "GROWING_SP": "Park", "GPS_DATE": 1503446400000, "GPS_TIME": "02:02:44pm", "NORTHING": 526588.63, "EASTING": 942340.715, "COMMEMORATIVE": null, "ALIAS_ID": null, "OBJECTID": 10543, "OBSERVATI4": null}}, {"type": "Feature", "id": 10374, "geometry": {"type": "Point", "coordinates": [-80.12973552146171, 25.781674618851707]}, "properties": {"POINT_ID": 42075, "TREE_SPECI": "Coconut Palm", "SCI_NAME": "Cocos nucifera", "DBH": 11, "MULTI_TRUN": "No", "CONDITION": "Fair", "PRUNING": " ", "RISK_FACTO": "None", "OBSERVATIO": "Discolored Foliage", "OBSERVATI2": " ", "OBSERVATI3": " ", "OVERHEAD_U": "No", "GROWING_SP": "Park", "GPS_DATE": 1503446400000, "GPS_TIME": "12:36:53pm", "NORTHING": 527284.45, "EASTING": 942539.284, "COMMEMORATIVE": null, "ALIAS_ID": null, "OBJECTID": 10374, "OBSERVATI4": null}}, {"type": "Feature", "id": 8788, "geometry": {"type": "Point", "coordinates": [-80.13111275593823, 25.78393832472459]}, "properties": {"POINT_ID": 40489, "TREE_SPECI": "Sylvester Date Palm", "SCI_NAME": "Phoenix sylvestris", "DBH": 14, "MULTI_TRUN": "No", "CONDITION": "Fair", "PRUNING": " ", "RISK_FACTO": "None", "OBSERVATIO": "Discolored Foliage", "OBSERVATI2": " ", "OBSERVATI3": " ", "OVERHEAD_U": "No", "GROWING_SP": "Road/ROW", "GPS_DATE": 1503964800000, "GPS_TIME": "12:59:28pm", "NORTHING": 528104.249, "EASTING": 942080.638, "COMMEMORATIVE": null, "ALIAS_ID": null, "OBJECTID": 8788, "OBSERVATI4": null}}, {"type": "Feature", "id": 2124, "geometry": {"type": "Point", "coordinates": [-80.1356472265824, 25.79575894689359]}, "properties": {"POINT_ID": 33825, "TREE_SPECI": "Ceylon Ironwood", "SCI_NAME": "Mesua ferrea", "DBH": 4, "MULTI_TRUN": "No", "CONDITION": "Good", "PRUNING": " ", "RISK_FACTO": "None", "OBSERVATIO": "Lopsided Canopy", "OBSERVATI2": " ", "OBSERVATI3": " ", "OVERHEAD_U": "No", "GROWING_SP": "Park", "GPS_DATE": 1499212800000, "GPS_TIME": "09:00:52am", "NORTHING": 532390.882, "EASTING": 940560.268, "COMMEMORATIVE": null, "ALIAS_ID": null, "OBJECTID": 2124, "OBSERVATI4": null}}, {"type": "Feature", "id": 29346, "geometry": {"type": "Point", "coordinates": [-80.13588189143564, 25.79751978399261]}, "properties": {"POINT_ID": 24925, "TREE_SPECI": "Live Oak", "SCI_NAME": null, "DBH": 7, "MULTI_TRUN": "No", "CONDITION": "Good", "PRUNING": "Crown Cleaning", "RISK_FACTO": "None", "OBSERVATIO": "Sprouting", "OBSERVATI2": " ", "OBSERVATI3": " ", "OVERHEAD_U": "No", "GROWING_SP": "ROW/Swale", "GPS_DATE": 1452556800000, "GPS_TIME": "02:49:32pm", "NORTHING": 533030.389, "EASTING": 940478.853, "COMMEMORATIVE": "N", "ALIAS_ID": null, "OBJECTID": 29346, "OBSERVATI4": null}}, {"type": "Feature", "id": 30769, "geometry": {"type": "Point", "coordinates": [-80.13793229307134, 25.798250881078538]}, "properties": {"POINT_ID": 29831, "TREE_SPECI": "Sea Grape", "SCI_NAME": null, "DBH": 6, "MULTI_TRUN": "No", "CONDITION": "Good", "PRUNING": " ", "RISK_FACTO": "None", "OBSERVATIO": " ", "OBSERVATI2": " ", "OBSERVATI3": " ", "OVERHEAD_U": "No", "GROWING_SP": "Golf Course", "GPS_DATE": 1460937600000, "GPS_TIME": "10:09:28am", "NORTHING": 533291.698, "EASTING": 939802.461, "COMMEMORATIVE": "N", "ALIAS_ID": null, "OBJECTID": 30769, "OBSERVATI4": null}}, {"type": "Feature", "id": 8124, "geometry": {"type": "Point", "coordinates": [-80.12818645740148, 25.78842041110949]}, "properties": {"POINT_ID": 39825, "TREE_SPECI": "Coconut Palm", "SCI_NAME": "Cocos nucifera", "DBH": 13, "MULTI_TRUN": "No", "CONDITION": "Fair", "PRUNING": " ", "RISK_FACTO": "None", "OBSERVATIO": "Discolored Foliage", "OBSERVATI2": " ", "OBSERVATI3": " ", "OVERHEAD_U": "No", "GROWING_SP": "Park", "GPS_DATE": 1503360000000, "GPS_TIME": "01:33:03pm", "NORTHING": 529739.721, "EASTING": 943032.818, "COMMEMORATIVE": null, "ALIAS_ID": null, "OBJECTID": 8124, "OBSERVATI4": null}}, {"type": "Feature", "id": 7789, "geometry": {"type": "Point", "coordinates": [-80.13188951000816, 25.787143791237202]}, "properties": {"POINT_ID": 39490, "TREE_SPECI": "Coconut Palm", "SCI_NAME": "Cocos nucifera", "DBH": 7, "MULTI_TRUN": "No", "CONDITION": "Fair", "PRUNING": " ", "RISK_FACTO": "None", "OBSERVATIO": "Discolored Foliage", "OBSERVATI2": "White Fly", "OBSERVATI3": " ", "OVERHEAD_U": "No", "GROWING_SP": "Road/ROW", "GPS_DATE": 1503273600000, "GPS_TIME": "02:55:39pm", "NORTHING": 529267.657, "EASTING": 941817.35, "COMMEMORATIVE": null, "ALIAS_ID": null, "OBJECTID": 7789, "OBSERVATI4": null}}, {"type": "Feature", "id": 8453, "geometry": {"type": "Point", "coordinates": [-80.12963546848094, 25.784927497719554]}, "properties": {"POINT_ID": 40154, "TREE_SPECI": "Coconut Palm", "SCI_NAME": "Cocos nucifera", "DBH": 9, "MULTI_TRUN": "No", "CONDITION": "Good", "PRUNING": " ", "RISK_FACTO": "None", "OBSERVATIO": " ", "OBSERVATI2": " ", "OBSERVATI3": " ", "OVERHEAD_U": "No", "GROWING_SP": "Park", "GPS_DATE": 1503446400000, "GPS_TIME": "08:39:37am", "NORTHING": 528466.994, "EASTING": 942564.397, "COMMEMORATIVE": null, "ALIAS_ID": null, "OBJECTID": 8453, "OBSERVATI4": null}}, {"type": "Feature", "id": 30511, "geometry": {"type": "Point", "coordinates": [-80.13932916803326, 25.79600027747802]}, "properties": {"POINT_ID": 29569, "TREE_SPECI": " ", "SCI_NAME": null, "DBH": 20, "MULTI_TRUN": "No", "CONDITION": "Fair", "PRUNING": " ", "RISK_FACTO": "None", "OBSERVATIO": "Trunk Damage - Moderate", "OBSERVATI2": " ", "OBSERVATI3": " ", "OVERHEAD_U": "No", "GROWING_SP": "Golf Course", "GPS_DATE": 1460419200000, "GPS_TIME": "10:42:31am", "NORTHING": 532470.662, "EASTING": 939348.191, "COMMEMORATIVE": "N", "ALIAS_ID": null, "OBJECTID": 30511, "OBSERVATI4": null}}, {"type": "Feature", "id": 1718, "geometry": {"type": "Point", "coordinates": [-80.13992876125005, 25.79077297089194]}, "properties": {"POINT_ID": 33419, "TREE_SPECI": "Bridalveil Tree", "SCI_NAME": "Caesalpinia granadillo", "DBH": 1, "MULTI_TRUN": "No", "CONDITION": "Good", "PRUNING": " ", "RISK_FACTO": "None", "OBSERVATIO": " ", "OBSERVATI2": " ", "OBSERVATI3": " ", "OVERHEAD_U": "No", "GROWING_SP": "Road/ROW", "GPS_DATE": 1492473600000, "GPS_TIME": "03:33:06pm", "NORTHING": 530569.4, "EASTING": 939163.313, "COMMEMORATIVE": null, "ALIAS_ID": null, "OBJECTID": 1718, "OBSERVATI4": null}}, {"type": "Feature", "id": 1887, "geometry": {"type": "Point", "coordinates": [-80.13721960266851, 25.79174747167202]}, "properties": {"POINT_ID": 33588, "TREE_SPECI": "Umbrella Tree", "SCI_NAME": "Schefflera actinophylla", "DBH": 30, "MULTI_TRUN": "No", "CONDITION": "Fair", "PRUNING": " ", "RISK_FACTO": "None", "OBSERVATIO": "Constricted Roots", "OBSERVATI2": "Co-Dominant Leaders", "OBSERVATI3": " ", "OVERHEAD_U": "No", "GROWING_SP": "Parking Facility", "GPS_DATE": 1492560000000, "GPS_TIME": "02:45:07pm", "NORTHING": 530929.434, "EASTING": 940052.449, "COMMEMORATIVE": null, "ALIAS_ID": null, "OBJECTID": 1887, "OBSERVATI4": null}}, {"type": "Feature", "id": 2714, "geometry": {"type": "Point", "coordinates": [-80.13569311438917, 25.79234937218862]}, "properties": {"POINT_ID": 34415, "TREE_SPECI": "Yellow Poinciana", "SCI_NAME": "Peltophorum pterocarpum", "DBH": 9, "MULTI_TRUN": "No", "CONDITION": "Good", "PRUNING": " ", "RISK_FACTO": "None", "OBSERVATIO": "Co-Dominant Leaders", "OBSERVATI2": "Trunk Damage - Minor", "OBSERVATI3": " ", "OVERHEAD_U": "No", "GROWING_SP": "Road/ROW", "GPS_DATE": 1493078400000, "GPS_TIME": "10:52:48am", "NORTHING": 531151.501, "EASTING": 940553.305, "COMMEMORATIVE": null, "ALIAS_ID": null, "OBJECTID": 2714, "OBSERVATI4": null}}, {"type": "Feature", "id": 30440, "geometry": {"type": "Point", "coordinates": [-80.13685576301818, 25.796160524874345]}, "properties": {"POINT_ID": 29498, "TREE_SPECI": "Cabbage Palm", "SCI_NAME": null, "DBH": 8, "MULTI_TRUN": "No", "CONDITION": "Good", "PRUNING": " ", "RISK_FACTO": "None", "OBSERVATIO": " ", "OBSERVATI2": " ", "OBSERVATI3": " ", "OVERHEAD_U": "No", "GROWING_SP": "Golf Course", "GPS_DATE": 1460419200000, "GPS_TIME": "09:24:35am", "NORTHING": 532534.235, "EASTING": 940161.655, "COMMEMORATIVE": "N", "ALIAS_ID": null, "OBJECTID": 30440, "OBSERVATI4": null}}, {"type": "Feature", "id": 2551, "geometry": {"type": "Point", "coordinates": [-80.13586964461547, 25.795102246282507]}, "properties": {"POINT_ID": 34252, "TREE_SPECI": "Spicewood", "SCI_NAME": "Calyptranthes pallens", "DBH": 6, "MULTI_TRUN": "Yes", "CONDITION": "Good", "PRUNING": " ", "RISK_FACTO": "None", "OBSERVATIO": " ", "OBSERVATI2": " ", "OBSERVATI3": " ", "OVERHEAD_U": "No", "GROWING_SP": "Park", "GPS_DATE": 1497916800000, "GPS_TIME": "10:28:20am", "NORTHING": 532151.71, "EASTING": 940488.651, "COMMEMORATIVE": null, "ALIAS_ID": null, "OBJECTID": 2551, "OBSERVATI4": null}}, {"type": "Feature", "id": 5393, "geometry": {"type": "Point", "coordinates": [-80.12709286124212, 25.795449958078187]}, "properties": {"POINT_ID": 37094, "TREE_SPECI": "Cabbage Palm", "SCI_NAME": "Sabal palmetto", "DBH": 13, "MULTI_TRUN": "No", "CONDITION": "Fair", "PRUNING": " ", "RISK_FACTO": "None", "OBSERVATIO": "Discolored Foliage", "OBSERVATI2": " ", "OBSERVATI3": " ", "OVERHEAD_U": "No", "GROWING_SP": "Park", "GPS_DATE": 1501632000000, "GPS_TIME": "01:29:52pm", "NORTHING": 532297.144, "EASTING": 943375.739, "COMMEMORATIVE": null, "ALIAS_ID": null, "OBJECTID": 5393, "OBSERVATI4": null}}, {"type": "Feature", "id": 5848, "geometry": {"type": "Point", "coordinates": [-80.12747209837774, 25.791851500880632]}, "properties": {"POINT_ID": 37549, "TREE_SPECI": "Coconut Palm", "SCI_NAME": "Cocos nucifera", "DBH": 9, "MULTI_TRUN": "No", "CONDITION": "Critical", "PRUNING": "Remove Tree", "RISK_FACTO": "Reduced Canopy - Major", "OBSERVATIO": "Reduced Canopy - Major", "OBSERVATI2": " ", "OBSERVATI3": " ", "OVERHEAD_U": "No", "GROWING_SP": "Park", "GPS_DATE": 1502841600000, "GPS_TIME": "01:49:01pm", "NORTHING": 530988.381, "EASTING": 943259.622, "COMMEMORATIVE": null, "ALIAS_ID": null, "OBJECTID": 5848, "OBSERVATI4": null}}, {"type": "Feature", "id": 5774, "geometry": {"type": "Point", "coordinates": [-80.12765901633156, 25.79246527449593]}, "properties": {"POINT_ID": 37475, "TREE_SPECI": "Coconut Palm", "SCI_NAME": "Cocos nucifera", "DBH": 9, "MULTI_TRUN": "No", "CONDITION": "Fair", "PRUNING": " ", "RISK_FACTO": "None", "OBSERVATIO": "Discolored Foliage", "OBSERVATI2": " ", "OBSERVATI3": " ", "OVERHEAD_U": "No", "GROWING_SP": "Park", "GPS_DATE": 1502841600000, "GPS_TIME": "01:14:48pm", "NORTHING": 531211.062, "EASTING": 943196.638, "COMMEMORATIVE": null, "ALIAS_ID": null, "OBJECTID": 5774, "OBSERVATI4": null}}, {"type": "Feature", "id": 5725, "geometry": {"type": "Point", "coordinates": [-80.12791131217011, 25.792471898227827]}, "properties": {"POINT_ID": 37426, "TREE_SPECI": "Cabbage Palm", "SCI_NAME": "Sabal palmetto", "DBH": 13, "MULTI_TRUN": "No", "CONDITION": "Fair", "PRUNING": " ", "RISK_FACTO": "None", "OBSERVATIO": "Discolored Foliage", "OBSERVATI2": " ", "OBSERVATI3": " ", "OVERHEAD_U": "No", "GROWING_SP": "Park", "GPS_DATE": 1502841600000, "GPS_TIME": "11:59:40am", "NORTHING": 531212.92, "EASTING": 943113.605, "COMMEMORATIVE": null, "ALIAS_ID": null, "OBJECTID": 5725, "OBSERVATI4": null}}, {"type": "Feature", "id": 5184, "geometry": {"type": "Point", "coordinates": [-80.12814747620884, 25.796490291510235]}, "properties": {"POINT_ID": 36885, "TREE_SPECI": "Cabbage Palm", "SCI_NAME": "Sabal palmetto", "DBH": 12, "MULTI_TRUN": "No", "CONDITION": "Good", "PRUNING": " ", "RISK_FACTO": "None", "OBSERVATIO": " ", "OBSERVATI2": " ", "OBSERVATI3": " ", "OVERHEAD_U": "No", "GROWING_SP": "Park", "GPS_DATE": 1499731200000, "GPS_TIME": "11:41:31am", "NORTHING": 532672.977, "EASTING": 943026.223, "COMMEMORATIVE": null, "ALIAS_ID": null, "OBJECTID": 5184, "OBSERVATI4": null}}, {"type": "Feature", "id": 4852, "geometry": {"type": "Point", "coordinates": [-80.12923011278106, 25.796947847986434]}, "properties": {"POINT_ID": 36553, "TREE_SPECI": "Washingtonia Palm", "SCI_NAME": "Washingtonia robusta", "DBH": 10, "MULTI_TRUN": "No", "CONDITION": "Good", "PRUNING": " ", "RISK_FACTO": "None", "OBSERVATIO": " ", "OBSERVATI2": " ", "OBSERVATI3": " ", "OVERHEAD_U": "No", "GROWING_SP": "Park", "GPS_DATE": 1499299200000, "GPS_TIME": "11:53:12am", "NORTHING": 532836.928, "EASTING": 942668.895, "COMMEMORATIVE": null, "ALIAS_ID": null, "OBJECTID": 4852, "OBSERVATI4": null}}, {"type": "Feature", "id": 4188, "geometry": {"type": "Point", "coordinates": [-80.13333831688225, 25.79061656975631]}, "properties": {"POINT_ID": 35889, "TREE_SPECI": "Pygmy Date Palm", "SCI_NAME": "Phoenix roebelenii", "DBH": 5, "MULTI_TRUN": "No", "CONDITION": "Good", "PRUNING": " ", "RISK_FACTO": "None", "OBSERVATIO": " ", "OBSERVATI2": " ", "OBSERVATI3": " ", "OVERHEAD_U": "No", "GROWING_SP": "Park", "GPS_DATE": 1494979200000, "GPS_TIME": "01:24:27pm", "NORTHING": 530526.771, "EASTING": 941332.294, "COMMEMORATIVE": null, "ALIAS_ID": null, "OBJECTID": 4188, "OBSERVATI4": null}}, {"type": "Feature", "id": 3733, "geometry": {"type": "Point", "coordinates": [-80.13350020072922, 25.791205758316654]}, "properties": {"POINT_ID": 35434, "TREE_SPECI": "Cabbage Palm", "SCI_NAME": "Sabal palmetto", "DBH": 12, "MULTI_TRUN": "No", "CONDITION": "Good", "PRUNING": " ", "RISK_FACTO": "None", "OBSERVATIO": " ", "OBSERVATI2": " ", "OBSERVATI3": " ", "OVERHEAD_U": "No", "GROWING_SP": "Road/ROW", "GPS_DATE": 1494979200000, "GPS_TIME": "09:30:11am", "NORTHING": 530740.573, "EASTING": 941277.616, "COMMEMORATIVE": null, "ALIAS_ID": null, "OBJECTID": 3733, "OBSERVATI4": null}}, {"type": "Feature", "id": 9192, "geometry": {"type": "Point", "coordinates": [-80.13835394332563, 25.77850907839932]}, "properties": {"POINT_ID": 40893, "TREE_SPECI": "Black Olive", "SCI_NAME": "Bucida buceras", "DBH": 16, "MULTI_TRUN": "No", "CONDITION": "Critical", "PRUNING": "Remove Tree", "RISK_FACTO": "Decay - Severe", "OBSERVATIO": "Decay Observed", "OBSERVATI2": "Constricted Roots", "OBSERVATI3": "Defoliated - Moderate", "OVERHEAD_U": "No", "GROWING_SP": "Road/ROW", "GPS_DATE": 1503360000000, "GPS_TIME": "12:26:01pm", "NORTHING": 526115.225, "EASTING": 939710.674, "COMMEMORATIVE": null, "ALIAS_ID": null, "OBJECTID": 9192, "OBSERVATI4": null}}, {"type": "Feature", "id": 8479, "geometry": {"type": "Point", "coordinates": [-80.12934401986101, 25.784364904799865]}, "properties": {"POINT_ID": 40180, "TREE_SPECI": "Coconut Palm", "SCI_NAME": "Cocos nucifera", "DBH": 10, "MULTI_TRUN": "No", "CONDITION": "Good", "PRUNING": " ", "RISK_FACTO": "None", "OBSERVATIO": " ", "OBSERVATI2": " ", "OBSERVATI3": " ", "OVERHEAD_U": "No", "GROWING_SP": "Park", "GPS_DATE": 1503446400000, "GPS_TIME": "09:02:44am", "NORTHING": 528263.142, "EASTING": 942661.655, "COMMEMORATIVE": null, "ALIAS_ID": null, "OBJECTID": 8479, "OBSERVATI4": null}}, {"type": "Feature", "id": 2479, "geometry": {"type": "Point", "coordinates": [-80.13531927876184, 25.79598262383899]}, "properties": {"POINT_ID": 34180, "TREE_SPECI": "Solitaire Palm", "SCI_NAME": "Ptychosperma elegans", "DBH": 3, "MULTI_TRUN": "No", "CONDITION": "Good", "PRUNING": " ", "RISK_FACTO": "None", "OBSERVATIO": " ", "OBSERVATI2": " ", "OBSERVATI3": " ", "OVERHEAD_U": "No", "GROWING_SP": "Park", "GPS_DATE": 1498608000000, "GPS_TIME": "02:02:09pm", "NORTHING": 532472.891, "EASTING": 940667.642, "COMMEMORATIVE": null, "ALIAS_ID": null, "OBJECTID": 2479, "OBSERVATI4": null}}, {"type": "Feature", "id": 2196, "geometry": {"type": "Point", "coordinates": [-80.13528346504711, 25.796170900936424]}, "properties": {"POINT_ID": 33897, "TREE_SPECI": "Buri Palm", "SCI_NAME": "Corypha sp.", "DBH": 1, "MULTI_TRUN": "No", "CONDITION": "Good", "PRUNING": " ", "RISK_FACTO": "None", "OBSERVATIO": " ", "OBSERVATI2": " ", "OBSERVATI3": " ", "OVERHEAD_U": "No", "GROWING_SP": "Parking Facility", "GPS_DATE": 1499212800000, "GPS_TIME": "10:41:51am", "NORTHING": 532541.401, "EASTING": 940678.977, "COMMEMORATIVE": null, "ALIAS_ID": null, "OBJECTID": 2196, "OBSERVATI4": null}}, {"type": "Feature", "id": 2737, "geometry": {"type": "Point", "coordinates": [-80.13544721709934, 25.79243775769266]}, "properties": {"POINT_ID": 34438, "TREE_SPECI": "Tropical Almond", "SCI_NAME": "Terminalia catappa", "DBH": 34, "MULTI_TRUN": "No", "CONDITION": "Good", "PRUNING": " ", "RISK_FACTO": "None", "OBSERVATIO": "Co-Dominant Leaders", "OBSERVATI2": "Trunk Damage - Minor", "OBSERVATI3": "Constricted Roots", "OVERHEAD_U": "No", "GROWING_SP": "Road/ROW", "GPS_DATE": 1493078400000, "GPS_TIME": "11:16:09am", "NORTHING": 531184.158, "EASTING": 940634.006, "COMMEMORATIVE": null, "ALIAS_ID": null, "OBJECTID": 2737, "OBSERVATI4": null}}, {"type": "Feature", "id": 3782, "geometry": {"type": "Point", "coordinates": [-80.1328794440592, 25.79210460810222]}, "properties": {"POINT_ID": 35483, "TREE_SPECI": "Montgomery Palm", "SCI_NAME": "Veitchia montgomeryana", "DBH": 8, "MULTI_TRUN": "No", "CONDITION": "Good", "PRUNING": " ", "RISK_FACTO": "None", "OBSERVATIO": " ", "OBSERVATI2": " ", "OBSERVATI3": " ", "OVERHEAD_U": "No", "GROWING_SP": "Park", "GPS_DATE": 1494374400000, "GPS_TIME": "11:00:07am", "NORTHING": 531068.624, "EASTING": 941479.726, "COMMEMORATIVE": null, "ALIAS_ID": null, "OBJECTID": 3782, "OBSERVATI4": null}}, {"type": "Feature", "id": 8098, "geometry": {"type": "Point", "coordinates": [-80.1281052252511, 25.788973643671888]}, "properties": {"POINT_ID": 39799, "TREE_SPECI": "Coconut Palm", "SCI_NAME": "Cocos nucifera", "DBH": 12, "MULTI_TRUN": "No", "CONDITION": "Fair", "PRUNING": " ", "RISK_FACTO": "None", "OBSERVATIO": "Discolored Foliage", "OBSERVATI2": " ", "OBSERVATI3": " ", "OVERHEAD_U": "No", "GROWING_SP": "Park", "GPS_DATE": 1503360000000, "GPS_TIME": "01:18:47pm", "NORTHING": 529940.982, "EASTING": 943058.217, "COMMEMORATIVE": null, "ALIAS_ID": null, "OBJECTID": 8098, "OBSERVATI4": null}}, {"type": "Feature", "id": 8430, "geometry": {"type": "Point", "coordinates": [-80.12968782387561, 25.785041858584126]}, "properties": {"POINT_ID": 40131, "TREE_SPECI": "Coconut Palm", "SCI_NAME": "Cocos nucifera", "DBH": 10, "MULTI_TRUN": "No", "CONDITION": "Good", "PRUNING": " ", "RISK_FACTO": "None", "OBSERVATIO": " ", "OBSERVATI2": " ", "OBSERVATI3": " ", "OVERHEAD_U": "No", "GROWING_SP": "Park", "GPS_DATE": 1503446400000, "GPS_TIME": "08:06:31am", "NORTHING": 528508.447, "EASTING": 942546.893, "COMMEMORATIVE": null, "ALIAS_ID": null, "OBJECTID": 8430, "OBSERVATI4": null}}, {"type": "Feature", "id": 7483, "geometry": {"type": "Point", "coordinates": [-80.13841801025356, 25.786671324437748]}, "properties": {"POINT_ID": 39184, "TREE_SPECI": "Mahogany", "SCI_NAME": "Swietenia mahagoni", "DBH": 12, "MULTI_TRUN": "No", "CONDITION": "Poor", "PRUNING": " ", "RISK_FACTO": "None", "OBSERVATIO": "Constricted Roots", "OBSERVATI2": "Co-Dominant Leaders", "OBSERVATI3": "Leaning - Moderate", "OVERHEAD_U": "No", "GROWING_SP": "Parking Facility", "GPS_DATE": 1502928000000, "GPS_TIME": "10:47:29am", "NORTHING": 529081.821, "EASTING": 939670.184, "COMMEMORATIVE": null, "ALIAS_ID": null, "OBJECTID": 7483, "OBSERVATI4": null}}, {"type": "Feature", "id": 7434, "geometry": {"type": "Point", "coordinates": [-80.13754053940923, 25.78648341845193]}, "properties": {"POINT_ID": 39135, "TREE_SPECI": "Podocarpus", "SCI_NAME": "Podocarpus macrophyllus", "DBH": 14, "MULTI_TRUN": "No", "CONDITION": "Good", "PRUNING": " ", "RISK_FACTO": "None", "OBSERVATIO": "Co-Dominant Leaders", "OBSERVATI2": " ", "OBSERVATI3": " ", "OVERHEAD_U": "No", "GROWING_SP": "Park", "GPS_DATE": 1502928000000, "GPS_TIME": "09:53:42am", "NORTHING": 529015.413, "EASTING": 939959.376, "COMMEMORATIVE": null, "ALIAS_ID": null, "OBJECTID": 7434, "OBSERVATI4": null}}, {"type": "Feature", "id": 2073, "geometry": {"type": "Point", "coordinates": [-80.1371813920368, 25.790658566197024]}, "properties": {"POINT_ID": 33774, "TREE_SPECI": "Royal Palm", "SCI_NAME": "Roystonea elata", "DBH": 16, "MULTI_TRUN": "No", "CONDITION": "Fair", "PRUNING": " ", "RISK_FACTO": "None", "OBSERVATIO": "Discolored Foliage", "OBSERVATI2": " ", "OBSERVATI3": " ", "OVERHEAD_U": "No", "GROWING_SP": "Park", "GPS_DATE": 1494460800000, "GPS_TIME": "02:02:50pm", "NORTHING": 530533.731, "EASTING": 940067.616, "COMMEMORATIVE": null, "ALIAS_ID": null, "OBJECTID": 2073, "OBSERVATI4": null}}, {"type": "Feature", "id": 9733, "geometry": {"type": "Point", "coordinates": [-80.13078711257899, 25.780050056999933]}, "properties": {"POINT_ID": 41434, "TREE_SPECI": "Coconut Palm", "SCI_NAME": "Cocos nucifera", "DBH": 10, "MULTI_TRUN": "No", "CONDITION": "Good", "PRUNING": " ", "RISK_FACTO": "None", "OBSERVATIO": " ", "OBSERVATI2": " ", "OBSERVATI3": " ", "OVERHEAD_U": "No", "GROWING_SP": "Road/ROW", "GPS_DATE": 1503964800000, "GPS_TIME": "09:11:44am", "NORTHING": 526691.685, "EASTING": 942197.124, "COMMEMORATIVE": null, "ALIAS_ID": null, "OBJECTID": 9733, "OBSERVATI4": null}}, {"type": "Feature", "id": 2147, "geometry": {"type": "Point", "coordinates": [-80.13557213214791, 25.795565282477295]}, "properties": {"POINT_ID": 33848, "TREE_SPECI": "Bahamian Trumpet Tree", "SCI_NAME": "Tabebuia bahamensis", "DBH": 4, "MULTI_TRUN": "No", "CONDITION": "Good", "PRUNING": " ", "RISK_FACTO": "None", "OBSERVATIO": " ", "OBSERVATI2": " ", "OBSERVATI3": " ", "OVERHEAD_U": "No", "GROWING_SP": "Park", "GPS_DATE": 1499212800000, "GPS_TIME": "09:51:32am", "NORTHING": 532320.653, "EASTING": 940585.44, "COMMEMORATIVE": null, "ALIAS_ID": null, "OBJECTID": 2147, "OBSERVATI4": null}}, {"type": "Feature", "id": 3069, "geometry": {"type": "Point", "coordinates": [-80.13579371934827, 25.79561556938497]}, "properties": {"POINT_ID": 34770, "TREE_SPECI": "Solitaire Palm", "SCI_NAME": "Ptychosperma elegans", "DBH": 3, "MULTI_TRUN": "No", "CONDITION": "Good", "PRUNING": " ", "RISK_FACTO": "None", "OBSERVATIO": " ", "OBSERVATI2": " ", "OBSERVATI3": " ", "OVERHEAD_U": "No", "GROWING_SP": "Park", "GPS_DATE": 1493164800000, "GPS_TIME": "11:15:04am", "NORTHING": 532338.452, "EASTING": 940512.409, "COMMEMORATIVE": null, "ALIAS_ID": null, "OBJECTID": 3069, "OBSERVATI4": null}}, {"type": "Feature", "id": 30697, "geometry": {"type": "Point", "coordinates": [-80.13593208029927, 25.79787137583985]}, "properties": {"POINT_ID": 29759, "TREE_SPECI": "Coconut Palm", "SCI_NAME": null, "DBH": 10, "MULTI_TRUN": "No", "CONDITION": "Good", "PRUNING": " ", "RISK_FACTO": "None", "OBSERVATIO": " ", "OBSERVATI2": " ", "OBSERVATI3": " ", "OVERHEAD_U": "No", "GROWING_SP": "Golf Course", "GPS_DATE": 1460937600000, "GPS_TIME": "08:21:25am", "NORTHING": 533158.074, "EASTING": 940461.501, "COMMEMORATIVE": "N", "ALIAS_ID": null, "OBJECTID": 30697, "OBSERVATI4": null}}, {"type": "Feature", "id": 30746, "geometry": {"type": "Point", "coordinates": [-80.13860135587254, 25.797300386580755]}, "properties": {"POINT_ID": 29808, "TREE_SPECI": "Coconut Palm", "SCI_NAME": null, "DBH": 8, "MULTI_TRUN": "No", "CONDITION": "Good", "PRUNING": " ", "RISK_FACTO": "None", "OBSERVATIO": " ", "OBSERVATI2": " ", "OBSERVATI3": " ", "OVERHEAD_U": "No", "GROWING_SP": "Golf Course", "GPS_DATE": 1460937600000, "GPS_TIME": "09:39:02am", "NORTHING": 532944.78, "EASTING": 939584.578, "COMMEMORATIVE": "N", "ALIAS_ID": null, "OBJECTID": 30746, "OBSERVATI4": null}}, {"type": "Feature", "id": 29086, "geometry": {"type": "Point", "coordinates": [-80.1383536427179, 25.79818516579071]}, "properties": {"POINT_ID": 24665, "TREE_SPECI": "Date Palm", "SCI_NAME": null, "DBH": 23, "MULTI_TRUN": "No", "CONDITION": "Good", "PRUNING": " ", "RISK_FACTO": "None", "OBSERVATIO": "Trunk Damage - Minor", "OBSERVATI2": " ", "OBSERVATI3": " ", "OVERHEAD_U": "No", "GROWING_SP": "Median", "GPS_DATE": 1452556800000, "GPS_TIME": "09:38:12am", "NORTHING": 533266.905, "EASTING": 939663.979, "COMMEMORATIVE": "N", "ALIAS_ID": null, "OBJECTID": 29086, "OBSERVATI4": null}}, {"type": "Feature", "id": 8147, "geometry": {"type": "Point", "coordinates": [-80.12815629914185, 25.787749202964488]}, "properties": {"POINT_ID": 39848, "TREE_SPECI": "Coconut Palm", "SCI_NAME": "Cocos nucifera", "DBH": 9, "MULTI_TRUN": "No", "CONDITION": "Poor", "PRUNING": " ", "RISK_FACTO": "None", "OBSERVATIO": "Discolored Foliage", "OBSERVATI2": " ", "OBSERVATI3": " ", "OVERHEAD_U": "No", "GROWING_SP": "Park", "GPS_DATE": 1503360000000, "GPS_TIME": "01:43:41pm", "NORTHING": 529495.822, "EASTING": 943044.357, "COMMEMORATIVE": null, "ALIAS_ID": null, "OBJECTID": 8147, "OBSERVATI4": null}}, {"type": "Feature", "id": 6389, "geometry": {"type": "Point", "coordinates": [-80.14123617515774, 25.786820945012114]}, "properties": {"POINT_ID": 38090, "TREE_SPECI": "Live Oak", "SCI_NAME": "Quercus virginiana", "DBH": 5, "MULTI_TRUN": "No", "CONDITION": "Good", "PRUNING": " ", "RISK_FACTO": "None", "OBSERVATIO": " ", "OBSERVATI2": " ", "OBSERVATI3": " ", "OVERHEAD_U": "No", "GROWING_SP": "Road/ROW", "GPS_DATE": 1501804800000, "GPS_TIME": "09:19:33am", "NORTHING": 529130.147, "EASTING": 938742.472, "COMMEMORATIVE": null, "ALIAS_ID": null, "OBJECTID": 6389, "OBSERVATI4": null}}, {"type": "Feature", "id": 6487, "geometry": {"type": "Point", "coordinates": [-80.14105763854089, 25.78520111826701]}, "properties": {"POINT_ID": 38188, "TREE_SPECI": "Montgomery Palm", "SCI_NAME": "Veitchia montgomeryana", "DBH": 16, "MULTI_TRUN": "Yes", "CONDITION": "Good", "PRUNING": " ", "RISK_FACTO": "None", "OBSERVATIO": "Cluster", "OBSERVATI2": " ", "OBSERVATI3": " ", "OVERHEAD_U": "No", "GROWING_SP": "Road/ROW", "GPS_DATE": 1501804800000, "GPS_TIME": "11:51:46am", "NORTHING": 528541.771, "EASTING": 938805.062, "COMMEMORATIVE": null, "ALIAS_ID": null, "OBJECTID": 6487, "OBSERVATI4": null}}, {"type": "Feature", "id": 9143, "geometry": {"type": "Point", "coordinates": [-80.14076096966424, 25.779853146539097]}, "properties": {"POINT_ID": 40844, "TREE_SPECI": "Live Oak", "SCI_NAME": "Quercus virginiana", "DBH": 4, "MULTI_TRUN": "No", "CONDITION": "Fair", "PRUNING": " ", "RISK_FACTO": "None", "OBSERVATIO": "Leaning - Minor", "OBSERVATI2": "Defoliated - Minor", "OBSERVATI3": " ", "OVERHEAD_U": "No", "GROWING_SP": "Road/ROW", "GPS_DATE": 1503360000000, "GPS_TIME": "10:08:03am", "NORTHING": 526598.58, "EASTING": 938915.367, "COMMEMORATIVE": null, "ALIAS_ID": null, "OBJECTID": 9143, "OBSERVATI4": null}}, {"type": "Feature", "id": 2528, "geometry": {"type": "Point", "coordinates": [-80.13567885520244, 25.79502503718026]}, "properties": {"POINT_ID": 34229, "TREE_SPECI": "Gumbo Limbo", "SCI_NAME": "Bursera simaruba", "DBH": 3, "MULTI_TRUN": "No", "CONDITION": "Fair", "PRUNING": " ", "RISK_FACTO": "None", "OBSERVATIO": "Leaning - Minor", "OBSERVATI2": "Co-Dominant Leaders", "OBSERVATI3": " ", "OVERHEAD_U": "No", "GROWING_SP": "Park", "GPS_DATE": 1497916800000, "GPS_TIME": "09:56:03am", "NORTHING": 532124.059, "EASTING": 940551.613, "COMMEMORATIVE": null, "ALIAS_ID": null, "OBJECTID": 2528, "OBSERVATI4": null}}, {"type": "Feature", "id": 3192, "geometry": {"type": "Point", "coordinates": [-80.13638509906258, 25.79573916952155]}, "properties": {"POINT_ID": 34893, "TREE_SPECI": "Coconut Palm", "SCI_NAME": "Cocos nucifera", "DBH": 9, "MULTI_TRUN": "No", "CONDITION": "Good", "PRUNING": " ", "RISK_FACTO": "None", "OBSERVATIO": " ", "OBSERVATI2": " ", "OBSERVATI3": " ", "OVERHEAD_U": "No", "GROWING_SP": "Park", "GPS_DATE": 1493164800000, "GPS_TIME": "01:19:04pm", "NORTHING": 532382.1, "EASTING": 940317.527, "COMMEMORATIVE": null, "ALIAS_ID": null, "OBJECTID": 3192, "OBSERVATI4": null}}, {"type": "Feature", "id": 3143, "geometry": {"type": "Point", "coordinates": [-80.13615012775561, 25.795783475540933]}, "properties": {"POINT_ID": 34844, "TREE_SPECI": "Solitaire Palm", "SCI_NAME": "Ptychosperma elegans", "DBH": 2, "MULTI_TRUN": "No", "CONDITION": "Good", "PRUNING": " ", "RISK_FACTO": "None", "OBSERVATIO": " ", "OBSERVATI2": " ", "OBSERVATI3": " ", "OVERHEAD_U": "No", "GROWING_SP": "Park", "GPS_DATE": 1493164800000, "GPS_TIME": "12:49:43pm", "NORTHING": 532398.711, "EASTING": 940394.736, "COMMEMORATIVE": null, "ALIAS_ID": null, "OBJECTID": 3143, "OBSERVATI4": null}}, {"type": "Feature", "id": 4778, "geometry": {"type": "Point", "coordinates": [-80.12924388944143, 25.797304618814945]}, "properties": {"POINT_ID": 36479, "TREE_SPECI": "Coconut Palm", "SCI_NAME": "Cocos nucifera", "DBH": 10, "MULTI_TRUN": "No", "CONDITION": "Good", "PRUNING": " ", "RISK_FACTO": "None", "OBSERVATIO": " ", "OBSERVATI2": " ", "OBSERVATI3": " ", "OVERHEAD_U": "No", "GROWING_SP": "Park", "GPS_DATE": 1499299200000, "GPS_TIME": "10:06:52am", "NORTHING": 532966.574, "EASTING": 942663.504, "COMMEMORATIVE": null, "ALIAS_ID": null, "OBJECTID": 4778, "OBSERVATI4": null}}, {"type": "Feature", "id": 4729, "geometry": {"type": "Point", "coordinates": [-80.12957132964004, 25.797697721993416]}, "properties": {"POINT_ID": 36430, "TREE_SPECI": "Live Oak", "SCI_NAME": "Quercus virginiana", "DBH": 9, "MULTI_TRUN": "No", "CONDITION": "Good", "PRUNING": " ", "RISK_FACTO": "None", "OBSERVATIO": "Co-Dominant Leaders", "OBSERVATI2": " ", "OBSERVATI3": " ", "OVERHEAD_U": "No", "GROWING_SP": "Park", "GPS_DATE": 1499299200000, "GPS_TIME": "09:36:50am", "NORTHING": 533108.743, "EASTING": 942554.82, "COMMEMORATIVE": null, "ALIAS_ID": null, "OBJECTID": 4729, "OBSERVATI4": null}}, {"type": "Feature", "id": 5442, "geometry": {"type": "Point", "coordinates": [-80.1293049360471, 25.79533467191177]}, "properties": {"POINT_ID": 37143, "TREE_SPECI": "Coconut Palm", "SCI_NAME": "Cocos nucifera", "DBH": 9, "MULTI_TRUN": "No", "CONDITION": "Good", "PRUNING": " ", "RISK_FACTO": "None", "OBSERVATIO": " ", "OBSERVATI2": " ", "OBSERVATI3": " ", "OVERHEAD_U": "No", "GROWING_SP": "Road/ROW", "GPS_DATE": 1501632000000, "GPS_TIME": "03:13:05pm", "NORTHING": 532250.421, "EASTING": 942648.153, "COMMEMORATIVE": null, "ALIAS_ID": null, "OBJECTID": 5442, "OBSERVATI4": null}}, {"type": "Feature", "id": 1532, "geometry": {"type": "Point", "coordinates": [-80.14137163189878, 25.790917795261162]}, "properties": {"POINT_ID": 33233, "TREE_SPECI": "Live Oak", "SCI_NAME": "Quercus virginiana", "DBH": 6, "MULTI_TRUN": "No", "CONDITION": "Fair", "PRUNING": " ", "RISK_FACTO": "None", "OBSERVATIO": "Constricted Roots", "OBSERVATI2": " ", "OBSERVATI3": " ", "OVERHEAD_U": "No", "GROWING_SP": "Road/ROW", "GPS_DATE": 1492473600000, "GPS_TIME": "11:28:44am", "NORTHING": 530618.94, "EASTING": 938688.189, "COMMEMORATIVE": null, "ALIAS_ID": null, "OBJECTID": 1532, "OBSERVATI4": null}}, {"type": "Feature", "id": 29037, "geometry": {"type": "Point", "coordinates": [-80.13916578585767, 25.798684595006087]}, "properties": {"POINT_ID": 24616, "TREE_SPECI": "Coconut Palm", "SCI_NAME": null, "DBH": 8, "MULTI_TRUN": "No", "CONDITION": "Fair", "PRUNING": " ", "RISK_FACTO": "None", "OBSERVATIO": "Discolored Foliage", "OBSERVATI2": " ", "OBSERVATI3": " ", "OVERHEAD_U": "No", "GROWING_SP": "ROW/Swale", "GPS_DATE": 1452211200000, "GPS_TIME": "03:05:24pm", "NORTHING": 533446.685, "EASTING": 939395.571, "COMMEMORATIVE": "N", "ALIAS_ID": null, "OBJECTID": 29037, "OBSERVATI4": null}}, {"type": "Feature", "id": 5250, "geometry": {"type": "Point", "coordinates": [-80.1269022253683, 25.7958687922725]}, "properties": {"POINT_ID": 36951, "TREE_SPECI": "Cabbage Palm", "SCI_NAME": "Sabal palmetto", "DBH": 12, "MULTI_TRUN": "No", "CONDITION": "Good", "PRUNING": " ", "RISK_FACTO": "None", "OBSERVATIO": " ", "OBSERVATI2": " ", "OBSERVATI3": " ", "OVERHEAD_U": "No", "GROWING_SP": "Park", "GPS_DATE": 1499731200000, "GPS_TIME": "12:59:55pm", "NORTHING": 532449.795, "EASTING": 943437.456, "COMMEMORATIVE": null, "ALIAS_ID": null, "OBJECTID": 5250, "OBSERVATI4": null}}, {"type": "Feature", "id": 5256, "geometry": {"type": "Point", "coordinates": [-80.12659068884953, 25.795866011760385]}, "properties": {"POINT_ID": 36957, "TREE_SPECI": "Coconut Palm", "SCI_NAME": "Cocos nucifera", "DBH": 10, "MULTI_TRUN": "No", "CONDITION": "Fair", "PRUNING": " ", "RISK_FACTO": "None", "OBSERVATIO": "Discolored Foliage", "OBSERVATI2": " ", "OBSERVATI3": " ", "OVERHEAD_U": "No", "GROWING_SP": "Park", "GPS_DATE": 1499731200000, "GPS_TIME": "01:02:50pm", "NORTHING": 532449.464, "EASTING": 943539.971, "COMMEMORATIVE": null, "ALIAS_ID": null, "OBJECTID": 5256, "OBSERVATI4": null}}, {"type": "Feature", "id": 5748, "geometry": {"type": "Point", "coordinates": [-80.12757847724359, 25.793342603767986]}, "properties": {"POINT_ID": 37449, "TREE_SPECI": "Coconut Palm", "SCI_NAME": "Cocos nucifera", "DBH": 9, "MULTI_TRUN": "No", "CONDITION": "Fair", "PRUNING": " ", "RISK_FACTO": "None", "OBSERVATIO": "Discolored Foliage", "OBSERVATI2": " ", "OBSERVATI3": " ", "OVERHEAD_U": "No", "GROWING_SP": "Park", "GPS_DATE": 1502841600000, "GPS_TIME": "12:10:07pm", "NORTHING": 531530.122, "EASTING": 943221.027, "COMMEMORATIVE": null, "ALIAS_ID": null, "OBJECTID": 5748, "OBSERVATI4": null}}, {"type": "Feature", "id": 5084, "geometry": {"type": "Point", "coordinates": [-80.12824537479038, 25.79698342094761]}, "properties": {"POINT_ID": 36785, "TREE_SPECI": "Coconut Palm", "SCI_NAME": "Cocos nucifera", "DBH": 11, "MULTI_TRUN": "No", "CONDITION": "Fair", "PRUNING": " ", "RISK_FACTO": "None", "OBSERVATIO": "Discolored Foliage", "OBSERVATI2": " ", "OBSERVATI3": " ", "OVERHEAD_U": "No", "GROWING_SP": "Park", "GPS_DATE": 1499731200000, "GPS_TIME": "10:28:47am", "NORTHING": 532852.002, "EASTING": 942992.824, "COMMEMORATIVE": null, "ALIAS_ID": null, "OBJECTID": 5084, "OBSERVATI4": null}}, {"type": "Feature", "id": 4586, "geometry": {"type": "Point", "coordinates": [-80.1290891680912, 25.798356764134574]}, "properties": {"POINT_ID": 36287, "TREE_SPECI": "Coconut Palm", "SCI_NAME": "Cocos nucifera", "DBH": 8, "MULTI_TRUN": "No", "CONDITION": "Fair", "PRUNING": " ", "RISK_FACTO": "None", "OBSERVATIO": "Discolored Foliage", "OBSERVATI2": " ", "OBSERVATI3": " ", "OVERHEAD_U": "No", "GROWING_SP": "Road/ROW", "GPS_DATE": 1496707200000, "GPS_TIME": "03:30:32pm", "NORTHING": 533349.336, "EASTING": 942711.883, "COMMEMORATIVE": null, "ALIAS_ID": null, "OBJECTID": 4586, "OBSERVATI4": null}}, {"type": "Feature", "id": 4592, "geometry": {"type": "Point", "coordinates": [-80.12922365927113, 25.798021576024727]}, "properties": {"POINT_ID": 36293, "TREE_SPECI": "Coconut Palm", "SCI_NAME": "Cocos nucifera", "DBH": 8, "MULTI_TRUN": "No", "CONDITION": "Fair", "PRUNING": " ", "RISK_FACTO": "None", "OBSERVATIO": "Discolored Foliage", "OBSERVATI2": " ", "OBSERVATI3": " ", "OVERHEAD_U": "No", "GROWING_SP": "Road/ROW", "GPS_DATE": 1496707200000, "GPS_TIME": "03:32:07pm", "NORTHING": 533227.211, "EASTING": 942668.437, "COMMEMORATIVE": null, "ALIAS_ID": null, "OBJECTID": 4592, "OBSERVATI4": null}}, {"type": "Feature", "id": 8665, "geometry": {"type": "Point", "coordinates": [-80.1337802429518, 25.78284150553631]}, "properties": {"POINT_ID": 40366, "TREE_SPECI": "Brazilian Beauty Leaf", "SCI_NAME": "Calophyllum brasiliense", "DBH": 8, "MULTI_TRUN": "No", "CONDITION": "Poor", "PRUNING": "Crown Cleaning", "RISK_FACTO": "None", "OBSERVATIO": "Lopsided Canopy", "OBSERVATI2": "Reduced Canopy - Moderate", "OBSERVATI3": "Sprouting", "OVERHEAD_U": "No", "GROWING_SP": "Government", "GPS_DATE": 1503964800000, "GPS_TIME": "10:29:24am", "NORTHING": 527699.806, "EASTING": 941205.464, "COMMEMORATIVE": null, "ALIAS_ID": null, "OBJECTID": 8665, "OBSERVATI4": null}}, {"type": "Feature", "id": 7248, "geometry": {"type": "Point", "coordinates": [-80.13650487165005, 25.784716583439423]}, "properties": {"POINT_ID": 38949, "TREE_SPECI": "Australian Pine", "SCI_NAME": "Casuarina equisetifolia", "DBH": 12, "MULTI_TRUN": "No", "CONDITION": "Fair", "PRUNING": " ", "RISK_FACTO": "None", "OBSERVATIO": "Utility Lines - Adjacent", "OBSERVATI2": "Leaning - Moderate", "OBSERVATI3": "Co-Dominant Leaders", "OVERHEAD_U": "Yes", "GROWING_SP": "Park", "GPS_DATE": 1502841600000, "GPS_TIME": "01:44:28pm", "NORTHING": 528375.454, "EASTING": 940304.388, "COMMEMORATIVE": null, "ALIAS_ID": null, "OBJECTID": 7248, "OBSERVATI4": null}}, {"type": "Feature", "id": 9827, "geometry": {"type": "Point", "coordinates": [-80.13608113773917, 25.779448088380043]}, "properties": {"POINT_ID": 41528, "TREE_SPECI": "Montgomery Palm", "SCI_NAME": "Veitchia montgomeryana", "DBH": 10, "MULTI_TRUN": "No", "CONDITION": "Good", "PRUNING": " ", "RISK_FACTO": "None", "OBSERVATIO": " ", "OBSERVATI2": " ", "OBSERVATI3": " ", "OVERHEAD_U": "No", "GROWING_SP": "Road/ROW", "GPS_DATE": 1503964800000, "GPS_TIME": "10:30:17am", "NORTHING": 526461.426, "EASTING": 940456.386, "COMMEMORATIVE": null, "ALIAS_ID": null, "OBJECTID": 9827, "OBSERVATI4": null}}, {"type": "Feature", "id": 9163, "geometry": {"type": "Point", "coordinates": [-80.13804754575429, 25.779285455458663]}, "properties": {"POINT_ID": 40864, "TREE_SPECI": "Christmas Palm", "SCI_NAME": "Veitchia merrillii", "DBH": 5, "MULTI_TRUN": "No", "CONDITION": "Good", "PRUNING": " ", "RISK_FACTO": "None", "OBSERVATIO": " ", "OBSERVATI2": " ", "OBSERVATI3": " ", "OVERHEAD_U": "No", "GROWING_SP": "Road/ROW", "GPS_DATE": 1503360000000, "GPS_TIME": "10:42:28am", "NORTHING": 526398.075, "EASTING": 939809.659, "COMMEMORATIVE": null, "ALIAS_ID": null, "OBJECTID": 9163, "OBSERVATI4": null}}, {"type": "Feature", "id": 7171, "geometry": {"type": "Point", "coordinates": [-80.1381380944835, 25.784740356055213]}, "properties": {"POINT_ID": 38872, "TREE_SPECI": "Australian Pine", "SCI_NAME": "Casuarina equisetifolia", "DBH": 10, "MULTI_TRUN": "No", "CONDITION": "Fair", "PRUNING": " ", "RISK_FACTO": "None", "OBSERVATIO": "Leaning - Moderate", "OBSERVATI2": " ", "OBSERVATI3": " ", "OVERHEAD_U": "No", "GROWING_SP": "Park", "GPS_DATE": 1502841600000, "GPS_TIME": "12:13:35pm", "NORTHING": 528380.574, "EASTING": 939766.888, "COMMEMORATIVE": null, "ALIAS_ID": null, "OBJECTID": 7171, "OBSERVATI4": null}}, {"type": "Feature", "id": 29303, "geometry": {"type": "Point", "coordinates": [-80.13509559263905, 25.79963448604862]}, "properties": {"POINT_ID": 24882, "TREE_SPECI": "Coconut Palm", "SCI_NAME": null, "DBH": 8, "MULTI_TRUN": "No", "CONDITION": "Good", "PRUNING": " ", "RISK_FACTO": "None", "OBSERVATIO": "Discolored Foliage", "OBSERVATI2": " ", "OBSERVATI3": " ", "OVERHEAD_U": "No", "GROWING_SP": "ROW/Swale", "GPS_DATE": 1452556800000, "GPS_TIME": "02:24:40pm", "NORTHING": 533800.721, "EASTING": 940732.523, "COMMEMORATIVE": "N", "ALIAS_ID": null, "OBJECTID": 29303, "OBSERVATI4": null}}, {"type": "Feature", "id": 30560, "geometry": {"type": "Point", "coordinates": [-80.13680003296356, 25.799212765911705]}, "properties": {"POINT_ID": 29618, "TREE_SPECI": "Pigeon Plum", "SCI_NAME": null, "DBH": 3, "MULTI_TRUN": "No", "CONDITION": "Good", "PRUNING": " ", "RISK_FACTO": "None", "OBSERVATIO": " ", "OBSERVATI2": " ", "OBSERVATI3": " ", "OVERHEAD_U": "No", "GROWING_SP": "Golf Course", "GPS_DATE": 1460419200000, "GPS_TIME": "11:54:13am", "NORTHING": 533643.757, "EASTING": 940172.718, "COMMEMORATIVE": "N", "ALIAS_ID": null, "OBJECTID": 30560, "OBSERVATI4": null}}, {"type": "Feature", "id": 30554, "geometry": {"type": "Point", "coordinates": [-80.13684913436013, 25.79911529523208]}, "properties": {"POINT_ID": 29612, "TREE_SPECI": "Coconut Palm", "SCI_NAME": null, "DBH": 7, "MULTI_TRUN": "No", "CONDITION": "Good", "PRUNING": " ", "RISK_FACTO": "None", "OBSERVATIO": " ", "OBSERVATI2": " ", "OBSERVATI3": " ", "OVERHEAD_U": "No", "GROWING_SP": "Golf Course", "GPS_DATE": 1460419200000, "GPS_TIME": "11:52:10am", "NORTHING": 533608.223, "EASTING": 940156.795, "COMMEMORATIVE": "N", "ALIAS_ID": null, "OBJECTID": 30554, "OBSERVATI4": null}}, {"type": "Feature", "id": 2428, "geometry": {"type": "Point", "coordinates": [-80.13534818054315, 25.796178890452552]}, "properties": {"POINT_ID": 34129, "TREE_SPECI": "Coconut Palm", "SCI_NAME": "Cocos nucifera", "DBH": 15, "MULTI_TRUN": "No", "CONDITION": "Good", "PRUNING": " ", "RISK_FACTO": "None", "OBSERVATIO": "Frizzled Fronds", "OBSERVATI2": " ", "OBSERVATI3": " ", "OVERHEAD_U": "No", "GROWING_SP": "Park", "GPS_DATE": 1498608000000, "GPS_TIME": "12:25:04pm", "NORTHING": 532544.166, "EASTING": 940657.664, "COMMEMORATIVE": null, "ALIAS_ID": null, "OBJECTID": 2428, "OBSERVATI4": null}}, {"type": "Feature", "id": 2173, "geometry": {"type": "Point", "coordinates": [-80.13528921139961, 25.795724247797832]}, "properties": {"POINT_ID": 33874, "TREE_SPECI": "Puerto Rican Thatch Palm", "SCI_NAME": "Coccothrinax barbadensis", "DBH": 1, "MULTI_TRUN": "No", "CONDITION": "Good", "PRUNING": " ", "RISK_FACTO": "None", "OBSERVATIO": " ", "OBSERVATI2": " ", "OBSERVATI3": " ", "OVERHEAD_U": "No", "GROWING_SP": "Park", "GPS_DATE": 1499212800000, "GPS_TIME": "10:15:51am", "NORTHING": 532379.044, "EASTING": 940678.152, "COMMEMORATIVE": null, "ALIAS_ID": null, "OBJECTID": 2173, "OBSERVATI4": null}}, {"type": "Feature", "id": 8671, "geometry": {"type": "Point", "coordinates": [-80.13299235107134, 25.78399156921587]}, "properties": {"POINT_ID": 40372, "TREE_SPECI": "Royal Poinciana", "SCI_NAME": "Delonix regia", "DBH": 19, "MULTI_TRUN": "No", "CONDITION": "Poor", "PRUNING": "Crown Cleaning", "RISK_FACTO": "None", "OBSERVATIO": "Constricted Roots", "OBSERVATI2": "Dead Wood", "OBSERVATI3": " ", "OVERHEAD_U": "No", "GROWING_SP": "Road/ROW", "GPS_DATE": 1503964800000, "GPS_TIME": "10:36:36am", "NORTHING": 528119.526, "EASTING": 941461.988, "COMMEMORATIVE": null, "ALIAS_ID": null, "OBJECTID": 8671, "OBSERVATI4": null}}, {"type": "Feature", "id": 6009, "geometry": {"type": "Point", "coordinates": [-80.13875067597316, 25.790338128527022]}, "properties": {"POINT_ID": 37710, "TREE_SPECI": "Coconut Palm", "SCI_NAME": "Cocos nucifera", "DBH": 9, "MULTI_TRUN": "No", "CONDITION": "Good", "PRUNING": " ", "RISK_FACTO": "None", "OBSERVATIO": "Vine Cover - Heavy", "OBSERVATI2": " ", "OBSERVATI3": " ", "OVERHEAD_U": "No", "GROWING_SP": "Road/ROW", "GPS_DATE": 1501632000000, "GPS_TIME": "11:08:01am", "NORTHING": 530413.881, "EASTING": 939552, "COMMEMORATIVE": null, "ALIAS_ID": null, "OBJECTID": 6009, "OBSERVATI4": null}}, {"type": "Feature", "id": 10586, "geometry": {"type": "Point", "coordinates": [-80.13070522789829, 25.779451928549207]}, "properties": {"POINT_ID": 42287, "TREE_SPECI": "Coconut Palm", "SCI_NAME": "Cocos nucifera", "DBH": 9, "MULTI_TRUN": "No", "CONDITION": "Good", "PRUNING": " ", "RISK_FACTO": "None", "OBSERVATIO": " ", "OBSERVATI2": " ", "OBSERVATI3": " ", "OVERHEAD_U": "No", "GROWING_SP": "Park", "GPS_DATE": 1503446400000, "GPS_TIME": "02:22:22pm", "NORTHING": 526474.46, "EASTING": 942225.506, "COMMEMORATIVE": null, "ALIAS_ID": null, "OBJECTID": 10586, "OBSERVATI4": null}}, {"type": "Feature", "id": 8837, "geometry": {"type": "Point", "coordinates": [-80.12974411502107, 25.78373282052037]}, "properties": {"POINT_ID": 40538, "TREE_SPECI": "Coconut Palm", "SCI_NAME": "Cocos nucifera", "DBH": 10, "MULTI_TRUN": "No", "CONDITION": "Good", "PRUNING": " ", "RISK_FACTO": "None", "OBSERVATIO": " ", "OBSERVATI2": " ", "OBSERVATI3": " ", "OVERHEAD_U": "No", "GROWING_SP": "Park", "GPS_DATE": 1503446400000, "GPS_TIME": "09:48:36am", "NORTHING": 528032.528, "EASTING": 942531.514, "COMMEMORATIVE": null, "ALIAS_ID": null, "OBJECTID": 8837, "OBSERVATI4": null}}, {"type": "Feature", "id": 31052, "geometry": {"type": "Point", "coordinates": [-80.13689707908877, 25.800469635001285]}, "properties": {"POINT_ID": 30115, "TREE_SPECI": "Australian Pine", "SCI_NAME": null, "DBH": 26, "MULTI_TRUN": "No", "CONDITION": "Fair", "PRUNING": " ", "RISK_FACTO": "None", "OBSERVATIO": "Sprouting", "OBSERVATI2": "Stubs", "OBSERVATI3": "Leaning - Minor", "OVERHEAD_U": "No", "GROWING_SP": "Golf Course", "GPS_DATE": 1461110400000, "GPS_TIME": "08:20:29am", "NORTHING": 534100.383, "EASTING": 940137.792, "COMMEMORATIVE": "N", "ALIAS_ID": null, "OBJECTID": 31052, "OBSERVATI4": null}}, {"type": "Feature", "id": 31218, "geometry": {"type": "Point", "coordinates": [-80.13492975508674, 25.800505350228303]}, "properties": {"POINT_ID": 30281, "TREE_SPECI": "Coconut Palm", "SCI_NAME": null, "DBH": 8, "MULTI_TRUN": "No", "CONDITION": "Good", "PRUNING": " ", "RISK_FACTO": "None", "OBSERVATIO": " ", "OBSERVATI2": " ", "OBSERVATI3": " ", "OVERHEAD_U": "No", "GROWING_SP": "Golf Course", "GPS_DATE": 1461110400000, "GPS_TIME": "11:09:20am", "NORTHING": 534117.614, "EASTING": 940785.008, "COMMEMORATIVE": "N", "ALIAS_ID": null, "OBJECTID": 31218, "OBSERVATI4": null}}, {"type": "Feature", "id": 2594, "geometry": {"type": "Point", "coordinates": [-80.135827284608, 25.795165736276576]}, "properties": {"POINT_ID": 34295, "TREE_SPECI": "Simpson's Stopper", "SCI_NAME": "Myrcianthes fragrans", "DBH": 2, "MULTI_TRUN": "Yes", "CONDITION": "Good", "PRUNING": " ", "RISK_FACTO": "None", "OBSERVATIO": " ", "OBSERVATI2": " ", "OBSERVATI3": " ", "OVERHEAD_U": "No", "GROWING_SP": "Park", "GPS_DATE": 1497916800000, "GPS_TIME": "12:14:58pm", "NORTHING": 532174.878, "EASTING": 940502.438, "COMMEMORATIVE": null, "ALIAS_ID": null, "OBJECTID": 2594, "OBSERVATI4": null}}, {"type": "Feature", "id": 30726, "geometry": {"type": "Point", "coordinates": [-80.13677041341116, 25.797543183207623]}, "properties": {"POINT_ID": 29788, "TREE_SPECI": "Live Oak", "SCI_NAME": null, "DBH": 6, "MULTI_TRUN": "No", "CONDITION": "Fair", "PRUNING": "Crown Cleaning", "RISK_FACTO": "None", "OBSERVATIO": "Limb Damage - Minor", "OBSERVATI2": "Lopsided Canopy", "OBSERVATI3": " ", "OVERHEAD_U": "No", "GROWING_SP": "Golf Course", "GPS_DATE": 1460937600000, "GPS_TIME": "09:05:58am", "NORTHING": 533036.976, "EASTING": 940186.443, "COMMEMORATIVE": "N", "ALIAS_ID": null, "OBJECTID": 30726, "OBSERVATI4": null}}, {"type": "Feature", "id": 7912, "geometry": {"type": "Point", "coordinates": [-80.13185746122184, 25.78510628918227]}, "properties": {"POINT_ID": 39613, "TREE_SPECI": "Coconut Palm", "SCI_NAME": "Cocos nucifera", "DBH": 7, "MULTI_TRUN": "No", "CONDITION": "Good", "PRUNING": " ", "RISK_FACTO": "None", "OBSERVATIO": "White Fly", "OBSERVATI2": " ", "OBSERVATI3": " ", "OVERHEAD_U": "No", "GROWING_SP": "Road/ROW", "GPS_DATE": 1503360000000, "GPS_TIME": "09:19:57am", "NORTHING": 528527.154, "EASTING": 941832.778, "COMMEMORATIVE": null, "ALIAS_ID": null, "OBJECTID": 7912, "OBSERVATI4": null}}, {"type": "Feature", "id": 8173, "geometry": {"type": "Point", "coordinates": [-80.12961738301931, 25.787072629109904]}, "properties": {"POINT_ID": 39874, "TREE_SPECI": "Coconut Palm", "SCI_NAME": "Cocos nucifera", "DBH": 9, "MULTI_TRUN": "No", "CONDITION": "Fair", "PRUNING": " ", "RISK_FACTO": "None", "OBSERVATIO": "Discolored Foliage", "OBSERVATI2": "White Fly", "OBSERVATI3": " ", "OVERHEAD_U": "No", "GROWING_SP": "Road/ROW", "GPS_DATE": 1503360000000, "GPS_TIME": "02:07:18pm", "NORTHING": 529246.727, "EASTING": 942565.195, "COMMEMORATIVE": null, "ALIAS_ID": null, "OBJECTID": 8173, "OBSERVATI4": null}}, {"type": "Feature", "id": 7414, "geometry": {"type": "Point", "coordinates": [-80.13811600024549, 25.786527479557094]}, "properties": {"POINT_ID": 39115, "TREE_SPECI": "Silver Buttonwood", "SCI_NAME": "Conocarpus erectus var. sericeus", "DBH": 13, "MULTI_TRUN": "No", "CONDITION": "Good", "PRUNING": " ", "RISK_FACTO": "None", "OBSERVATIO": "Co-Dominant Leaders", "OBSERVATI2": "Trunk Damage - Minor", "OBSERVATI3": " ", "OVERHEAD_U": "No", "GROWING_SP": "Parking Facility", "GPS_DATE": 1502928000000, "GPS_TIME": "09:42:45am", "NORTHING": 529030.188, "EASTING": 939769.907, "COMMEMORATIVE": null, "ALIAS_ID": null, "OBJECTID": 7414, "OBSERVATI4": null}}, {"type": "Feature", "id": 3335, "geometry": {"type": "Point", "coordinates": [-80.13610871791836, 25.790595958357784]}, "properties": {"POINT_ID": 35036, "TREE_SPECI": "Bismark Palm", "SCI_NAME": "Bismarckia nobilis", "DBH": 16, "MULTI_TRUN": "No", "CONDITION": "Good", "PRUNING": " ", "RISK_FACTO": "None", "OBSERVATIO": " ", "OBSERVATI2": " ", "OBSERVATI3": " ", "OVERHEAD_U": "No", "GROWING_SP": "Park", "GPS_DATE": 1494460800000, "GPS_TIME": "03:22:50pm", "NORTHING": 530513.289, "EASTING": 940420.732, "COMMEMORATIVE": null, "ALIAS_ID": null, "OBJECTID": 3335, "OBSERVATI4": null}}, {"type": "Feature", "id": 6673, "geometry": {"type": "Point", "coordinates": [-80.13926063760664, 25.78274240357011]}, "properties": {"POINT_ID": 38374, "TREE_SPECI": "Silver Buttonwood", "SCI_NAME": "Conocarpus erectus var. sericeus", "DBH": 10, "MULTI_TRUN": "No", "CONDITION": "Good", "PRUNING": " ", "RISK_FACTO": "None", "OBSERVATIO": "Co-Dominant Leaders", "OBSERVATI2": " ", "OBSERVATI3": " ", "OVERHEAD_U": "No", "GROWING_SP": "Park", "GPS_DATE": 1502236800000, "GPS_TIME": "10:25:47am", "NORTHING": 527651.962, "EASTING": 939402.238, "COMMEMORATIVE": null, "ALIAS_ID": null, "OBJECTID": 6673, "OBSERVATI4": null}}, {"type": "Feature", "id": 6750, "geometry": {"type": "Point", "coordinates": [-80.13904485325857, 25.78189969786626]}, "properties": {"POINT_ID": 38451, "TREE_SPECI": "Cabbage Palm", "SCI_NAME": "Sabal palmetto", "DBH": 12, "MULTI_TRUN": "No", "CONDITION": "Good", "PRUNING": " ", "RISK_FACTO": "None", "OBSERVATIO": " ", "OBSERVATI2": " ", "OBSERVATI3": " ", "OVERHEAD_U": "No", "GROWING_SP": "Park", "GPS_DATE": 1502236800000, "GPS_TIME": "12:22:02pm", "NORTHING": 527346.128, "EASTING": 939475.25, "COMMEMORATIVE": null, "ALIAS_ID": null, "OBJECTID": 6750, "OBSERVATI4": null}}, {"type": "Feature", "id": 2671, "geometry": {"type": "Point", "coordinates": [-80.13664089920883, 25.791812355822508]}, "properties": {"POINT_ID": 34372, "TREE_SPECI": "Washingtonia Palm", "SCI_NAME": "Washingtonia robusta", "DBH": 13, "MULTI_TRUN": "No", "CONDITION": "Good", "PRUNING": " ", "RISK_FACTO": "None", "OBSERVATIO": " ", "OBSERVATI2": " ", "OBSERVATI3": " ", "OVERHEAD_U": "No", "GROWING_SP": "Road/ROW", "GPS_DATE": 1493078400000, "GPS_TIME": "09:58:54am", "NORTHING": 530954.266, "EASTING": 940242.717, "COMMEMORATIVE": null, "ALIAS_ID": null, "OBJECTID": 2671, "OBSERVATI4": null}}, {"type": "Feature", "id": 2837, "geometry": {"type": "Point", "coordinates": [-80.13626625034793, 25.793275059993636]}, "properties": {"POINT_ID": 34538, "TREE_SPECI": "Florida Thatch Palm", "SCI_NAME": "Thrinax radiata", "DBH": 5, "MULTI_TRUN": "No", "CONDITION": "Good", "PRUNING": " ", "RISK_FACTO": "None", "OBSERVATIO": " ", "OBSERVATI2": " ", "OBSERVATI3": " ", "OVERHEAD_U": "No", "GROWING_SP": "Government", "GPS_DATE": 1493078400000, "GPS_TIME": "01:16:21pm", "NORTHING": 531486.724, "EASTING": 940362.508, "COMMEMORATIVE": null, "ALIAS_ID": null, "OBJECTID": 2837, "OBSERVATI4": null}}, {"type": "Feature", "id": 2665, "geometry": {"type": "Point", "coordinates": [-80.13718615221251, 25.79372111398394]}, "properties": {"POINT_ID": 34366, "TREE_SPECI": "Gumbo Limbo", "SCI_NAME": "Bursera simaruba", "DBH": 3, "MULTI_TRUN": "No", "CONDITION": "Fair", "PRUNING": "Clearance Pruning", "RISK_FACTO": "None", "OBSERVATIO": "Utility Lines - Conflict", "OBSERVATI2": " ", "OBSERVATI3": " ", "OVERHEAD_U": "Yes", "GROWING_SP": "Road/ROW", "GPS_DATE": 1493078400000, "GPS_TIME": "09:43:21am", "NORTHING": 531646.868, "EASTING": 940058.755, "COMMEMORATIVE": null, "ALIAS_ID": null, "OBJECTID": 2665, "OBSERVATI4": null}}, {"type": "Feature", "id": 3092, "geometry": {"type": "Point", "coordinates": [-80.13602054659488, 25.795734336945063]}, "properties": {"POINT_ID": 34793, "TREE_SPECI": "Solitaire Palm", "SCI_NAME": "Ptychosperma elegans", "DBH": 2, "MULTI_TRUN": "No", "CONDITION": "Good", "PRUNING": " ", "RISK_FACTO": "None", "OBSERVATIO": " ", "OBSERVATI2": " ", "OBSERVATI3": " ", "OVERHEAD_U": "No", "GROWING_SP": "Park", "GPS_DATE": 1493164800000, "GPS_TIME": "11:32:36am", "NORTHING": 532381.131, "EASTING": 940437.49, "COMMEMORATIVE": null, "ALIAS_ID": null, "OBJECTID": 3092, "OBSERVATI4": null}}, {"type": "Feature", "id": 4758, "geometry": {"type": "Point", "coordinates": [-80.12916613317132, 25.797424826918732]}, "properties": {"POINT_ID": 36459, "TREE_SPECI": "Washingtonia Palm", "SCI_NAME": "Washingtonia robusta", "DBH": 20, "MULTI_TRUN": "No", "CONDITION": "Good", "PRUNING": " ", "RISK_FACTO": "None", "OBSERVATIO": " ", "OBSERVATI2": " ", "OBSERVATI3": " ", "OVERHEAD_U": "No", "GROWING_SP": "Park", "GPS_DATE": 1499299200000, "GPS_TIME": "09:58:17am", "NORTHING": 533010.435, "EASTING": 942688.8, "COMMEMORATIVE": null, "ALIAS_ID": null, "OBJECTID": 4758, "OBSERVATI4": null}}, {"type": "Feature", "id": 4829, "geometry": {"type": "Point", "coordinates": [-80.12922768150308, 25.796820843956457]}, "properties": {"POINT_ID": 36530, "TREE_SPECI": "Washingtonia Palm", "SCI_NAME": "Washingtonia robusta", "DBH": 11, "MULTI_TRUN": "No", "CONDITION": "Good", "PRUNING": " ", "RISK_FACTO": "None", "OBSERVATIO": " ", "OBSERVATI2": " ", "OBSERVATI3": " ", "OVERHEAD_U": "No", "GROWING_SP": "Park", "GPS_DATE": 1499299200000, "GPS_TIME": "11:47:51am", "NORTHING": 532790.771, "EASTING": 942670, "COMMEMORATIVE": null, "ALIAS_ID": null, "OBJECTID": 4829, "OBSERVATI4": null}}, {"type": "Feature", "id": 4094, "geometry": {"type": "Point", "coordinates": [-80.13211257809733, 25.791824108168576]}, "properties": {"POINT_ID": 35795, "TREE_SPECI": "Arecina Palm", "SCI_NAME": "Veitchia arecina", "DBH": 6, "MULTI_TRUN": "No", "CONDITION": "Good", "PRUNING": " ", "RISK_FACTO": "None", "OBSERVATIO": " ", "OBSERVATI2": " ", "OBSERVATI3": " ", "OVERHEAD_U": "No", "GROWING_SP": "Park", "GPS_DATE": 1494374400000, "GPS_TIME": "02:20:08pm", "NORTHING": 530968.333, "EASTING": 941732.735, "COMMEMORATIVE": null, "ALIAS_ID": null, "OBJECTID": 4094, "OBSERVATI4": null}}, {"type": "Feature", "id": 29060, "geometry": {"type": "Point", "coordinates": [-80.13939860336731, 25.797113838275976]}, "properties": {"POINT_ID": 24639, "TREE_SPECI": "Mahogany", "SCI_NAME": null, "DBH": 28, "MULTI_TRUN": "No", "CONDITION": "Fair", "PRUNING": "Clearance Pruning", "RISK_FACTO": "None", "OBSERVATIO": "Utility Lines Conflict", "OBSERVATI2": "Leaning - Minor", "OBSERVATI3": "Trunk Damage - Moderate", "OVERHEAD_U": "Yes", "GROWING_SP": "ROW/Swale", "GPS_DATE": 1452556800000, "GPS_TIME": "09:14:12am", "NORTHING": 532875.259, "EASTING": 939322.699, "COMMEMORATIVE": "N", "ALIAS_ID": null, "OBJECTID": 29060, "OBSERVATI4": null}}, {"type": "Feature", "id": 1930, "geometry": {"type": "Point", "coordinates": [-80.1406913241972, 25.790424045418085]}, "properties": {"POINT_ID": 33631, "TREE_SPECI": "Cabbage Palm", "SCI_NAME": "Sabal palmetto", "DBH": 11, "MULTI_TRUN": "No", "CONDITION": "Fair", "PRUNING": " ", "RISK_FACTO": "None", "OBSERVATIO": "Discolored Foliage", "OBSERVATI2": " ", "OBSERVATI3": " ", "OVERHEAD_U": "No", "GROWING_SP": "Park", "GPS_DATE": 1494460800000, "GPS_TIME": "10:01:29am", "NORTHING": 530440.937, "EASTING": 938913.217, "COMMEMORATIVE": null, "ALIAS_ID": null, "OBJECTID": 1930, "OBSERVATI4": null}}, {"type": "Feature", "id": 6507, "geometry": {"type": "Point", "coordinates": [-80.14114689851996, 25.784351767655227]}, "properties": {"POINT_ID": 38208, "TREE_SPECI": "Live Oak", "SCI_NAME": "Quercus virginiana", "DBH": 8, "MULTI_TRUN": "No", "CONDITION": "Good", "PRUNING": " ", "RISK_FACTO": "None", "OBSERVATIO": "Co-Dominant Leaders", "OBSERVATI2": " ", "OBSERVATI3": " ", "OVERHEAD_U": "No", "GROWING_SP": "Road/ROW", "GPS_DATE": 1501804800000, "GPS_TIME": "12:10:11pm", "NORTHING": 528232.866, "EASTING": 938777.702, "COMMEMORATIVE": null, "ALIAS_ID": null, "OBJECTID": 6507, "OBSERVATI4": null}}, {"type": "Feature", "id": 5107, "geometry": {"type": "Point", "coordinates": [-80.12714113099362, 25.796705263125492]}, "properties": {"POINT_ID": 36808, "TREE_SPECI": "Florida Thatch Palm", "SCI_NAME": "Thrinax radiata", "DBH": 6, "MULTI_TRUN": "No", "CONDITION": "Fair", "PRUNING": " ", "RISK_FACTO": "None", "OBSERVATIO": "Discolored Foliage", "OBSERVATI2": " ", "OBSERVATI3": " ", "OVERHEAD_U": "No", "GROWING_SP": "Park", "GPS_DATE": 1499731200000, "GPS_TIME": "10:43:16am", "NORTHING": 532753.307, "EASTING": 943356.831, "COMMEMORATIVE": null, "ALIAS_ID": null, "OBJECTID": 5107, "OBSERVATI4": null}}, {"type": "Feature", "id": 4609, "geometry": {"type": "Point", "coordinates": [-80.12802755761986, 25.79807293959815]}, "properties": {"POINT_ID": 36310, "TREE_SPECI": "Coconut Palm", "SCI_NAME": "Cocos nucifera", "DBH": 11, "MULTI_TRUN": "No", "CONDITION": "Good", "PRUNING": " ", "RISK_FACTO": "None", "OBSERVATIO": " ", "OBSERVATI2": " ", "OBSERVATI3": " ", "OVERHEAD_U": "No", "GROWING_SP": "Road/ROW", "GPS_DATE": 1496707200000, "GPS_TIME": "03:40:56pm", "NORTHING": 533248.486, "EASTING": 943061.871, "COMMEMORATIVE": null, "ALIAS_ID": null, "OBJECTID": 4609, "OBSERVATI4": null}}, {"type": "Feature", "id": 29962, "geometry": {"type": "Point", "coordinates": [-80.14126585937464, 25.79486718819033]}, "properties": {"POINT_ID": 25541, "TREE_SPECI": "Copperpod", "SCI_NAME": null, "DBH": 3, "MULTI_TRUN": "No", "CONDITION": "Good", "PRUNING": " ", "RISK_FACTO": "None", "OBSERVATIO": "Support - Needed", "OBSERVATI2": " ", "OBSERVATI3": " ", "OVERHEAD_U": "No", "GROWING_SP": "Median", "GPS_DATE": 1453161600000, "GPS_TIME": "09:42:36am", "NORTHING": 532054.656, "EASTING": 938713.632, "COMMEMORATIVE": "N", "ALIAS_ID": null, "OBJECTID": 29962, "OBSERVATI4": null}}, {"type": "Feature", "id": 29913, "geometry": {"type": "Point", "coordinates": [-80.14145299067238, 25.796126254004665]}, "properties": {"POINT_ID": 25492, "TREE_SPECI": "Royal Palm", "SCI_NAME": null, "DBH": 18, "MULTI_TRUN": "No", "CONDITION": "Good", "PRUNING": " ", "RISK_FACTO": "None", "OBSERVATIO": " ", "OBSERVATI2": " ", "OBSERVATI3": " ", "OVERHEAD_U": "No", "GROWING_SP": "ROW/Swale", "GPS_DATE": 1453161600000, "GPS_TIME": "08:59:54am", "NORTHING": 532511.888, "EASTING": 938649.074, "COMMEMORATIVE": "N", "ALIAS_ID": null, "OBJECTID": 29913, "OBSERVATI4": null}}, {"type": "Feature", "id": 29919, "geometry": {"type": "Point", "coordinates": [-80.14152491583432, 25.79599246863483]}, "properties": {"POINT_ID": 25498, "TREE_SPECI": "Sylvester Date Palm", "SCI_NAME": null, "DBH": 10, "MULTI_TRUN": "No", "CONDITION": "Good", "PRUNING": " ", "RISK_FACTO": "None", "OBSERVATIO": " ", "OBSERVATI2": " ", "OBSERVATI3": " ", "OVERHEAD_U": "No", "GROWING_SP": "Median", "GPS_DATE": 1453161600000, "GPS_TIME": "09:04:57am", "NORTHING": 532463.106, "EASTING": 938625.725, "COMMEMORATIVE": "N", "ALIAS_ID": null, "OBJECTID": 29919, "OBSERVATI4": null}}, {"type": "Feature", "id": 7099, "geometry": {"type": "Point", "coordinates": [-80.13651388083031, 25.783814593562315]}, "properties": {"POINT_ID": 38800, "TREE_SPECI": "Pitch Apple", "SCI_NAME": "Clusia rosea", "DBH": 16, "MULTI_TRUN": "Yes", "CONDITION": "Good", "PRUNING": " ", "RISK_FACTO": "None", "OBSERVATIO": " ", "OBSERVATI2": " ", "OBSERVATI3": " ", "OVERHEAD_U": "No", "GROWING_SP": "Park", "GPS_DATE": 1502841600000, "GPS_TIME": "10:35:06am", "NORTHING": 528047.588, "EASTING": 940303.573, "COMMEMORATIVE": null, "ALIAS_ID": null, "OBJECTID": 7099, "OBSERVATI4": null}}, {"type": "Feature", "id": 6773, "geometry": {"type": "Point", "coordinates": [-80.13870457616726, 25.782465978747087]}, "properties": {"POINT_ID": 38474, "TREE_SPECI": "Silver Buttonwood", "SCI_NAME": "Conocarpus erectus var. sericeus", "DBH": 15, "MULTI_TRUN": "No", "CONDITION": "Good", "PRUNING": " ", "RISK_FACTO": "None", "OBSERVATIO": "Co-Dominant Leaders", "OBSERVATI2": "Leaning - Minor", "OBSERVATI3": " ", "OVERHEAD_U": "No", "GROWING_SP": "Park", "GPS_DATE": 1502236800000, "GPS_TIME": "12:42:22pm", "NORTHING": 527552.686, "EASTING": 939585.881, "COMMEMORATIVE": null, "ALIAS_ID": null, "OBJECTID": 6773, "OBSERVATI4": null}}, {"type": "Feature", "id": 7148, "geometry": {"type": "Point", "coordinates": [-80.13847531079372, 25.784910619327555]}, "properties": {"POINT_ID": 38849, "TREE_SPECI": "Cabbage Palm", "SCI_NAME": "Sabal palmetto", "DBH": 12, "MULTI_TRUN": "No", "CONDITION": "Good", "PRUNING": " ", "RISK_FACTO": "None", "OBSERVATIO": " ", "OBSERVATI2": " ", "OBSERVATI3": " ", "OVERHEAD_U": "No", "GROWING_SP": "Park", "GPS_DATE": 1502841600000, "GPS_TIME": "11:54:36am", "NORTHING": 528441.734, "EASTING": 939655.515, "COMMEMORATIVE": null, "ALIAS_ID": null, "OBJECTID": 7148, "OBSERVATI4": null}}, {"type": "Feature", "id": 4443, "geometry": {"type": "Point", "coordinates": [-80.12578250417656, 25.79914976279954]}, "properties": {"POINT_ID": 36144, "TREE_SPECI": "Coconut Palm", "SCI_NAME": "Cocos nucifera", "DBH": 8, "MULTI_TRUN": "No", "CONDITION": "Fair", "PRUNING": " ", "RISK_FACTO": "None", "OBSERVATIO": "Discolored Foliage", "OBSERVATI2": " ", "OBSERVATI3": " ", "OVERHEAD_U": "No", "GROWING_SP": "Park", "GPS_DATE": 1496707200000, "GPS_TIME": "11:41:14am", "NORTHING": 533644.78, "EASTING": 943797.969, "COMMEMORATIVE": null, "ALIAS_ID": null, "OBJECTID": 4443, "OBSERVATI4": null}}, {"type": "Feature", "id": 3976, "geometry": {"type": "Point", "coordinates": [-80.13277832588318, 25.791436348104494]}, "properties": {"POINT_ID": 35677, "TREE_SPECI": "Montgomery Palm", "SCI_NAME": "Veitchia montgomeryana", "DBH": 15, "MULTI_TRUN": "Yes", "CONDITION": "Good", "PRUNING": " ", "RISK_FACTO": "None", "OBSERVATIO": " ", "OBSERVATI2": " ", "OBSERVATI3": " ", "OVERHEAD_U": "No", "GROWING_SP": "Park", "GPS_DATE": 1494374400000, "GPS_TIME": "01:30:20pm", "NORTHING": 530825.95, "EASTING": 941514.599, "COMMEMORATIVE": null, "ALIAS_ID": null, "OBJECTID": 3976, "OBSERVATI4": null}}, {"type": "Feature", "id": 3945, "geometry": {"type": "Point", "coordinates": [-80.1328759754713, 25.791435696388618]}, "properties": {"POINT_ID": 35646, "TREE_SPECI": "Montgomery Palm", "SCI_NAME": "Veitchia montgomeryana", "DBH": 6, "MULTI_TRUN": "No", "CONDITION": "Good", "PRUNING": " ", "RISK_FACTO": "None", "OBSERVATIO": " ", "OBSERVATI2": " ", "OBSERVATI3": " ", "OVERHEAD_U": "No", "GROWING_SP": "Park", "GPS_DATE": 1494374400000, "GPS_TIME": "01:11:53pm", "NORTHING": 530825.501, "EASTING": 941482.468, "COMMEMORATIVE": null, "ALIAS_ID": null, "OBJECTID": 3945, "OBSERVATI4": null}}, {"type": "Feature", "id": 9927, "geometry": {"type": "Point", "coordinates": [-80.13400952940862, 25.77872102383345]}, "properties": {"POINT_ID": 41628, "TREE_SPECI": "Mahogany", "SCI_NAME": "Swietenia mahagoni", "DBH": 8, "MULTI_TRUN": "No", "CONDITION": "Fair", "PRUNING": " ", "RISK_FACTO": "None", "OBSERVATIO": "Lopsided Canopy", "OBSERVATI2": "Leaning - Minor", "OBSERVATI3": " ", "OVERHEAD_U": "No", "GROWING_SP": "Road/ROW", "GPS_DATE": 1503964800000, "GPS_TIME": "12:11:46pm", "NORTHING": 526201.636, "EASTING": 941139.858, "COMMEMORATIVE": null, "ALIAS_ID": null, "OBJECTID": 9927, "OBSERVATI4": null}}, {"type": "Feature", "id": 9804, "geometry": {"type": "Point", "coordinates": [-80.13389097615413, 25.780118454174904]}, "properties": {"POINT_ID": 41505, "TREE_SPECI": "Orange Geiger", "SCI_NAME": "Cordia sebestena", "DBH": 5, "MULTI_TRUN": "No", "CONDITION": "Fair", "PRUNING": " ", "RISK_FACTO": "None", "OBSERVATIO": "Leaning - Moderate", "OBSERVATI2": "Co-Dominant Leaders", "OBSERVATI3": " ", "OVERHEAD_U": "No", "GROWING_SP": "Road/ROW", "GPS_DATE": 1503964800000, "GPS_TIME": "10:03:33am", "NORTHING": 526709.817, "EASTING": 941175.532, "COMMEMORATIVE": null, "ALIAS_ID": null, "OBJECTID": 9804, "OBSERVATI4": null}}, {"type": "Feature", "id": 9970, "geometry": {"type": "Point", "coordinates": [-80.13407880498531, 25.778322044466766]}, "properties": {"POINT_ID": 41671, "TREE_SPECI": "Coconut Palm", "SCI_NAME": "Cocos nucifera", "DBH": 9, "MULTI_TRUN": "No", "CONDITION": "Good", "PRUNING": " ", "RISK_FACTO": "None", "OBSERVATIO": " ", "OBSERVATI2": " ", "OBSERVATI3": " ", "OVERHEAD_U": "No", "GROWING_SP": "Road/ROW", "GPS_DATE": 1503964800000, "GPS_TIME": "01:37:37pm", "NORTHING": 526056.469, "EASTING": 941118.013, "COMMEMORATIVE": null, "ALIAS_ID": null, "OBJECTID": 9970, "OBSERVATI4": null}}, {"type": "Feature", "id": 7265, "geometry": {"type": "Point", "coordinates": [-80.13653173244798, 25.78492275259165]}, "properties": {"POINT_ID": 38966, "TREE_SPECI": "Australian Pine", "SCI_NAME": "Casuarina equisetifolia", "DBH": 10, "MULTI_TRUN": "No", "CONDITION": "Fair", "PRUNING": " ", "RISK_FACTO": "None", "OBSERVATIO": "Utility Lines - Adjacent", "OBSERVATI2": "Leaning - Moderate", "OBSERVATI3": " ", "OVERHEAD_U": "Yes", "GROWING_SP": "Park", "GPS_DATE": 1502841600000, "GPS_TIME": "01:51:44pm", "NORTHING": 528450.332, "EASTING": 940295.058, "COMMEMORATIVE": null, "ALIAS_ID": null, "OBJECTID": 7265, "OBSERVATI4": null}}, {"type": "Feature", "id": 30583, "geometry": {"type": "Point", "coordinates": [-80.13665951656948, 25.799070837508644]}, "properties": {"POINT_ID": 29641, "TREE_SPECI": "Coconut Palm", "SCI_NAME": null, "DBH": 7, "MULTI_TRUN": "No", "CONDITION": "Good", "PRUNING": " ", "RISK_FACTO": "None", "OBSERVATIO": " ", "OBSERVATI2": " ", "OBSERVATI3": " ", "OVERHEAD_U": "No", "GROWING_SP": "Golf Course", "GPS_DATE": 1460419200000, "GPS_TIME": "12:02:53pm", "NORTHING": 533592.473, "EASTING": 940219.291, "COMMEMORATIVE": "N", "ALIAS_ID": null, "OBJECTID": 30583, "OBSERVATI4": null}}, {"type": "Feature", "id": 30577, "geometry": {"type": "Point", "coordinates": [-80.13659091470782, 25.79907191865834]}, "properties": {"POINT_ID": 29635, "TREE_SPECI": "Coconut Palm", "SCI_NAME": null, "DBH": 8, "MULTI_TRUN": "No", "CONDITION": "Good", "PRUNING": " ", "RISK_FACTO": "None", "OBSERVATIO": " ", "OBSERVATI2": " ", "OBSERVATI3": " ", "OVERHEAD_U": "No", "GROWING_SP": "Golf Course", "GPS_DATE": 1460419200000, "GPS_TIME": "12:01:11pm", "NORTHING": 533593.014, "EASTING": 940241.86, "COMMEMORATIVE": "N", "ALIAS_ID": null, "OBJECTID": 30577, "OBSERVATI4": null}}, {"type": "Feature", "id": 2814, "geometry": {"type": "Point", "coordinates": [-80.13546505534279, 25.793307166234477]}, "properties": {"POINT_ID": 34515, "TREE_SPECI": "Wild/Cuban Tamarind", "SCI_NAME": "Lysiloma latisiliquum", "DBH": 9, "MULTI_TRUN": "No", "CONDITION": "Fair", "PRUNING": " ", "RISK_FACTO": "None", "OBSERVATIO": "Flush Cuts", "OBSERVATI2": " ", "OBSERVATI3": " ", "OVERHEAD_U": "No", "GROWING_SP": "Road/ROW", "GPS_DATE": 1493078400000, "GPS_TIME": "01:01:56pm", "NORTHING": 531500.124, "EASTING": 940626.062, "COMMEMORATIVE": null, "ALIAS_ID": null, "OBJECTID": 2814, "OBSERVATI4": null}}, {"type": "Feature", "id": 3478, "geometry": {"type": "Point", "coordinates": [-80.13446535559437, 25.79258871912874]}, "properties": {"POINT_ID": 35179, "TREE_SPECI": "Vera Wood", "SCI_NAME": "Bulnesia arboria", "DBH": 4, "MULTI_TRUN": "No", "CONDITION": "Fair", "PRUNING": "Structure Pruning", "RISK_FACTO": "None", "OBSERVATIO": "Co-Dominant Leaders", "OBSERVATI2": "Discolored Foliage", "OBSERVATI3": "Apical Dieback", "OVERHEAD_U": "No", "GROWING_SP": "Government", "GPS_DATE": 1495497600000, "GPS_TIME": "01:08:08pm", "NORTHING": 531241.151, "EASTING": 940956.726, "COMMEMORATIVE": null, "ALIAS_ID": null, "OBJECTID": 3478, "OBSERVATI4": null}}, {"type": "Feature", "id": 7314, "geometry": {"type": "Point", "coordinates": [-80.13657117487183, 25.785445140027566]}, "properties": {"POINT_ID": 39015, "TREE_SPECI": "Australian Pine", "SCI_NAME": "Casuarina equisetifolia", "DBH": 10, "MULTI_TRUN": "No", "CONDITION": "Poor", "PRUNING": " ", "RISK_FACTO": "None", "OBSERVATIO": "Leaning - Moderate", "OBSERVATI2": "Reduced Canopy - Moderate", "OBSERVATI3": " ", "OVERHEAD_U": "No", "GROWING_SP": "Park", "GPS_DATE": 1502928000000, "GPS_TIME": "07:50:42am", "NORTHING": 528640.12, "EASTING": 940280.834, "COMMEMORATIVE": null, "ALIAS_ID": null, "OBJECTID": 7314, "OBSERVATI4": null}}, {"type": "Feature", "id": 7271, "geometry": {"type": "Point", "coordinates": [-80.13653592940538, 25.78498077578598]}, "properties": {"POINT_ID": 38972, "TREE_SPECI": "Australian Pine", "SCI_NAME": "Casuarina equisetifolia", "DBH": 9, "MULTI_TRUN": "No", "CONDITION": "Poor", "PRUNING": " ", "RISK_FACTO": "None", "OBSERVATIO": "Utility Lines - Above", "OBSERVATI2": "Reduced Canopy - Major", "OBSERVATI3": "Co-Dominant Leaders", "OVERHEAD_U": "Yes", "GROWING_SP": "Park", "GPS_DATE": 1502928000000, "GPS_TIME": "07:18:42am", "NORTHING": 528471.413, "EASTING": 940293.539, "COMMEMORATIVE": null, "ALIAS_ID": null, "OBJECTID": 7271, "OBSERVATI4": null}}, {"type": "Feature", "id": 3312, "geometry": {"type": "Point", "coordinates": [-80.13639444727409, 25.790495431130857]}, "properties": {"POINT_ID": 35013, "TREE_SPECI": "Cabbage Palm", "SCI_NAME": "Sabal palmetto", "DBH": 11, "MULTI_TRUN": "No", "CONDITION": "Good", "PRUNING": " ", "RISK_FACTO": "None", "OBSERVATIO": " ", "OBSERVATI2": " ", "OBSERVATI3": " ", "OVERHEAD_U": "No", "GROWING_SP": "Park", "GPS_DATE": 1494460800000, "GPS_TIME": "03:02:48pm", "NORTHING": 530476.134, "EASTING": 940326.952, "COMMEMORATIVE": null, "ALIAS_ID": null, "OBJECTID": 3312, "OBSERVATI4": null}}, {"type": "Feature", "id": 10468, "geometry": {"type": "Point", "coordinates": [-80.13009119999332, 25.780240622627993]}, "properties": {"POINT_ID": 42169, "TREE_SPECI": "Coconut Palm", "SCI_NAME": "Cocos nucifera", "DBH": 9, "MULTI_TRUN": "No", "CONDITION": "Good", "PRUNING": " ", "RISK_FACTO": "None", "OBSERVATIO": " ", "OBSERVATI2": " ", "OBSERVATI3": " ", "OVERHEAD_U": "No", "GROWING_SP": "Park", "GPS_DATE": 1503446400000, "GPS_TIME": "01:19:41pm", "NORTHING": 526762.461, "EASTING": 942425.68, "COMMEMORATIVE": null, "ALIAS_ID": null, "OBJECTID": 10468, "OBSERVATI4": null}}, {"type": "Feature", "id": 8814, "geometry": {"type": "Point", "coordinates": [-80.13017228374602, 25.78290996288022]}, "properties": {"POINT_ID": 40515, "TREE_SPECI": "Coconut Palm", "SCI_NAME": "Cocos nucifera", "DBH": 9, "MULTI_TRUN": "No", "CONDITION": "Fair", "PRUNING": " ", "RISK_FACTO": "None", "OBSERVATIO": "Discolored Foliage", "OBSERVATI2": " ", "OBSERVATI3": " ", "OVERHEAD_U": "No", "GROWING_SP": "Road/ROW", "GPS_DATE": 1503964800000, "GPS_TIME": "01:22:58pm", "NORTHING": 527732.512, "EASTING": 942392.59, "COMMEMORATIVE": null, "ALIAS_ID": null, "OBJECTID": 8814, "OBSERVATI4": null}}, {"type": "Feature", "id": 8765, "geometry": {"type": "Point", "coordinates": [-80.1308007219703, 25.78476603476837]}, "properties": {"POINT_ID": 40466, "TREE_SPECI": "Washingtonia Palm", "SCI_NAME": "Washingtonia robusta", "DBH": 10, "MULTI_TRUN": "No", "CONDITION": "Good", "PRUNING": " ", "RISK_FACTO": "None", "OBSERVATIO": " ", "OBSERVATI2": " ", "OBSERVATI3": " ", "OVERHEAD_U": "No", "GROWING_SP": "Parking Facility", "GPS_DATE": 1503964800000, "GPS_TIME": "12:45:41pm", "NORTHING": 528405.775, "EASTING": 942181.334, "COMMEMORATIVE": null, "ALIAS_ID": null, "OBJECTID": 8765, "OBSERVATI4": null}}, {"type": "Feature", "id": 30411, "geometry": {"type": "Point", "coordinates": [-80.13859898019265, 25.795130291128352]}, "properties": {"POINT_ID": 29469, "TREE_SPECI": "Yellow Tabebuia", "SCI_NAME": null, "DBH": 13, "MULTI_TRUN": "No", "CONDITION": "Fair", "PRUNING": "Good - 80%", "RISK_FACTO": "None", "OBSERVATIO": " ", "OBSERVATI2": " ", "OBSERVATI3": " ", "OVERHEAD_U": "No", "GROWING_SP": "Golf Course", "GPS_DATE": 1460419200000, "GPS_TIME": "08:46:53am", "NORTHING": 532156.018, "EASTING": 939590.521, "COMMEMORATIVE": "N", "ALIAS_ID": null, "OBJECTID": 30411, "OBSERVATI4": null}}, {"type": "Feature", "id": 7763, "geometry": {"type": "Point", "coordinates": [-80.13180358748897, 25.788387709989678]}, "properties": {"POINT_ID": 39464, "TREE_SPECI": "Coconut Palm", "SCI_NAME": "Cocos nucifera", "DBH": 8, "MULTI_TRUN": "No", "CONDITION": "Fair", "PRUNING": " ", "RISK_FACTO": "None", "OBSERVATIO": "Discolored Foliage", "OBSERVATI2": "White Fly", "OBSERVATI3": " ", "OVERHEAD_U": "No", "GROWING_SP": "Road/ROW", "GPS_DATE": 1503273600000, "GPS_TIME": "02:20:54pm", "NORTHING": 529719.972, "EASTING": 941842.644, "COMMEMORATIVE": null, "ALIAS_ID": null, "OBJECTID": 7763, "OBSERVATI4": null}}, {"type": "Feature", "id": 7812, "geometry": {"type": "Point", "coordinates": [-80.13072463622176, 25.78692741521172]}, "properties": {"POINT_ID": 39513, "TREE_SPECI": "Coconut Palm", "SCI_NAME": "Cocos nucifera", "DBH": 8, "MULTI_TRUN": "No", "CONDITION": "Fair", "PRUNING": " ", "RISK_FACTO": "None", "OBSERVATIO": "Discolored Foliage", "OBSERVATI2": " ", "OBSERVATI3": " ", "OVERHEAD_U": "No", "GROWING_SP": "Road/ROW", "GPS_DATE": 1503273600000, "GPS_TIME": "03:19:11pm", "NORTHING": 529191.539, "EASTING": 942201.187, "COMMEMORATIVE": null, "ALIAS_ID": null, "OBJECTID": 7812, "OBSERVATI4": null}}, {"type": "Feature", "id": 6601, "geometry": {"type": "Point", "coordinates": [-80.13745832767131, 25.786528583871107]}, "properties": {"POINT_ID": 38302, "TREE_SPECI": "Areca Palm", "SCI_NAME": "Dypsis lutescens", "DBH": 18, "MULTI_TRUN": "Yes", "CONDITION": "Good", "PRUNING": "Clearance Pruning", "RISK_FACTO": "None", "OBSERVATIO": "Utility Lines - Conflict", "OBSERVATI2": " ", "OBSERVATI3": " ", "OVERHEAD_U": "Yes", "GROWING_SP": "Road/ROW", "GPS_DATE": 1502236800000, "GPS_TIME": "08:59:25am", "NORTHING": 529032.007, "EASTING": 939986.321, "COMMEMORATIVE": null, "ALIAS_ID": null, "OBJECTID": 6601, "OBSERVATI4": null}}, {"type": "Feature", "id": 6607, "geometry": {"type": "Point", "coordinates": [-80.13745490774632, 25.78661074632629]}, "properties": {"POINT_ID": 38308, "TREE_SPECI": "Areca Palm", "SCI_NAME": "Dypsis lutescens", "DBH": 20, "MULTI_TRUN": "Yes", "CONDITION": "Good", "PRUNING": " ", "RISK_FACTO": "None", "OBSERVATIO": " ", "OBSERVATI2": " ", "OBSERVATI3": " ", "OVERHEAD_U": "No", "GROWING_SP": "Road/ROW", "GPS_DATE": 1502236800000, "GPS_TIME": "09:02:10am", "NORTHING": 529061.878, "EASTING": 939987.251, "COMMEMORATIVE": null, "ALIAS_ID": null, "OBJECTID": 6607, "OBSERVATI4": null}}, {"type": "Feature", "id": 7320, "geometry": {"type": "Point", "coordinates": [-80.13653790622041, 25.785518589925353]}, "properties": {"POINT_ID": 39021, "TREE_SPECI": "Australian Pine", "SCI_NAME": "Casuarina equisetifolia", "DBH": 22, "MULTI_TRUN": "No", "CONDITION": "Poor", "PRUNING": " ", "RISK_FACTO": "None", "OBSERVATIO": "Leaning - Moderate", "OBSERVATI2": "Reduced Canopy - Moderate", "OBSERVATI3": "Co-Dominant Leaders", "OVERHEAD_U": "No", "GROWING_SP": "Park", "GPS_DATE": 1502928000000, "GPS_TIME": "07:53:29am", "NORTHING": 528666.888, "EASTING": 940291.607, "COMMEMORATIVE": null, "ALIAS_ID": null, "OBJECTID": 7320, "OBSERVATI4": null}}, {"type": "Feature", "id": 9976, "geometry": {"type": "Point", "coordinates": [-80.13144701982321, 25.77794336381195]}, "properties": {"POINT_ID": 41677, "TREE_SPECI": "Coconut Palm", "SCI_NAME": "Cocos nucifera", "DBH": 10, "MULTI_TRUN": "No", "CONDITION": "Fair", "PRUNING": " ", "RISK_FACTO": "None", "OBSERVATIO": "Discolored Foliage", "OBSERVATI2": " ", "OBSERVATI3": " ", "OVERHEAD_U": "No", "GROWING_SP": "Road/ROW", "GPS_DATE": 1503964800000, "GPS_TIME": "01:44:21pm", "NORTHING": 525924.531, "EASTING": 941985.009, "COMMEMORATIVE": null, "ALIAS_ID": null, "OBJECTID": 9976, "OBSERVATI4": null}}, {"type": "Feature", "id": 9263, "geometry": {"type": "Point", "coordinates": [-80.1396783840511, 25.777945852782835]}, "properties": {"POINT_ID": 40964, "TREE_SPECI": "Black Olive", "SCI_NAME": "Bucida buceras", "DBH": 22, "MULTI_TRUN": "No", "CONDITION": "Poor", "PRUNING": "Crown Cleaning", "RISK_FACTO": "Constricted Roots - Severe", "OBSERVATIO": "Constricted Roots", "OBSERVATI2": "Sprouting", "OBSERVATI3": "Co-Dominant Leaders", "OVERHEAD_U": "No", "GROWING_SP": "Road/ROW", "GPS_DATE": 1503878400000, "GPS_TIME": "07:52:52am", "NORTHING": 525907.661, "EASTING": 939276.155, "COMMEMORATIVE": null, "ALIAS_ID": null, "OBJECTID": 9263, "OBSERVATI4": null}}, {"type": "Feature", "id": 1812, "geometry": {"type": "Point", "coordinates": [-80.13882829820581, 25.792784043945833]}, "properties": {"POINT_ID": 33513, "TREE_SPECI": "Wild/Cuban Tamarind", "SCI_NAME": "Lysiloma latisiliquum", "DBH": 9, "MULTI_TRUN": "No", "CONDITION": "Good", "PRUNING": " ", "RISK_FACTO": "None", "OBSERVATIO": "Leaning - Minor", "OBSERVATI2": " ", "OBSERVATI3": " ", "OVERHEAD_U": "No", "GROWING_SP": "Road/ROW", "GPS_DATE": 1492560000000, "GPS_TIME": "01:16:07pm", "NORTHING": 531302.732, "EASTING": 939520.643, "COMMEMORATIVE": null, "ALIAS_ID": null, "OBJECTID": 1812, "OBSERVATI4": null}}, {"type": "Feature", "id": 6650, "geometry": {"type": "Point", "coordinates": [-80.14076549568624, 25.78195973104172]}, "properties": {"POINT_ID": 38351, "TREE_SPECI": "Live Oak", "SCI_NAME": "Quercus virginiana", "DBH": 10, "MULTI_TRUN": "No", "CONDITION": "Good", "PRUNING": " ", "RISK_FACTO": "None", "OBSERVATIO": " ", "OBSERVATI2": " ", "OBSERVATI3": " ", "OVERHEAD_U": "No", "GROWING_SP": "Park", "GPS_DATE": 1502236800000, "GPS_TIME": "10:03:26am", "NORTHING": 527364.251, "EASTING": 938908.883, "COMMEMORATIVE": null, "ALIAS_ID": null, "OBJECTID": 6650, "OBSERVATI4": null}}, {"type": "Feature", "id": 30626, "geometry": {"type": "Point", "coordinates": [-80.13737036690469, 25.79784296965083]}, "properties": {"POINT_ID": 29684, "TREE_SPECI": "Australian Pine", "SCI_NAME": null, "DBH": 18, "MULTI_TRUN": "No", "CONDITION": "Good", "PRUNING": " ", "RISK_FACTO": "None", "OBSERVATIO": " ", "OBSERVATI2": " ", "OBSERVATI3": " ", "OVERHEAD_U": "No", "GROWING_SP": "Golf Course", "GPS_DATE": 1460419200000, "GPS_TIME": "01:04:48pm", "NORTHING": 533144.645, "EASTING": 939988.324, "COMMEMORATIVE": "N", "ALIAS_ID": null, "OBJECTID": 30626, "OBSERVATI4": null}}, {"type": "Feature", "id": 30460, "geometry": {"type": "Point", "coordinates": [-80.13766053700421, 25.795673060793764]}, "properties": {"POINT_ID": 29518, "TREE_SPECI": "Cabbage Palm", "SCI_NAME": null, "DBH": 4, "MULTI_TRUN": "No", "CONDITION": "Poor", "PRUNING": " ", "RISK_FACTO": "None", "OBSERVATIO": "Leader - Bent", "OBSERVATI2": " ", "OBSERVATI3": " ", "OVERHEAD_U": "No", "GROWING_SP": "Golf Course", "GPS_DATE": 1460419200000, "GPS_TIME": "09:38:28am", "NORTHING": 532355.321, "EASTING": 939898.015, "COMMEMORATIVE": "N", "ALIAS_ID": null, "OBJECTID": 30460, "OBSERVATI4": null}}, {"type": "Feature", "id": 10045, "geometry": {"type": "Point", "coordinates": [-80.13397147095807, 25.777739938581757]}, "properties": {"POINT_ID": 41746, "TREE_SPECI": "Brazilian Beauty Leaf", "SCI_NAME": "Calophyllum brasiliense", "DBH": 8, "MULTI_TRUN": "No", "CONDITION": "Fair", "PRUNING": " ", "RISK_FACTO": "None", "OBSERVATIO": "Circling Roots", "OBSERVATI2": " ", "OBSERVATI3": " ", "OVERHEAD_U": "No", "GROWING_SP": "Road/ROW", "GPS_DATE": 1504051200000, "GPS_TIME": "08:56:50am", "NORTHING": 525845.123, "EASTING": 941154.726, "COMMEMORATIVE": null, "ALIAS_ID": null, "OBJECTID": 10045, "OBSERVATI4": null}}, {"type": "Feature", "id": 29844, "geometry": {"type": "Point", "coordinates": [-80.13051873326332, 25.800032560884976]}, "properties": {"POINT_ID": 25423, "TREE_SPECI": "Areca Palm", "SCI_NAME": null, "DBH": 28, "MULTI_TRUN": "Yes", "CONDITION": "Fair", "PRUNING": " ", "RISK_FACTO": "None", "OBSERVATIO": "Frizzled Fronds", "OBSERVATI2": "Discolored Foliage", "OBSERVATI3": " ", "OVERHEAD_U": "No", "GROWING_SP": "Other", "GPS_DATE": 1453075200000, "GPS_TIME": "01:55:24pm", "NORTHING": 533955.331, "EASTING": 942237.486, "COMMEMORATIVE": "N", "ALIAS_ID": null, "OBJECTID": 29844, "OBSERVATI4": null}}, {"type": "Feature", "id": 4466, "geometry": {"type": "Point", "coordinates": [-80.12611447470798, 25.798294500665005]}, "properties": {"POINT_ID": 36167, "TREE_SPECI": "Coconut Palm", "SCI_NAME": "Cocos nucifera", "DBH": 11, "MULTI_TRUN": "No", "CONDITION": "Fair", "PRUNING": " ", "RISK_FACTO": "None", "OBSERVATIO": "Discolored Foliage", "OBSERVATI2": " ", "OBSERVATI3": " ", "OVERHEAD_U": "No", "GROWING_SP": "Park", "GPS_DATE": 1496707200000, "GPS_TIME": "11:58:41am", "NORTHING": 533333.191, "EASTING": 943690.805, "COMMEMORATIVE": null, "ALIAS_ID": null, "OBJECTID": 4466, "OBSERVATI4": null}}, {"type": "Feature", "id": 5376, "geometry": {"type": "Point", "coordinates": [-80.1275425379051, 25.79503194034201]}, "properties": {"POINT_ID": 37077, "TREE_SPECI": "Green Buttonwood", "SCI_NAME": "Conocarpus erectus", "DBH": 12, "MULTI_TRUN": "No", "CONDITION": "Fair", "PRUNING": "Crown Cleaning", "RISK_FACTO": "None", "OBSERVATIO": "Dead Wood", "OBSERVATI2": " ", "OBSERVATI3": " ", "OVERHEAD_U": "No", "GROWING_SP": "Park", "GPS_DATE": 1501632000000, "GPS_TIME": "01:18:14pm", "NORTHING": 532144.226, "EASTING": 943228.783, "COMMEMORATIVE": null, "ALIAS_ID": null, "OBJECTID": 5376, "OBSERVATI4": null}}, {"type": "Feature", "id": 5299, "geometry": {"type": "Point", "coordinates": [-80.12767507358163, 25.796187186157326]}, "properties": {"POINT_ID": 37000, "TREE_SPECI": "Coconut Palm", "SCI_NAME": "Cocos nucifera", "DBH": 11, "MULTI_TRUN": "No", "CONDITION": "Fair", "PRUNING": " ", "RISK_FACTO": "None", "OBSERVATIO": "Discolored Foliage", "OBSERVATI2": " ", "OBSERVATI3": " ", "OVERHEAD_U": "No", "GROWING_SP": "Park", "GPS_DATE": 1499731200000, "GPS_TIME": "01:53:26pm", "NORTHING": 532563.836, "EASTING": 943182.392, "COMMEMORATIVE": null, "ALIAS_ID": null, "OBJECTID": 5299, "OBSERVATI4": null}}, {"type": "Feature", "id": 4709, "geometry": {"type": "Point", "coordinates": [-80.12896315832835, 25.797491363340573]}, "properties": {"POINT_ID": 36410, "TREE_SPECI": "Cabbage Palm", "SCI_NAME": "Sabal palmetto", "DBH": 11, "MULTI_TRUN": "No", "CONDITION": "Good", "PRUNING": " ", "RISK_FACTO": "None", "OBSERVATIO": " ", "OBSERVATI2": " ", "OBSERVATI3": " ", "OVERHEAD_U": "No", "GROWING_SP": "Park", "GPS_DATE": 1499299200000, "GPS_TIME": "09:11:35am", "NORTHING": 533035.061, "EASTING": 942755.426, "COMMEMORATIVE": null, "ALIAS_ID": null, "OBJECTID": 4709, "OBSERVATI4": null}}, {"type": "Feature", "id": 7122, "geometry": {"type": "Point", "coordinates": [-80.13847305245757, 25.78427766134086]}, "properties": {"POINT_ID": 38823, "TREE_SPECI": "Brazilian Beauty Leaf", "SCI_NAME": "Calophyllum brasiliense", "DBH": 12, "MULTI_TRUN": "No", "CONDITION": "Good", "PRUNING": " ", "RISK_FACTO": "None", "OBSERVATIO": "Co-Dominant Leaders", "OBSERVATI2": " ", "OBSERVATI3": " ", "OVERHEAD_U": "No", "GROWING_SP": "Park", "GPS_DATE": 1502841600000, "GPS_TIME": "11:35:00am", "NORTHING": 528211.677, "EASTING": 939657.763, "COMMEMORATIVE": null, "ALIAS_ID": null, "OBJECTID": 7122, "OBSERVATI4": null}}, {"type": "Feature", "id": 3384, "geometry": {"type": "Point", "coordinates": [-80.13441116747555, 25.79058212826934]}, "properties": {"POINT_ID": 35085, "TREE_SPECI": "Lignum vitae", "SCI_NAME": "Guajacum sanctum", "DBH": 3, "MULTI_TRUN": "No", "CONDITION": "Good", "PRUNING": " ", "RISK_FACTO": "None", "OBSERVATIO": " ", "OBSERVATI2": " ", "OBSERVATI3": " ", "OVERHEAD_U": "No", "GROWING_SP": "Park", "GPS_DATE": 1494979200000, "GPS_TIME": "10:55:30am", "NORTHING": 530511.93, "EASTING": 940979.351, "COMMEMORATIVE": null, "ALIAS_ID": null, "OBJECTID": 3384, "OBSERVATI4": null}}, {"type": "Feature", "id": 8622, "geometry": {"type": "Point", "coordinates": [-80.13286651438119, 25.782642561387057]}, "properties": {"POINT_ID": 40323, "TREE_SPECI": "Live Oak", "SCI_NAME": "Quercus virginiana", "DBH": 13, "MULTI_TRUN": "No", "CONDITION": "Fair", "PRUNING": "Structure Pruning", "RISK_FACTO": "None", "OBSERVATIO": "Co-Dominant Leaders", "OBSERVATI2": "Poor Structure/Low Multi Trunk", "OBSERVATI3": " ", "OVERHEAD_U": "No", "GROWING_SP": "Government", "GPS_DATE": 1503964800000, "GPS_TIME": "10:02:09am", "NORTHING": 527629.474, "EASTING": 941506.626, "COMMEMORATIVE": null, "ALIAS_ID": null, "OBJECTID": 8622, "OBSERVATI4": null}}, {"type": "Feature", "id": 9876, "geometry": {"type": "Point", "coordinates": [-80.13315050585626, 25.778663184362628]}, "properties": {"POINT_ID": 41577, "TREE_SPECI": "Coconut Palm", "SCI_NAME": "Cocos nucifera", "DBH": 9, "MULTI_TRUN": "No", "CONDITION": "Good", "PRUNING": " ", "RISK_FACTO": "None", "OBSERVATIO": " ", "OBSERVATI2": " ", "OBSERVATI3": " ", "OVERHEAD_U": "No", "GROWING_SP": "Road/ROW", "GPS_DATE": 1503964800000, "GPS_TIME": "11:40:51am", "NORTHING": 526182.472, "EASTING": 941422.689, "COMMEMORATIVE": null, "ALIAS_ID": null, "OBJECTID": 9876, "OBSERVATI4": null}}, {"type": "Feature", "id": 6630, "geometry": {"type": "Point", "coordinates": [-80.13641912379279, 25.78394395904649]}, "properties": {"POINT_ID": 38331, "TREE_SPECI": "Brazilian Beauty Leaf", "SCI_NAME": "Calophyllum brasiliense", "DBH": 35, "MULTI_TRUN": "No", "CONDITION": "Fair", "PRUNING": " ", "RISK_FACTO": "None", "OBSERVATIO": "Constricted Roots", "OBSERVATI2": "Co-Dominant Leaders", "OBSERVATI3": " ", "OVERHEAD_U": "No", "GROWING_SP": "Road/ROW", "GPS_DATE": 1502236800000, "GPS_TIME": "09:28:37am", "NORTHING": 528094.813, "EASTING": 940334.447, "COMMEMORATIVE": null, "ALIAS_ID": null, "OBJECTID": 6630, "OBSERVATI4": null}}, {"type": "Feature", "id": 8545, "geometry": {"type": "Point", "coordinates": [-80.13614565888949, 25.78193800666936]}, "properties": {"POINT_ID": 40246, "TREE_SPECI": "Florida Thatch Palm", "SCI_NAME": "Thrinax radiata", "DBH": 6, "MULTI_TRUN": "No", "CONDITION": "Good", "PRUNING": " ", "RISK_FACTO": "None", "OBSERVATIO": " ", "OBSERVATI2": " ", "OBSERVATI3": " ", "OVERHEAD_U": "No", "GROWING_SP": "Road/ROW", "GPS_DATE": 1503964800000, "GPS_TIME": "08:37:36am", "NORTHING": 527366.298, "EASTING": 940429.218, "COMMEMORATIVE": null, "ALIAS_ID": null, "OBJECTID": 8545, "OBSERVATI4": null}}, {"type": "Feature", "id": 6799, "geometry": {"type": "Point", "coordinates": [-80.13828641440209, 25.78197602113199]}, "properties": {"POINT_ID": 38500, "TREE_SPECI": "Florida Thatch Palm", "SCI_NAME": "Thrinax radiata", "DBH": 4, "MULTI_TRUN": "No", "CONDITION": "Good", "PRUNING": " ", "RISK_FACTO": "None", "OBSERVATIO": "Leaning - Minor", "OBSERVATI2": " ", "OBSERVATI3": " ", "OVERHEAD_U": "No", "GROWING_SP": "Park", "GPS_DATE": 1502236800000, "GPS_TIME": "01:07:08pm", "NORTHING": 527375.501, "EASTING": 939724.653, "COMMEMORATIVE": null, "ALIAS_ID": null, "OBJECTID": 6799, "OBSERVATI4": null}}, {"type": "Feature", "id": 31267, "geometry": {"type": "Point", "coordinates": [-80.1356266268176, 25.800550610407676]}, "properties": {"POINT_ID": 30330, "TREE_SPECI": "Coconut Palm", "SCI_NAME": null, "DBH": 8, "MULTI_TRUN": "No", "CONDITION": "Good", "PRUNING": " ", "RISK_FACTO": "None", "OBSERVATIO": " ", "OBSERVATI2": " ", "OBSERVATI3": " ", "OVERHEAD_U": "No", "GROWING_SP": "Golf Course", "GPS_DATE": 1461110400000, "GPS_TIME": "12:50:09pm", "NORTHING": 534132.558, "EASTING": 940555.611, "COMMEMORATIVE": "N", "ALIAS_ID": null, "OBJECTID": 31267, "OBSERVATI4": null}}, {"type": "Feature", "id": 3212, "geometry": {"type": "Point", "coordinates": [-80.1351345310189, 25.795051120756728]}, "properties": {"POINT_ID": 34913, "TREE_SPECI": "Cabbage Palm", "SCI_NAME": "Sabal palmetto", "DBH": 11, "MULTI_TRUN": "No", "CONDITION": "Fair", "PRUNING": " ", "RISK_FACTO": "None", "OBSERVATIO": "Leaning - Moderate", "OBSERVATI2": " ", "OBSERVATI3": " ", "OVERHEAD_U": "No", "GROWING_SP": "Park", "GPS_DATE": 1493164800000, "GPS_TIME": "01:53:28pm", "NORTHING": 532134.716, "EASTING": 940730.656, "COMMEMORATIVE": null, "ALIAS_ID": null, "OBJECTID": 3212, "OBSERVATI4": null}}, {"type": "Feature", "id": 3455, "geometry": {"type": "Point", "coordinates": [-80.13472109194666, 25.79286679511934]}, "properties": {"POINT_ID": 35156, "TREE_SPECI": "Yellow Tabebuia", "SCI_NAME": "Tabebuia caraiba", "DBH": 18, "MULTI_TRUN": "No", "CONDITION": "Fair", "PRUNING": "Crown Cleaning", "RISK_FACTO": "None", "OBSERVATIO": "Dead Wood", "OBSERVATI2": "Reduced Canopy - Moderate", "OBSERVATI3": " ", "OVERHEAD_U": "No", "GROWING_SP": "Park", "GPS_DATE": 1495497600000, "GPS_TIME": "11:50:48am", "NORTHING": 531341.67, "EASTING": 940871.912, "COMMEMORATIVE": null, "ALIAS_ID": null, "OBJECTID": 3455, "OBSERVATI4": null}}, {"type": "Feature", "id": 3876, "geometry": {"type": "Point", "coordinates": [-80.13269628193882, 25.791771142518776]}, "properties": {"POINT_ID": 35577, "TREE_SPECI": "Montgomery Palm", "SCI_NAME": "Veitchia montgomeryana", "DBH": 15, "MULTI_TRUN": "Yes", "CONDITION": "Good", "PRUNING": " ", "RISK_FACTO": "None", "OBSERVATIO": " ", "OBSERVATI2": " ", "OBSERVATI3": " ", "OVERHEAD_U": "No", "GROWING_SP": "Park", "GPS_DATE": 1494374400000, "GPS_TIME": "11:47:26am", "NORTHING": 530947.816, "EASTING": 941540.794, "COMMEMORATIVE": null, "ALIAS_ID": null, "OBJECTID": 3876, "OBSERVATI4": null}}, {"type": "Feature", "id": 3802, "geometry": {"type": "Point", "coordinates": [-80.13273422816029, 25.792111819097933]}, "properties": {"POINT_ID": 35503, "TREE_SPECI": "Arecina Palm", "SCI_NAME": "Veitchia arecina", "DBH": 3, "MULTI_TRUN": "No", "CONDITION": "Good", "PRUNING": " ", "RISK_FACTO": "None", "OBSERVATIO": " ", "OBSERVATI2": " ", "OBSERVATI3": " ", "OVERHEAD_U": "No", "GROWING_SP": "Park", "GPS_DATE": 1494374400000, "GPS_TIME": "11:19:16am", "NORTHING": 531071.56, "EASTING": 941527.492, "COMMEMORATIVE": null, "ALIAS_ID": null, "OBJECTID": 3802, "OBSERVATI4": null}}, {"type": "Feature", "id": 4045, "geometry": {"type": "Point", "coordinates": [-80.13241016972985, 25.791314368684954]}, "properties": {"POINT_ID": 35746, "TREE_SPECI": "Montgomery Palm", "SCI_NAME": "Veitchia montgomeryana", "DBH": 16, "MULTI_TRUN": "Yes", "CONDITION": "Good", "PRUNING": " ", "RISK_FACTO": "None", "OBSERVATIO": " ", "OBSERVATI2": " ", "OBSERVATI3": " ", "OVERHEAD_U": "No", "GROWING_SP": "Park", "GPS_DATE": 1494374400000, "GPS_TIME": "01:59:34pm", "NORTHING": 530782.412, "EASTING": 941636.033, "COMMEMORATIVE": null, "ALIAS_ID": null, "OBJECTID": 4045, "OBSERVATI4": null}}, {"type": "Feature", "id": 7955, "geometry": {"type": "Point", "coordinates": [-80.12930775577418, 25.78765307247428]}, "properties": {"POINT_ID": 39656, "TREE_SPECI": "Date Palm", "SCI_NAME": "Phoenix dactylifera", "DBH": 23, "MULTI_TRUN": "No", "CONDITION": "Good", "PRUNING": " ", "RISK_FACTO": "None", "OBSERVATIO": " ", "OBSERVATI2": " ", "OBSERVATI3": " ", "OVERHEAD_U": "No", "GROWING_SP": "Road/ROW", "GPS_DATE": 1503360000000, "GPS_TIME": "10:49:10am", "NORTHING": 529458.375, "EASTING": 942665.688, "COMMEMORATIVE": null, "ALIAS_ID": null, "OBJECTID": 7955, "OBSERVATI4": null}}, {"type": "Feature", "id": 7463, "geometry": {"type": "Point", "coordinates": [-80.13834599466301, 25.78703070497234]}, "properties": {"POINT_ID": 39164, "TREE_SPECI": "Silver Buttonwood", "SCI_NAME": "Conocarpus erectus var. sericeus", "DBH": 9, "MULTI_TRUN": "No", "CONDITION": "Fair", "PRUNING": "Clearance Pruning, Crown Cleaning", "RISK_FACTO": "None", "OBSERVATIO": "Utility Lines - Conflict", "OBSERVATI2": "Stubs", "OBSERVATI3": "Leader - Bent", "OVERHEAD_U": "Yes", "GROWING_SP": "Parking Facility", "GPS_DATE": 1502928000000, "GPS_TIME": "10:32:05am", "NORTHING": 529212.601, "EASTING": 939693.027, "COMMEMORATIVE": null, "ALIAS_ID": null, "OBJECTID": 7463, "OBSERVATI4": null}}, {"type": "Feature", "id": 7291, "geometry": {"type": "Point", "coordinates": [-80.1365312662189, 25.7851289472859]}, "properties": {"POINT_ID": 38992, "TREE_SPECI": "Australian Pine", "SCI_NAME": "Casuarina equisetifolia", "DBH": 10, "MULTI_TRUN": "No", "CONDITION": "Poor", "PRUNING": " ", "RISK_FACTO": "None", "OBSERVATIO": "Utility Lines - Adjacent", "OBSERVATI2": "Reduced Canopy - Major", "OBSERVATI3": "Co-Dominant Leaders", "OVERHEAD_U": "Yes", "GROWING_SP": "Park", "GPS_DATE": 1502928000000, "GPS_TIME": "07:32:50am", "NORTHING": 528525.279, "EASTING": 940294.72, "COMMEMORATIVE": null, "ALIAS_ID": null, "OBJECTID": 7291, "OBSERVATI4": null}}, {"type": "Feature", "id": 1881, "geometry": {"type": "Point", "coordinates": [-80.13760990764887, 25.79156176464739]}, "properties": {"POINT_ID": 33582, "TREE_SPECI": "Tamarind", "SCI_NAME": "Tamarindus indica", "DBH": 20, "MULTI_TRUN": "No", "CONDITION": "Fair", "PRUNING": "Crown Cleaning", "RISK_FACTO": "None", "OBSERVATIO": "Constricted Roots", "OBSERVATI2": "Co-Dominant Leaders", "OBSERVATI3": "Dead Wood", "OVERHEAD_U": "No", "GROWING_SP": "Road/ROW", "GPS_DATE": 1492560000000, "GPS_TIME": "02:39:28pm", "NORTHING": 530861.094, "EASTING": 939924.461, "COMMEMORATIVE": null, "ALIAS_ID": null, "OBJECTID": 1881, "OBSERVATI4": null}}, {"type": "Feature", "id": 2053, "geometry": {"type": "Point", "coordinates": [-80.13733105968136, 25.790504639408358]}, "properties": {"POINT_ID": 33754, "TREE_SPECI": "Solitaire Palm", "SCI_NAME": "Ptychosperma elegans", "DBH": 4, "MULTI_TRUN": "No", "CONDITION": "Good", "PRUNING": " ", "RISK_FACTO": "None", "OBSERVATIO": " ", "OBSERVATI2": " ", "OBSERVATI3": " ", "OVERHEAD_U": "No", "GROWING_SP": "Park", "GPS_DATE": 1494460800000, "GPS_TIME": "01:43:44pm", "NORTHING": 530477.46, "EASTING": 940018.734, "COMMEMORATIVE": null, "ALIAS_ID": null, "OBJECTID": 2053, "OBSERVATI4": null}}, {"type": "Feature", "id": 10537, "geometry": {"type": "Point", "coordinates": [-80.13054489889777, 25.779830800797647]}, "properties": {"POINT_ID": 42238, "TREE_SPECI": "Coconut Palm", "SCI_NAME": "Cocos nucifera", "DBH": 10, "MULTI_TRUN": "No", "CONDITION": "Good", "PRUNING": " ", "RISK_FACTO": "None", "OBSERVATIO": " ", "OBSERVATI2": " ", "OBSERVATI3": " ", "OVERHEAD_U": "No", "GROWING_SP": "Park", "GPS_DATE": 1503446400000, "GPS_TIME": "01:59:58pm", "NORTHING": 526612.517, "EASTING": 942277.359, "COMMEMORATIVE": null, "ALIAS_ID": null, "OBJECTID": 10537, "OBSERVATI4": null}}, {"type": "Feature", "id": 30434, "geometry": {"type": "Point", "coordinates": [-80.13685771348987, 25.796045819091905]}, "properties": {"POINT_ID": 29492, "TREE_SPECI": "Montgomery Palm", "SCI_NAME": null, "DBH": 3, "MULTI_TRUN": "No", "CONDITION": "Good", "PRUNING": " ", "RISK_FACTO": "None", "OBSERVATIO": " ", "OBSERVATI2": " ", "OBSERVATI3": " ", "OVERHEAD_U": "No", "GROWING_SP": "Golf Course", "GPS_DATE": 1460419200000, "GPS_TIME": "09:22:14am", "NORTHING": 532492.539, "EASTING": 940161.287, "COMMEMORATIVE": "N", "ALIAS_ID": null, "OBJECTID": 30434, "OBSERVATI4": null}}, {"type": "Feature", "id": 2545, "geometry": {"type": "Point", "coordinates": [-80.135804789024, 25.795074873798036]}, "properties": {"POINT_ID": 34246, "TREE_SPECI": "Cabbage Palm", "SCI_NAME": "Sabal palmetto", "DBH": 10, "MULTI_TRUN": "No", "CONDITION": "Fair", "PRUNING": " ", "RISK_FACTO": "None", "OBSERVATIO": "Pencil Top", "OBSERVATI2": " ", "OBSERVATI3": " ", "OVERHEAD_U": "No", "GROWING_SP": "Park", "GPS_DATE": 1497916800000, "GPS_TIME": "10:21:53am", "NORTHING": 532141.901, "EASTING": 940510.056, "COMMEMORATIVE": null, "ALIAS_ID": null, "OBJECTID": 2545, "OBSERVATI4": null}}, {"type": "Feature", "id": 29352, "geometry": {"type": "Point", "coordinates": [-80.13555821599287, 25.79824102951652]}, "properties": {"POINT_ID": 24931, "TREE_SPECI": "Coconut Palm", "SCI_NAME": null, "DBH": 8, "MULTI_TRUN": "No", "CONDITION": "Good", "PRUNING": " ", "RISK_FACTO": "None", "OBSERVATIO": " ", "OBSERVATI2": " ", "OBSERVATI3": " ", "OVERHEAD_U": "No", "GROWING_SP": "ROW/Swale", "GPS_DATE": 1452556800000, "GPS_TIME": "02:54:04pm", "NORTHING": 533293.24, "EASTING": 940583.633, "COMMEMORATIVE": "N", "ALIAS_ID": null, "OBJECTID": 29352, "OBSERVATI4": null}}, {"type": "Feature", "id": 30677, "geometry": {"type": "Point", "coordinates": [-80.13660807221969, 25.798392187013807]}, "properties": {"POINT_ID": 29739, "TREE_SPECI": "Pink Tabebuia", "SCI_NAME": null, "DBH": 4, "MULTI_TRUN": "No", "CONDITION": "Good", "PRUNING": " ", "RISK_FACTO": "None", "OBSERVATIO": " ", "OBSERVATI2": " ", "OBSERVATI3": " ", "OVERHEAD_U": "No", "GROWING_SP": "Golf Course", "GPS_DATE": 1460419200000, "GPS_TIME": "01:47:15pm", "NORTHING": 533345.914, "EASTING": 940237.835, "COMMEMORATIVE": "N", "ALIAS_ID": null, "OBJECTID": 30677, "OBSERVATI4": null}}, {"type": "Feature", "id": 30603, "geometry": {"type": "Point", "coordinates": [-80.13716440793164, 25.79744145159306]}, "properties": {"POINT_ID": 29661, "TREE_SPECI": "Cabbage Palm", "SCI_NAME": null, "DBH": 10, "MULTI_TRUN": "No", "CONDITION": "Good", "PRUNING": " ", "RISK_FACTO": "None", "OBSERVATIO": " ", "OBSERVATI2": " ", "OBSERVATI3": " ", "OVERHEAD_U": "No", "GROWING_SP": "Golf Course", "GPS_DATE": 1460419200000, "GPS_TIME": "12:45:49pm", "NORTHING": 532999.149, "EASTING": 940057.048, "COMMEMORATIVE": "N", "ALIAS_ID": null, "OBJECTID": 30603, "OBSERVATI4": null}}, {"type": "Feature", "id": 7881, "geometry": {"type": "Point", "coordinates": [-80.13208395935413, 25.785309061208128]}, "properties": {"POINT_ID": 39582, "TREE_SPECI": "Coconut Palm", "SCI_NAME": "Cocos nucifera", "DBH": 8, "MULTI_TRUN": "No", "CONDITION": "Fair", "PRUNING": " ", "RISK_FACTO": "None", "OBSERVATIO": "Discolored Foliage", "OBSERVATI2": " ", "OBSERVATI3": " ", "OVERHEAD_U": "No", "GROWING_SP": "Road/ROW", "GPS_DATE": 1503360000000, "GPS_TIME": "09:00:53am", "NORTHING": 528600.364, "EASTING": 941757.759, "COMMEMORATIVE": null, "ALIAS_ID": null, "OBJECTID": 7881, "OBSERVATI4": null}}, {"type": "Feature", "id": 4537, "geometry": {"type": "Point", "coordinates": [-80.12879962104772, 25.798235487102122]}, "properties": {"POINT_ID": 36238, "TREE_SPECI": "Pigeon Plum", "SCI_NAME": "Coccoloba diversifolia", "DBH": 12, "MULTI_TRUN": "No", "CONDITION": "Fair", "PRUNING": " ", "RISK_FACTO": "None", "OBSERVATIO": "Poor Structure/Low Multi Trunk", "OBSERVATI2": "Reduced Canopy - Minor", "OBSERVATI3": " ", "OVERHEAD_U": "No", "GROWING_SP": "Parking Facility", "GPS_DATE": 1496707200000, "GPS_TIME": "02:48:39pm", "NORTHING": 533305.885, "EASTING": 942807.445, "COMMEMORATIVE": null, "ALIAS_ID": null, "OBJECTID": 4537, "OBSERVATI4": null}}, {"type": "Feature", "id": 4635, "geometry": {"type": "Point", "coordinates": [-80.13069442474752, 25.797269636277644]}, "properties": {"POINT_ID": 36336, "TREE_SPECI": "Coconut Palm", "SCI_NAME": "Cocos nucifera", "DBH": 11, "MULTI_TRUN": "No", "CONDITION": "Fair", "PRUNING": " ", "RISK_FACTO": "None", "OBSERVATIO": "Discolored Foliage", "OBSERVATI2": " ", "OBSERVATI3": " ", "OVERHEAD_U": "No", "GROWING_SP": "Road/ROW", "GPS_DATE": 1501632000000, "GPS_TIME": "10:52:31am", "NORTHING": 532950.704, "EASTING": 942186.311, "COMMEMORATIVE": null, "ALIAS_ID": null, "OBJECTID": 4635, "OBSERVATI4": null}}, {"type": "Feature", "id": 10709, "geometry": {"type": "Point", "coordinates": [-80.1311357497565, 25.77755030445694]}, "properties": {"POINT_ID": 42410, "TREE_SPECI": "Coconut Palm", "SCI_NAME": "Cocos nucifera", "DBH": 13, "MULTI_TRUN": "No", "CONDITION": "Good", "PRUNING": " ", "RISK_FACTO": "None", "OBSERVATIO": " ", "OBSERVATI2": " ", "OBSERVATI3": " ", "OVERHEAD_U": "No", "GROWING_SP": "Park", "GPS_DATE": 1503446400000, "GPS_TIME": "03:01:46pm", "NORTHING": 525782.341, "EASTING": 942088.386, "COMMEMORATIVE": null, "ALIAS_ID": null, "OBJECTID": 10709, "OBSERVATI4": null}}, {"type": "Feature", "id": 6040, "geometry": {"type": "Point", "coordinates": [-80.13955584435836, 25.789470184713334]}, "properties": {"POINT_ID": 37741, "TREE_SPECI": "Pigeon Plum", "SCI_NAME": "Coccoloba diversifolia", "DBH": 2, "MULTI_TRUN": "No", "CONDITION": "Good", "PRUNING": " ", "RISK_FACTO": "None", "OBSERVATIO": "Leaning - Minor", "OBSERVATI2": "Support - Fix", "OBSERVATI3": " ", "OVERHEAD_U": "No", "GROWING_SP": "Parking Facility", "GPS_DATE": 1501632000000, "GPS_TIME": "12:27:59pm", "NORTHING": 530096.677, "EASTING": 939289.117, "COMMEMORATIVE": null, "ALIAS_ID": null, "OBJECTID": 6040, "OBSERVATI4": null}}, {"type": "Feature", "id": 9212, "geometry": {"type": "Point", "coordinates": [-80.14073614488245, 25.778865289205694]}, "properties": {"POINT_ID": 40913, "TREE_SPECI": "Live Oak", "SCI_NAME": "Quercus virginiana", "DBH": 5, "MULTI_TRUN": "No", "CONDITION": "Good", "PRUNING": " ", "RISK_FACTO": "None", "OBSERVATIO": " ", "OBSERVATI2": " ", "OBSERVATI3": " ", "OVERHEAD_U": "No", "GROWING_SP": "Road/ROW", "GPS_DATE": 1503360000000, "GPS_TIME": "12:53:06pm", "NORTHING": 526239.577, "EASTING": 938925.878, "COMMEMORATIVE": null, "ALIAS_ID": null, "OBJECTID": 9212, "OBSERVATI4": null}}, {"type": "Feature", "id": 2720, "geometry": {"type": "Point", "coordinates": [-80.13563045590246, 25.79253635625263]}, "properties": {"POINT_ID": 34421, "TREE_SPECI": "Florida Thatch Palm", "SCI_NAME": "Thrinax radiata", "DBH": 8, "MULTI_TRUN": "Yes", "CONDITION": "Good", "PRUNING": " ", "RISK_FACTO": "None", "OBSERVATIO": "Cluster", "OBSERVATI2": " ", "OBSERVATI3": " ", "OVERHEAD_U": "No", "GROWING_SP": "Government", "GPS_DATE": 1493078400000, "GPS_TIME": "10:58:35am", "NORTHING": 531219.6, "EASTING": 940573.476, "COMMEMORATIVE": null, "ALIAS_ID": null, "OBJECTID": 2720, "OBSERVATI4": null}}, {"type": "Feature", "id": 10686, "geometry": {"type": "Point", "coordinates": [-80.13051545544367, 25.777925789483863]}, "properties": {"POINT_ID": 42387, "TREE_SPECI": "Coconut Palm", "SCI_NAME": "Cocos nucifera", "DBH": 12, "MULTI_TRUN": "No", "CONDITION": "Fair", "PRUNING": " ", "RISK_FACTO": "None", "OBSERVATIO": "Discolored Foliage", "OBSERVATI2": " ", "OBSERVATI3": " ", "OVERHEAD_U": "No", "GROWING_SP": "Park", "GPS_DATE": 1503446400000, "GPS_TIME": "02:19:23pm", "NORTHING": 525920.166, "EASTING": 942291.618, "COMMEMORATIVE": null, "ALIAS_ID": null, "OBJECTID": 10686, "OBSERVATI4": null}}, {"type": "Feature", "id": 5227, "geometry": {"type": "Point", "coordinates": [-80.12730742285763, 25.796039754079825]}, "properties": {"POINT_ID": 36928, "TREE_SPECI": "Coconut Palm", "SCI_NAME": "Cocos nucifera", "DBH": 10, "MULTI_TRUN": "No", "CONDITION": "Good", "PRUNING": " ", "RISK_FACTO": "None", "OBSERVATIO": " ", "OBSERVATI2": " ", "OBSERVATI3": " ", "OVERHEAD_U": "No", "GROWING_SP": "Park", "GPS_DATE": 1499731200000, "GPS_TIME": "12:44:43pm", "NORTHING": 532511.051, "EASTING": 943303.718, "COMMEMORATIVE": null, "ALIAS_ID": null, "OBJECTID": 5227, "OBSERVATI4": null}}, {"type": "Feature", "id": 5276, "geometry": {"type": "Point", "coordinates": [-80.12719616811724, 25.795862869803962]}, "properties": {"POINT_ID": 36977, "TREE_SPECI": "Coconut Palm", "SCI_NAME": "Cocos nucifera", "DBH": 8, "MULTI_TRUN": "No", "CONDITION": "Fair", "PRUNING": " ", "RISK_FACTO": "None", "OBSERVATIO": "Discolored Foliage", "OBSERVATI2": " ", "OBSERVATI3": " ", "OVERHEAD_U": "No", "GROWING_SP": "Park", "GPS_DATE": 1499731200000, "GPS_TIME": "01:12:59pm", "NORTHING": 532447.001, "EASTING": 943340.751, "COMMEMORATIVE": null, "ALIAS_ID": null, "OBJECTID": 5276, "OBSERVATI4": null}}, {"type": "Feature", "id": 5399, "geometry": {"type": "Point", "coordinates": [-80.12700748778235, 25.795661171132014]}, "properties": {"POINT_ID": 37100, "TREE_SPECI": "Coconut Palm", "SCI_NAME": "Cocos nucifera", "DBH": 9, "MULTI_TRUN": "No", "CONDITION": "Fair", "PRUNING": " ", "RISK_FACTO": "None", "OBSERVATIO": "Discolored Foliage", "OBSERVATI2": " ", "OBSERVATI3": " ", "OVERHEAD_U": "No", "GROWING_SP": "Park", "GPS_DATE": 1501632000000, "GPS_TIME": "01:31:28pm", "NORTHING": 532374.101, "EASTING": 943403.321, "COMMEMORATIVE": null, "ALIAS_ID": null, "OBJECTID": 5399, "OBSERVATI4": null}}, {"type": "Feature", "id": 5350, "geometry": {"type": "Point", "coordinates": [-80.1275502490635, 25.795119976680304]}, "properties": {"POINT_ID": 37051, "TREE_SPECI": "Coconut Palm", "SCI_NAME": "Cocos nucifera", "DBH": 9, "MULTI_TRUN": "No", "CONDITION": "Good", "PRUNING": " ", "RISK_FACTO": "None", "OBSERVATIO": " ", "OBSERVATI2": " ", "OBSERVATI3": " ", "OVERHEAD_U": "No", "GROWING_SP": "Park", "GPS_DATE": 1501632000000, "GPS_TIME": "01:01:34pm", "NORTHING": 532176.208, "EASTING": 943226.034, "COMMEMORATIVE": null, "ALIAS_ID": null, "OBJECTID": 5350, "OBSERVATI4": null}}, {"type": "Feature", "id": 4686, "geometry": {"type": "Point", "coordinates": [-80.12860267653782, 25.79720860062613]}, "properties": {"POINT_ID": 36387, "TREE_SPECI": "Coconut Palm", "SCI_NAME": "Cocos nucifera", "DBH": 9, "MULTI_TRUN": "No", "CONDITION": "Good", "PRUNING": " ", "RISK_FACTO": "None", "OBSERVATIO": " ", "OBSERVATI2": " ", "OBSERVATI3": " ", "OVERHEAD_U": "No", "GROWING_SP": "Road/ROW", "GPS_DATE": 1499299200000, "GPS_TIME": "08:58:36am", "NORTHING": 532933.07, "EASTING": 942874.717, "COMMEMORATIVE": null, "ALIAS_ID": null, "OBJECTID": 4686, "OBSERVATI4": null}}, {"type": "Feature", "id": 8645, "geometry": {"type": "Point", "coordinates": [-80.1330012305764, 25.78286694744298]}, "properties": {"POINT_ID": 40346, "TREE_SPECI": "Cabbage Palm", "SCI_NAME": "Sabal palmetto", "DBH": 10, "MULTI_TRUN": "No", "CONDITION": "Good", "PRUNING": " ", "RISK_FACTO": "None", "OBSERVATIO": " ", "OBSERVATI2": " ", "OBSERVATI3": " ", "OVERHEAD_U": "No", "GROWING_SP": "Government", "GPS_DATE": 1503964800000, "GPS_TIME": "10:14:44am", "NORTHING": 527710.74, "EASTING": 941461.757, "COMMEMORATIVE": null, "ALIAS_ID": null, "OBJECTID": 8645, "OBSERVATI4": null}}, {"type": "Feature", "id": 9186, "geometry": {"type": "Point", "coordinates": [-80.13742435294428, 25.77920675270252]}, "properties": {"POINT_ID": 40887, "TREE_SPECI": "Black Olive", "SCI_NAME": "Bucida buceras", "DBH": 22, "MULTI_TRUN": "No", "CONDITION": "Poor", "PRUNING": " ", "RISK_FACTO": "Constricted Roots - Severe", "OBSERVATIO": "Constricted Roots", "OBSERVATI2": "Leaning - Minor", "OBSERVATI3": "Adjacent Concrete Damage", "OVERHEAD_U": "No", "GROWING_SP": "Road/ROW", "GPS_DATE": 1503360000000, "GPS_TIME": "12:17:16pm", "NORTHING": 526370.811, "EASTING": 940014.929, "COMMEMORATIVE": null, "ALIAS_ID": null, "OBJECTID": 9186, "OBSERVATI4": null}}, {"type": "Feature", "id": 8473, "geometry": {"type": "Point", "coordinates": [-80.12959071436448, 25.78446729976322]}, "properties": {"POINT_ID": 40174, "TREE_SPECI": "Coconut Palm", "SCI_NAME": "Cocos nucifera", "DBH": 10, "MULTI_TRUN": "No", "CONDITION": "Good", "PRUNING": " ", "RISK_FACTO": "None", "OBSERVATIO": " ", "OBSERVATI2": " ", "OBSERVATI3": " ", "OVERHEAD_U": "No", "GROWING_SP": "Park", "GPS_DATE": 1503446400000, "GPS_TIME": "08:59:13am", "NORTHING": 528299.823, "EASTING": 942580.229, "COMMEMORATIVE": null, "ALIAS_ID": null, "OBJECTID": 8473, "OBSERVATI4": null}}, {"type": "Feature", "id": 7932, "geometry": {"type": "Point", "coordinates": [-80.13086367621338, 25.784500457045862]}, "properties": {"POINT_ID": 39633, "TREE_SPECI": "Live Oak", "SCI_NAME": "Quercus virginiana", "DBH": 7, "MULTI_TRUN": "No", "CONDITION": "Fair", "PRUNING": "Structure Pruning", "RISK_FACTO": "None", "OBSERVATIO": "Lopsided Canopy", "OBSERVATI2": "Co-Dominant Leaders", "OBSERVATI3": " ", "OVERHEAD_U": "No", "GROWING_SP": "Road/ROW", "GPS_DATE": 1503360000000, "GPS_TIME": "09:36:07am", "NORTHING": 528309.108, "EASTING": 942161.255, "COMMEMORATIVE": null, "ALIAS_ID": null, "OBJECTID": 7932, "OBSERVATI4": null}}, {"type": "Feature", "id": 3235, "geometry": {"type": "Point", "coordinates": [-80.13553259180512, 25.79514209950672]}, "properties": {"POINT_ID": 34936, "TREE_SPECI": "Snailseed Tree", "SCI_NAME": "Cocculus laurifolius", "DBH": 5, "MULTI_TRUN": "No", "CONDITION": "Good", "PRUNING": " ", "RISK_FACTO": "None", "OBSERVATIO": "Leaning - Minor", "OBSERVATI2": " ", "OBSERVATI3": " ", "OVERHEAD_U": "No", "GROWING_SP": "Park", "GPS_DATE": 1493164800000, "GPS_TIME": "03:09:02pm", "NORTHING": 532166.924, "EASTING": 940599.46, "COMMEMORATIVE": null, "ALIAS_ID": null, "OBJECTID": 3235, "OBSERVATI4": null}}, {"type": "Feature", "id": 8596, "geometry": {"type": "Point", "coordinates": [-80.13335648186468, 25.7820227906608]}, "properties": {"POINT_ID": 40297, "TREE_SPECI": "Chinese Fan Palm", "SCI_NAME": "Livistona chinensis", "DBH": 11, "MULTI_TRUN": "No", "CONDITION": "Good", "PRUNING": " ", "RISK_FACTO": "None", "OBSERVATIO": " ", "OBSERVATI2": " ", "OBSERVATI3": " ", "OVERHEAD_U": "No", "GROWING_SP": "Government", "GPS_DATE": 1503964800000, "GPS_TIME": "09:46:32am", "NORTHING": 527403.144, "EASTING": 941346.871, "COMMEMORATIVE": null, "ALIAS_ID": null, "OBJECTID": 8596, "OBSERVATI4": null}}, {"type": "Feature", "id": 7440, "geometry": {"type": "Point", "coordinates": [-80.13734386232544, 25.786485972035678]}, "properties": {"POINT_ID": 39141, "TREE_SPECI": "Podocarpus", "SCI_NAME": "Podocarpus macrophyllus", "DBH": 10, "MULTI_TRUN": "No", "CONDITION": "Good", "PRUNING": " ", "RISK_FACTO": "None", "OBSERVATIO": "Co-Dominant Leaders", "OBSERVATI2": " ", "OBSERVATI3": " ", "OVERHEAD_U": "No", "GROWING_SP": "Park", "GPS_DATE": 1502928000000, "GPS_TIME": "09:56:02am", "NORTHING": 529016.765, "EASTING": 940024.089, "COMMEMORATIVE": null, "ALIAS_ID": null, "OBJECTID": 7440, "OBSERVATI4": null}}, {"type": "Feature", "id": 7391, "geometry": {"type": "Point", "coordinates": [-80.13699914291915, 25.78650095840145]}, "properties": {"POINT_ID": 39092, "TREE_SPECI": "Podocarpus", "SCI_NAME": "Podocarpus macrophyllus", "DBH": 11, "MULTI_TRUN": "No", "CONDITION": "Good", "PRUNING": " ", "RISK_FACTO": "None", "OBSERVATIO": "Co-Dominant Leaders", "OBSERVATI2": " ", "OBSERVATI3": " ", "OVERHEAD_U": "No", "GROWING_SP": "Park", "GPS_DATE": 1502928000000, "GPS_TIME": "09:16:05am", "NORTHING": 529022.955, "EASTING": 940137.489, "COMMEMORATIVE": null, "ALIAS_ID": null, "OBJECTID": 7391, "OBSERVATI4": null}}, {"type": "Feature", "id": 2104, "geometry": {"type": "Point", "coordinates": [-80.13698867957993, 25.790602963910416]}, "properties": {"POINT_ID": 33805, "TREE_SPECI": "Coccothrinax sp.", "SCI_NAME": "Coccothrinax sp.", "DBH": 5, "MULTI_TRUN": "No", "CONDITION": "Fair", "PRUNING": " ", "RISK_FACTO": "None", "OBSERVATIO": "Discolored Foliage", "OBSERVATI2": " ", "OBSERVATI3": " ", "OVERHEAD_U": "No", "GROWING_SP": "Park", "GPS_DATE": 1494460800000, "GPS_TIME": "02:40:23pm", "NORTHING": 530513.937, "EASTING": 940131.161, "COMMEMORATIVE": null, "ALIAS_ID": null, "OBJECTID": 2104, "OBSERVATI4": null}}, {"type": "Feature", "id": 2030, "geometry": {"type": "Point", "coordinates": [-80.13749109908576, 25.7905206499591]}, "properties": {"POINT_ID": 33731, "TREE_SPECI": "Coconut Palm", "SCI_NAME": "Cocos nucifera", "DBH": 6, "MULTI_TRUN": "No", "CONDITION": "Good", "PRUNING": " ", "RISK_FACTO": "None", "OBSERVATIO": " ", "OBSERVATI2": " ", "OBSERVATI3": " ", "OVERHEAD_U": "No", "GROWING_SP": "Park", "GPS_DATE": 1494460800000, "GPS_TIME": "01:21:36pm", "NORTHING": 530482.935, "EASTING": 939966.034, "COMMEMORATIVE": null, "ALIAS_ID": null, "OBJECTID": 2030, "OBSERVATI4": null}}, {"type": "Feature", "id": 10637, "geometry": {"type": "Point", "coordinates": [-80.13088297495227, 25.778703881691065]}, "properties": {"POINT_ID": 42338, "TREE_SPECI": "Coconut Palm", "SCI_NAME": "Cocos nucifera", "DBH": 11, "MULTI_TRUN": "No", "CONDITION": "Good", "PRUNING": " ", "RISK_FACTO": "None", "OBSERVATIO": " ", "OBSERVATI2": " ", "OBSERVATI3": " ", "OVERHEAD_U": "No", "GROWING_SP": "Park", "GPS_DATE": 1503446400000, "GPS_TIME": "01:16:59pm", "NORTHING": 526202.181, "EASTING": 942168.806, "COMMEMORATIVE": null, "ALIAS_ID": null, "OBJECTID": 10637, "OBSERVATI4": null}}, {"type": "Feature", "id": 8522, "geometry": {"type": "Point", "coordinates": [-80.12923628039131, 25.783969358643144]}, "properties": {"POINT_ID": 40223, "TREE_SPECI": "Coconut Palm", "SCI_NAME": "Cocos nucifera", "DBH": 10, "MULTI_TRUN": "No", "CONDITION": "Fair", "PRUNING": " ", "RISK_FACTO": "None", "OBSERVATIO": "Discolored Foliage", "OBSERVATI2": " ", "OBSERVATI3": " ", "OVERHEAD_U": "No", "GROWING_SP": "Park", "GPS_DATE": 1503446400000, "GPS_TIME": "09:33:34am", "NORTHING": 528119.607, "EASTING": 942698.06, "COMMEMORATIVE": null, "ALIAS_ID": null, "OBJECTID": 8522, "OBSERVATI4": null}}, {"type": "Feature", "id": 7981, "geometry": {"type": "Point", "coordinates": [-80.12846384929335, 25.787766863811598]}, "properties": {"POINT_ID": 39682, "TREE_SPECI": "Coconut Palm", "SCI_NAME": "Cocos nucifera", "DBH": 11, "MULTI_TRUN": "No", "CONDITION": "Good", "PRUNING": " ", "RISK_FACTO": "None", "OBSERVATIO": " ", "OBSERVATI2": " ", "OBSERVATI3": " ", "OVERHEAD_U": "No", "GROWING_SP": "Park", "GPS_DATE": 1503360000000, "GPS_TIME": "11:04:14am", "NORTHING": 529501.571, "EASTING": 942943.111, "COMMEMORATIVE": null, "ALIAS_ID": null, "OBJECTID": 7981, "OBSERVATI4": null}}, {"type": "Feature", "id": 8055, "geometry": {"type": "Point", "coordinates": [-80.12808768674007, 25.79062692491254]}, "properties": {"POINT_ID": 39756, "TREE_SPECI": "Coconut Palm", "SCI_NAME": "Cocos nucifera", "DBH": 9, "MULTI_TRUN": "No", "CONDITION": "Fair", "PRUNING": " ", "RISK_FACTO": "None", "OBSERVATIO": "Discolored Foliage", "OBSERVATI2": "White Fly", "OBSERVATI3": " ", "OVERHEAD_U": "No", "GROWING_SP": "Park", "GPS_DATE": 1503360000000, "GPS_TIME": "12:57:05pm", "NORTHING": 530541.941, "EASTING": 943060.009, "COMMEMORATIVE": null, "ALIAS_ID": null, "OBJECTID": 8055, "OBSERVATI4": null}}, {"type": "Feature", "id": 5817, "geometry": {"type": "Point", "coordinates": [-80.12802883885644, 25.790973285644228]}, "properties": {"POINT_ID": 37518, "TREE_SPECI": "Silver Buttonwood", "SCI_NAME": "Conocarpus erectus var. sericeus", "DBH": 6, "MULTI_TRUN": "No", "CONDITION": "Good", "PRUNING": " ", "RISK_FACTO": "None", "OBSERVATIO": " ", "OBSERVATI2": " ", "OBSERVATI3": " ", "OVERHEAD_U": "No", "GROWING_SP": "Park", "GPS_DATE": 1502841600000, "GPS_TIME": "01:35:27pm", "NORTHING": 530667.961, "EASTING": 943078.54, "COMMEMORATIVE": null, "ALIAS_ID": null, "OBJECTID": 5817, "OBSERVATI4": null}}, {"type": "Feature", "id": 8104, "geometry": {"type": "Point", "coordinates": [-80.12824835888821, 25.78883645825532]}, "properties": {"POINT_ID": 39805, "TREE_SPECI": "Coconut Palm", "SCI_NAME": "Cocos nucifera", "DBH": 12, "MULTI_TRUN": "No", "CONDITION": "Poor", "PRUNING": " ", "RISK_FACTO": "None", "OBSERVATIO": "Discolored Foliage", "OBSERVATI2": " ", "OBSERVATI3": " ", "OVERHEAD_U": "No", "GROWING_SP": "Park", "GPS_DATE": 1503360000000, "GPS_TIME": "01:23:33pm", "NORTHING": 529890.807, "EASTING": 943011.448, "COMMEMORATIVE": null, "ALIAS_ID": null, "OBJECTID": 8104, "OBSERVATI4": null}}, {"type": "Feature", "id": 5891, "geometry": {"type": "Point", "coordinates": [-80.13094208368508, 25.79071522676385]}, "properties": {"POINT_ID": 37592, "TREE_SPECI": "Coconut Palm", "SCI_NAME": "Cocos nucifera", "DBH": 9, "MULTI_TRUN": "No", "CONDITION": "Poor", "PRUNING": " ", "RISK_FACTO": "None", "OBSERVATIO": "Discolored Foliage", "OBSERVATI2": " ", "OBSERVATI3": " ", "OVERHEAD_U": "No", "GROWING_SP": "Road/ROW", "GPS_DATE": 1494979200000, "GPS_TIME": "02:56:46pm", "NORTHING": 530567.827, "EASTING": 942120.547, "COMMEMORATIVE": null, "ALIAS_ID": null, "OBJECTID": 5891, "OBSERVATI4": null}}, {"type": "Feature", "id": 5940, "geometry": {"type": "Point", "coordinates": [-80.12910643987794, 25.79069609746624]}, "properties": {"POINT_ID": 37641, "TREE_SPECI": "Coconut Palm", "SCI_NAME": "Cocos nucifera", "DBH": 13, "MULTI_TRUN": "No", "CONDITION": "Fair", "PRUNING": " ", "RISK_FACTO": "None", "OBSERVATIO": "Discolored Foliage", "OBSERVATI2": " ", "OBSERVATI3": " ", "OVERHEAD_U": "No", "GROWING_SP": "Road/ROW", "GPS_DATE": 1495497600000, "GPS_TIME": "11:11:59am", "NORTHING": 530564.864, "EASTING": 942724.618, "COMMEMORATIVE": null, "ALIAS_ID": null, "OBJECTID": 5940, "OBSERVATI4": null}}, {"type": "Feature", "id": 2522, "geometry": {"type": "Point", "coordinates": [-80.13566554183713, 25.795051469481685]}, "properties": {"POINT_ID": 34223, "TREE_SPECI": "Jamaica Caper", "SCI_NAME": "Capparis cynophallophora", "DBH": 5, "MULTI_TRUN": "No", "CONDITION": "Good", "PRUNING": " ", "RISK_FACTO": "None", "OBSERVATIO": "Co-Dominant Leaders", "OBSERVATI2": " ", "OBSERVATI3": " ", "OVERHEAD_U": "No", "GROWING_SP": "Park", "GPS_DATE": 1497916800000, "GPS_TIME": "09:48:59am", "NORTHING": 532133.695, "EASTING": 940555.93, "COMMEMORATIVE": null, "ALIAS_ID": null, "OBJECTID": 2522, "OBSERVATI4": null}}, {"type": "Feature", "id": 3186, "geometry": {"type": "Point", "coordinates": [-80.13633559619129, 25.795785420155255]}, "properties": {"POINT_ID": 34887, "TREE_SPECI": "Areca Palm", "SCI_NAME": "Dypsis lutescens", "DBH": 32, "MULTI_TRUN": "Yes", "CONDITION": "Good", "PRUNING": " ", "RISK_FACTO": "None", "OBSERVATIO": "Cluster", "OBSERVATI2": " ", "OBSERVATI3": " ", "OVERHEAD_U": "No", "GROWING_SP": "Park", "GPS_DATE": 1493164800000, "GPS_TIME": "01:11:55pm", "NORTHING": 532399.018, "EASTING": 940333.705, "COMMEMORATIVE": null, "ALIAS_ID": null, "OBJECTID": 3186, "OBSERVATI4": null}}, {"type": "Feature", "id": 2571, "geometry": {"type": "Point", "coordinates": [-80.13570660893978, 25.79506562863312]}, "properties": {"POINT_ID": 34272, "TREE_SPECI": "Jamaica Caper", "SCI_NAME": "Capparis cynophallophora", "DBH": 2, "MULTI_TRUN": "No", "CONDITION": "Good", "PRUNING": " ", "RISK_FACTO": "None", "OBSERVATIO": " ", "OBSERVATI2": " ", "OBSERVATI3": " ", "OVERHEAD_U": "No", "GROWING_SP": "Park", "GPS_DATE": 1497916800000, "GPS_TIME": "10:47:51am", "NORTHING": 532138.753, "EASTING": 940542.384, "COMMEMORATIVE": null, "ALIAS_ID": null, "OBJECTID": 2571, "OBSERVATI4": null}}, {"type": "Feature", "id": 2645, "geometry": {"type": "Point", "coordinates": [-80.13574708109402, 25.795391056746162]}, "properties": {"POINT_ID": 34346, "TREE_SPECI": "Firebush", "SCI_NAME": "Hamelia patens", "DBH": 2, "MULTI_TRUN": "No", "CONDITION": "Good", "PRUNING": " ", "RISK_FACTO": "None", "OBSERVATIO": " ", "OBSERVATI2": " ", "OBSERVATI3": " ", "OVERHEAD_U": "No", "GROWING_SP": "Park", "GPS_DATE": 1497916800000, "GPS_TIME": "02:01:23pm", "NORTHING": 532256.949, "EASTING": 940528.29, "COMMEMORATIVE": null, "ALIAS_ID": null, "OBJECTID": 2645, "OBSERVATI4": null}}, {"type": "Feature", "id": 30703, "geometry": {"type": "Point", "coordinates": [-80.13574214991593, 25.798357881724744]}, "properties": {"POINT_ID": 29765, "TREE_SPECI": "Pink Tabebuia", "SCI_NAME": null, "DBH": 23, "MULTI_TRUN": "No", "CONDITION": "Good", "PRUNING": " ", "RISK_FACTO": "None", "OBSERVATIO": "Co-Dominant Leaders", "OBSERVATI2": " ", "OBSERVATI3": " ", "OVERHEAD_U": "No", "GROWING_SP": "Golf Course", "GPS_DATE": 1460937600000, "GPS_TIME": "08:30:03am", "NORTHING": 533335.315, "EASTING": 940522.834, "COMMEMORATIVE": "N", "ALIAS_ID": null, "OBJECTID": 30703, "OBSERVATI4": null}}, {"type": "Feature", "id": 30752, "geometry": {"type": "Point", "coordinates": [-80.13843481806259, 25.79758256167976]}, "properties": {"POINT_ID": 29814, "TREE_SPECI": "Pink Tabebuia", "SCI_NAME": null, "DBH": 24, "MULTI_TRUN": "No", "CONDITION": "Good", "PRUNING": "Crown Cleaning", "RISK_FACTO": "None", "OBSERVATIO": "Limb Damage - Minor", "OBSERVATI2": "Sprouting", "OBSERVATI3": " ", "OVERHEAD_U": "No", "GROWING_SP": "Golf Course", "GPS_DATE": 1460937600000, "GPS_TIME": "09:50:10am", "NORTHING": 533047.701, "EASTING": 939638.703, "COMMEMORATIVE": "N", "ALIAS_ID": null, "OBJECTID": 30752, "OBSERVATI4": null}}, {"type": "Feature", "id": 4735, "geometry": {"type": "Point", "coordinates": [-80.12955945159005, 25.79754106843571]}, "properties": {"POINT_ID": 36436, "TREE_SPECI": "Sausage Tree", "SCI_NAME": "Kigelia africana", "DBH": 50, "MULTI_TRUN": "No", "CONDITION": "Good", "PRUNING": "Crown Cleaning", "RISK_FACTO": "None", "OBSERVATIO": "Dead Wood", "OBSERVATI2": "Co-Dominant Leaders", "OBSERVATI3": " ", "OVERHEAD_U": "No", "GROWING_SP": "Park", "GPS_DATE": 1499299200000, "GPS_TIME": "09:41:27am", "NORTHING": 533051.83, "EASTING": 942559.105, "COMMEMORATIVE": null, "ALIAS_ID": null, "OBJECTID": 4735, "OBSERVATI4": null}}, {"type": "Feature", "id": 29129, "geometry": {"type": "Point", "coordinates": [-80.14022027008038, 25.796581408313756]}, "properties": {"POINT_ID": 24708, "TREE_SPECI": "Areca Palm", "SCI_NAME": null, "DBH": 40, "MULTI_TRUN": "Yes", "CONDITION": "Good", "PRUNING": "Clearance Pruning", "RISK_FACTO": "None", "OBSERVATIO": "Utility Lines Conflict", "OBSERVATI2": " ", "OBSERVATI3": " ", "OVERHEAD_U": "Yes", "GROWING_SP": "ROW/Swale", "GPS_DATE": 1452556800000, "GPS_TIME": "10:18:45am", "NORTHING": 532679.97, "EASTING": 939053.605, "COMMEMORATIVE": "N", "ALIAS_ID": null, "OBJECTID": 29129, "OBSERVATI4": null}}, {"type": "Feature", "id": 1981, "geometry": {"type": "Point", "coordinates": [-80.13888605435626, 25.790581060665474]}, "properties": {"POINT_ID": 33682, "TREE_SPECI": "Cabbage Palm", "SCI_NAME": "Sabal palmetto", "DBH": 9, "MULTI_TRUN": "No", "CONDITION": "Good", "PRUNING": " ", "RISK_FACTO": "None", "OBSERVATIO": " ", "OBSERVATI2": " ", "OBSERVATI3": " ", "OVERHEAD_U": "No", "GROWING_SP": "Park", "GPS_DATE": 1494460800000, "GPS_TIME": "11:16:18am", "NORTHING": 530501.888, "EASTING": 939506.875, "COMMEMORATIVE": null, "ALIAS_ID": null, "OBJECTID": 1981, "OBSERVATI4": null}}, {"type": "Feature", "id": 9137, "geometry": {"type": "Point", "coordinates": [-80.14069744444663, 25.779353858522818]}, "properties": {"POINT_ID": 40838, "TREE_SPECI": "Washingtonia Palm", "SCI_NAME": "Washingtonia robusta", "DBH": 16, "MULTI_TRUN": "No", "CONDITION": "Good", "PRUNING": " ", "RISK_FACTO": "None", "OBSERVATIO": " ", "OBSERVATI2": " ", "OBSERVATI3": " ", "OVERHEAD_U": "No", "GROWING_SP": "Road/ROW", "GPS_DATE": 1503360000000, "GPS_TIME": "10:04:07am", "NORTHING": 526417.24, "EASTING": 938937.455, "COMMEMORATIVE": null, "ALIAS_ID": null, "OBJECTID": 9137, "OBSERVATI4": null}}, {"type": "Feature", "id": 2694, "geometry": {"type": "Point", "coordinates": [-80.13630949411893, 25.792278417893655]}, "properties": {"POINT_ID": 34395, "TREE_SPECI": "Royal Palm", "SCI_NAME": "Roystonea elata", "DBH": 17, "MULTI_TRUN": "No", "CONDITION": "Good", "PRUNING": " ", "RISK_FACTO": "None", "OBSERVATIO": " ", "OBSERVATI2": " ", "OBSERVATI3": " ", "OVERHEAD_U": "No", "GROWING_SP": "Road/ROW", "GPS_DATE": 1493078400000, "GPS_TIME": "10:24:28am", "NORTHING": 531124.381, "EASTING": 940350.655, "COMMEMORATIVE": null, "ALIAS_ID": null, "OBJECTID": 2694, "OBSERVATI4": null}}, {"type": "Feature", "id": 9243, "geometry": {"type": "Point", "coordinates": [-80.13718724128141, 25.777583334852114]}, "properties": {"POINT_ID": 40944, "TREE_SPECI": "Pink Tabebuia", "SCI_NAME": "Tabebuia heterophylla", "DBH": 9, "MULTI_TRUN": "No", "CONDITION": "Good", "PRUNING": " ", "RISK_FACTO": "None", "OBSERVATIO": "Constricted Roots", "OBSERVATI2": "Leaning - Minor", "OBSERVATI3": " ", "OVERHEAD_U": "No", "GROWING_SP": "Road/ROW", "GPS_DATE": 1503360000000, "GPS_TIME": "02:13:18pm", "NORTHING": 525781.258, "EASTING": 940096.824, "COMMEMORATIVE": null, "ALIAS_ID": null, "OBJECTID": 9243, "OBSERVATI4": null}}, {"type": "Feature", "id": 29899, "geometry": {"type": "Point", "coordinates": [-80.13026023779099, 25.799718444092655]}, "properties": {"POINT_ID": 25478, "TREE_SPECI": "Montgomery Palm", "SCI_NAME": null, "DBH": 6, "MULTI_TRUN": "No", "CONDITION": "Good", "PRUNING": " ", "RISK_FACTO": "None", "OBSERVATIO": " ", "OBSERVATI2": " ", "OBSERVATI3": " ", "OVERHEAD_U": "No", "GROWING_SP": "Other", "GPS_DATE": 1453075200000, "GPS_TIME": "02:33:43pm", "NORTHING": 533841.72, "EASTING": 942323.293, "COMMEMORATIVE": "N", "ALIAS_ID": null, "OBJECTID": 29899, "OBSERVATI4": null}}, {"type": "Feature", "id": 5413, "geometry": {"type": "Point", "coordinates": [-80.12680545771458, 25.795427534360588]}, "properties": {"POINT_ID": 37114, "TREE_SPECI": "Coconut Palm", "SCI_NAME": "Cocos nucifera", "DBH": 8, "MULTI_TRUN": "No", "CONDITION": "Poor", "PRUNING": " ", "RISK_FACTO": "None", "OBSERVATIO": "Discolored Foliage", "OBSERVATI2": " ", "OBSERVATI3": " ", "OVERHEAD_U": "No", "GROWING_SP": "Park", "GPS_DATE": 1501632000000, "GPS_TIME": "01:46:32pm", "NORTHING": 532289.621, "EASTING": 943470.36, "COMMEMORATIVE": null, "ALIAS_ID": null, "OBJECTID": 5413, "OBSERVATI4": null}}, {"type": "Feature", "id": 5662, "geometry": {"type": "Point", "coordinates": [-80.12749513552599, 25.793949753685144]}, "properties": {"POINT_ID": 37363, "TREE_SPECI": "Date Palm", "SCI_NAME": "Phoenix dactylifera", "DBH": 19, "MULTI_TRUN": "No", "CONDITION": "Fair", "PRUNING": " ", "RISK_FACTO": "None", "OBSERVATIO": "Discolored Foliage", "OBSERVATI2": " ", "OBSERVATI3": " ", "OVERHEAD_U": "No", "GROWING_SP": "Park", "GPS_DATE": 1502841600000, "GPS_TIME": "11:02:39am", "NORTHING": 531750.985, "EASTING": 943246.988, "COMMEMORATIVE": null, "ALIAS_ID": null, "OBJECTID": 5662, "OBSERVATI4": null}}, {"type": "Feature", "id": 5176, "geometry": {"type": "Point", "coordinates": [-80.1283518197187, 25.79652532924732]}, "properties": {"POINT_ID": 36877, "TREE_SPECI": "Cabbage Palm", "SCI_NAME": "Sabal palmetto", "DBH": 12, "MULTI_TRUN": "No", "CONDITION": "Good", "PRUNING": " ", "RISK_FACTO": "None", "OBSERVATIO": " ", "OBSERVATI2": " ", "OBSERVATI3": " ", "OVERHEAD_U": "No", "GROWING_SP": "Park", "GPS_DATE": 1499731200000, "GPS_TIME": "11:31:02am", "NORTHING": 532685.267, "EASTING": 942958.902, "COMMEMORATIVE": null, "ALIAS_ID": null, "OBJECTID": 5176, "OBSERVATI4": null}}, {"type": "Feature", "id": 5164, "geometry": {"type": "Point", "coordinates": [-80.12833437816924, 25.796782210309637]}, "properties": {"POINT_ID": 36865, "TREE_SPECI": "Coconut Palm", "SCI_NAME": "Cocos nucifera", "DBH": 11, "MULTI_TRUN": "No", "CONDITION": "Fair", "PRUNING": " ", "RISK_FACTO": "None", "OBSERVATIO": "Discolored Foliage", "OBSERVATI2": " ", "OBSERVATI3": " ", "OVERHEAD_U": "No", "GROWING_SP": "Park", "GPS_DATE": 1499731200000, "GPS_TIME": "11:25:18am", "NORTHING": 532778.674, "EASTING": 942964.023, "COMMEMORATIVE": null, "ALIAS_ID": null, "OBJECTID": 5164, "OBSERVATI4": null}}, {"type": "Feature", "id": 3504, "geometry": {"type": "Point", "coordinates": [-80.1343248183723, 25.793028949413564]}, "properties": {"POINT_ID": 35205, "TREE_SPECI": "Crepe Myrtle", "SCI_NAME": "Lagerstroemia indica", "DBH": 33, "MULTI_TRUN": "Yes", "CONDITION": "Good", "PRUNING": " ", "RISK_FACTO": "None", "OBSERVATIO": " ", "OBSERVATI2": " ", "OBSERVATI3": " ", "OVERHEAD_U": "No", "GROWING_SP": "Government", "GPS_DATE": 1495497600000, "GPS_TIME": "01:31:56pm", "NORTHING": 531401.466, "EASTING": 941001.917, "COMMEMORATIVE": null, "ALIAS_ID": null, "OBJECTID": 3504, "OBSERVATI4": null}}, {"type": "Feature", "id": 7583, "geometry": {"type": "Point", "coordinates": [-80.13305817545681, 25.787046505974985]}, "properties": {"POINT_ID": 39284, "TREE_SPECI": "Date Palm", "SCI_NAME": "Phoenix dactylifera", "DBH": 19, "MULTI_TRUN": "No", "CONDITION": "Good", "PRUNING": "Clearance Pruning", "RISK_FACTO": "None", "OBSERVATIO": "Utility Lines - Conflict", "OBSERVATI2": " ", "OBSERVATI3": " ", "OVERHEAD_U": "Yes", "GROWING_SP": "Road/ROW", "GPS_DATE": 1503273600000, "GPS_TIME": "09:43:14am", "NORTHING": 529229.763, "EASTING": 941433.018, "COMMEMORATIVE": null, "ALIAS_ID": null, "OBJECTID": 7583, "OBSERVATI4": null}}, {"type": "Feature", "id": 7085, "geometry": {"type": "Point", "coordinates": [-80.13689792638712, 25.783671300915437]}, "properties": {"POINT_ID": 38786, "TREE_SPECI": "Triangle Palm", "SCI_NAME": "Dypsis decaryi", "DBH": 16, "MULTI_TRUN": "No", "CONDITION": "Good", "PRUNING": " ", "RISK_FACTO": "None", "OBSERVATIO": " ", "OBSERVATI2": " ", "OBSERVATI3": " ", "OVERHEAD_U": "No", "GROWING_SP": "Park", "GPS_DATE": 1502841600000, "GPS_TIME": "10:26:41am", "NORTHING": 527994.677, "EASTING": 940177.536, "COMMEMORATIVE": null, "ALIAS_ID": null, "OBJECTID": 7085, "OBSERVATI4": null}}, {"type": "Feature", "id": 6836, "geometry": {"type": "Point", "coordinates": [-80.1376029528092, 25.78254310866453]}, "properties": {"POINT_ID": 38537, "TREE_SPECI": "Cabbage Palm", "SCI_NAME": "Sabal palmetto", "DBH": 10, "MULTI_TRUN": "No", "CONDITION": "Good", "PRUNING": " ", "RISK_FACTO": "None", "OBSERVATIO": " ", "OBSERVATI2": " ", "OBSERVATI3": " ", "OVERHEAD_U": "No", "GROWING_SP": "Park", "GPS_DATE": 1502236800000, "GPS_TIME": "01:36:34pm", "NORTHING": 527583.093, "EASTING": 939948.216, "COMMEMORATIVE": null, "ALIAS_ID": null, "OBJECTID": 6836, "OBSERVATI4": null}}, {"type": "Feature", "id": 4417, "geometry": {"type": "Point", "coordinates": [-80.12568604119302, 25.79968324364268]}, "properties": {"POINT_ID": 36118, "TREE_SPECI": "Coconut Palm", "SCI_NAME": "Cocos nucifera", "DBH": 10, "MULTI_TRUN": "No", "CONDITION": "Fair", "PRUNING": " ", "RISK_FACTO": "None", "OBSERVATIO": "Discolored Foliage", "OBSERVATI2": " ", "OBSERVATI3": " ", "OVERHEAD_U": "No", "GROWING_SP": "Park", "GPS_DATE": 1496707200000, "GPS_TIME": "11:22:33am", "NORTHING": 533838.896, "EASTING": 943828.421, "COMMEMORATIVE": null, "ALIAS_ID": null, "OBJECTID": 4417, "OBSERVATI4": null}}, {"type": "Feature", "id": 9255, "geometry": {"type": "Point", "coordinates": [-80.13831956061388, 25.777277393161146]}, "properties": {"POINT_ID": 40956, "TREE_SPECI": "Black Olive", "SCI_NAME": "Bucida buceras", "DBH": 20, "MULTI_TRUN": "No", "CONDITION": "Poor", "PRUNING": "Crown Cleaning", "RISK_FACTO": "Constricted Roots - Severe", "OBSERVATIO": "Constricted Roots", "OBSERVATI2": "Dead Wood", "OBSERVATI3": "Co-Dominant Leaders", "OVERHEAD_U": "No", "GROWING_SP": "Road/ROW", "GPS_DATE": 1503878400000, "GPS_TIME": "07:39:19am", "NORTHING": 525667.619, "EASTING": 939724.917, "COMMEMORATIVE": null, "ALIAS_ID": null, "OBJECTID": 9255, "OBSERVATI4": null}}, {"type": "Feature", "id": 30634, "geometry": {"type": "Point", "coordinates": [-80.1371825760069, 25.79891314940836]}, "properties": {"POINT_ID": 29696, "TREE_SPECI": "Senegal Date Palm", "SCI_NAME": null, "DBH": 30, "MULTI_TRUN": "No", "CONDITION": "Good", "PRUNING": " ", "RISK_FACTO": "None", "OBSERVATIO": " ", "OBSERVATI2": " ", "OBSERVATI3": " ", "OVERHEAD_U": "No", "GROWING_SP": "Golf Course", "GPS_DATE": 1460419200000, "GPS_TIME": "01:19:51pm", "NORTHING": 533534.03, "EASTING": 940047.564, "COMMEMORATIVE": "N", "ALIAS_ID": null, "OBJECTID": 30634, "OBSERVATI4": null}}, {"type": "Feature", "id": 30646, "geometry": {"type": "Point", "coordinates": [-80.13721659507117, 25.7994918057724]}, "properties": {"POINT_ID": 29708, "TREE_SPECI": "Washington Palm", "SCI_NAME": null, "DBH": 7, "MULTI_TRUN": "No", "CONDITION": "Fair", "PRUNING": " ", "RISK_FACTO": "None", "OBSERVATIO": "Trunk Damage - Moderate", "OBSERVATI2": " ", "OBSERVATI3": " ", "OVERHEAD_U": "No", "GROWING_SP": "Golf Course", "GPS_DATE": 1460419200000, "GPS_TIME": "01:28:02pm", "NORTHING": 533744.281, "EASTING": 940034.992, "COMMEMORATIVE": "N", "ALIAS_ID": null, "OBJECTID": 30646, "OBSERVATI4": null}}, {"type": "Feature", "id": 30883, "geometry": {"type": "Point", "coordinates": [-80.13790725070713, 25.800057390459575]}, "properties": {"POINT_ID": 29946, "TREE_SPECI": "Senegal Date Palm", "SCI_NAME": null, "DBH": 60, "MULTI_TRUN": "Yes", "CONDITION": "Good", "PRUNING": " ", "RISK_FACTO": "None", "OBSERVATIO": " ", "OBSERVATI2": " ", "OBSERVATI3": " ", "OVERHEAD_U": "No", "GROWING_SP": "Golf Course", "GPS_DATE": 1460937600000, "GPS_TIME": "12:27:19pm", "NORTHING": 533948.366, "EASTING": 939806.4, "COMMEMORATIVE": "N", "ALIAS_ID": null, "OBJECTID": 30883, "OBSERVATI4": null}}, {"type": "Feature", "id": 2259, "geometry": {"type": "Point", "coordinates": [-80.13524604254386, 25.795504325710695]}, "properties": {"POINT_ID": 33960, "TREE_SPECI": "Solitaire Palm", "SCI_NAME": "Ptychosperma elegans", "DBH": 6, "MULTI_TRUN": "Yes", "CONDITION": "Good", "PRUNING": " ", "RISK_FACTO": "None", "OBSERVATIO": "Cluster", "OBSERVATI2": " ", "OBSERVATI3": " ", "OVERHEAD_U": "No", "GROWING_SP": "Park", "GPS_DATE": 1499212800000, "GPS_TIME": "12:46:14pm", "NORTHING": 532299.202, "EASTING": 940692.882, "COMMEMORATIVE": null, "ALIAS_ID": null, "OBJECTID": 2259, "OBSERVATI4": null}}, {"type": "Feature", "id": 2757, "geometry": {"type": "Point", "coordinates": [-80.13509064037987, 25.793078765740216]}, "properties": {"POINT_ID": 34458, "TREE_SPECI": "Florida Thatch Palm", "SCI_NAME": "Thrinax radiata", "DBH": 4, "MULTI_TRUN": "No", "CONDITION": "Good", "PRUNING": " ", "RISK_FACTO": "None", "OBSERVATIO": "Leaning - Minor", "OBSERVATI2": " ", "OBSERVATI3": " ", "OVERHEAD_U": "No", "GROWING_SP": "Government", "GPS_DATE": 1493078400000, "GPS_TIME": "11:29:59am", "NORTHING": 531417.917, "EASTING": 940749.807, "COMMEMORATIVE": null, "ALIAS_ID": null, "OBJECTID": 2757, "OBSERVATI4": null}}, {"type": "Feature", "id": 3255, "geometry": {"type": "Point", "coordinates": [-80.1352856686656, 25.792105376895538]}, "properties": {"POINT_ID": 34956, "TREE_SPECI": "Royal Palm", "SCI_NAME": "Roystonea elata", "DBH": 14, "MULTI_TRUN": "No", "CONDITION": "Fair", "PRUNING": " ", "RISK_FACTO": "None", "OBSERVATIO": "Discolored Foliage", "OBSERVATI2": " ", "OBSERVATI3": " ", "OVERHEAD_U": "No", "GROWING_SP": "Road/ROW", "GPS_DATE": 1494374400000, "GPS_TIME": "09:28:28am", "NORTHING": 531063.696, "EASTING": 940687.957, "COMMEMORATIVE": null, "ALIAS_ID": null, "OBJECTID": 3255, "OBSERVATI4": null}}, {"type": "Feature", "id": 10417, "geometry": {"type": "Point", "coordinates": [-80.13040739933608, 25.78082633526899]}, "properties": {"POINT_ID": 42118, "TREE_SPECI": "Coconut Palm", "SCI_NAME": "Cocos nucifera", "DBH": 9, "MULTI_TRUN": "No", "CONDITION": "Good", "PRUNING": " ", "RISK_FACTO": "None", "OBSERVATIO": " ", "OBSERVATI2": " ", "OBSERVATI3": " ", "OVERHEAD_U": "No", "GROWING_SP": "Park", "GPS_DATE": 1503446400000, "GPS_TIME": "12:55:53pm", "NORTHING": 526974.664, "EASTING": 942320.219, "COMMEMORATIVE": null, "ALIAS_ID": null, "OBJECTID": 10417, "OBSERVATI4": null}}, {"type": "Feature", "id": 8745, "geometry": {"type": "Point", "coordinates": [-80.13203433171257, 25.783988359579656]}, "properties": {"POINT_ID": 40446, "TREE_SPECI": "Coconut Palm", "SCI_NAME": "Cocos nucifera", "DBH": 8, "MULTI_TRUN": "No", "CONDITION": "Fair", "PRUNING": " ", "RISK_FACTO": "None", "OBSERVATIO": "Discolored Foliage", "OBSERVATI2": " ", "OBSERVATI3": " ", "OVERHEAD_U": "No", "GROWING_SP": "Road/ROW", "GPS_DATE": 1503964800000, "GPS_TIME": "11:21:05am", "NORTHING": 528120.436, "EASTING": 941777.253, "COMMEMORATIVE": null, "ALIAS_ID": null, "OBJECTID": 8745, "OBSERVATI4": null}}, {"type": "Feature", "id": 29223, "geometry": {"type": "Point", "coordinates": [-80.13363647010469, 25.80006764806088]}, "properties": {"POINT_ID": 24802, "TREE_SPECI": "Coconut Palm", "SCI_NAME": null, "DBH": 18, "MULTI_TRUN": "No", "CONDITION": "Good", "PRUNING": " ", "RISK_FACTO": "None", "OBSERVATIO": " ", "OBSERVATI2": " ", "OBSERVATI3": " ", "OVERHEAD_U": "No", "GROWING_SP": "ROW/Swale", "GPS_DATE": 1452556800000, "GPS_TIME": "01:02:03pm", "NORTHING": 533961.32, "EASTING": 941211.58, "COMMEMORATIVE": "N", "ALIAS_ID": null, "OBJECTID": 29223, "OBSERVATI4": null}}, {"type": "Feature", "id": 31144, "geometry": {"type": "Point", "coordinates": [-80.13613475099943, 25.79987755973742]}, "properties": {"POINT_ID": 30207, "TREE_SPECI": "Gumbo Limbo", "SCI_NAME": null, "DBH": 9, "MULTI_TRUN": "No", "CONDITION": "Fair", "PRUNING": "Restoration Pruning", "RISK_FACTO": "None", "OBSERVATIO": "Stubs", "OBSERVATI2": "Sprouting", "OBSERVATI3": "Discolored Foliage", "OVERHEAD_U": "No", "GROWING_SP": "Golf Course", "GPS_DATE": 1461110400000, "GPS_TIME": "09:24:41am", "NORTHING": 533886.826, "EASTING": 940390.03, "COMMEMORATIVE": "N", "ALIAS_ID": null, "OBJECTID": 31144, "OBSERVATI4": null}}, {"type": "Feature", "id": 5911, "geometry": {"type": "Point", "coordinates": [-80.13038719671214, 25.790825393722294]}, "properties": {"POINT_ID": 37612, "TREE_SPECI": "Bridalveil Tree", "SCI_NAME": "Caesalpinia granadillo", "DBH": 4, "MULTI_TRUN": "No", "CONDITION": "Good", "PRUNING": "Structure Pruning", "RISK_FACTO": "None", "OBSERVATIO": "Co-Dominant Leaders", "OBSERVATI2": " ", "OBSERVATI3": " ", "OVERHEAD_U": "No", "GROWING_SP": "Road/ROW", "GPS_DATE": 1494979200000, "GPS_TIME": "03:11:44pm", "NORTHING": 530609.075, "EASTING": 942302.87, "COMMEMORATIVE": null, "ALIAS_ID": null, "OBJECTID": 5911, "OBSERVATI4": null}}, {"type": "Feature", "id": 6587, "geometry": {"type": "Point", "coordinates": [-80.13746788126817, 25.7870015628857]}, "properties": {"POINT_ID": 38288, "TREE_SPECI": "Areca Palm", "SCI_NAME": "Dypsis lutescens", "DBH": 12, "MULTI_TRUN": "Yes", "CONDITION": "Good", "PRUNING": " ", "RISK_FACTO": "None", "OBSERVATIO": " ", "OBSERVATI2": " ", "OBSERVATI3": " ", "OVERHEAD_U": "No", "GROWING_SP": "Road/ROW", "GPS_DATE": 1502236800000, "GPS_TIME": "08:51:55am", "NORTHING": 529203.9, "EASTING": 939982.052, "COMMEMORATIVE": null, "ALIAS_ID": null, "OBJECTID": 6587, "OBSERVATI4": null}}, {"type": "Feature", "id": 7334, "geometry": {"type": "Point", "coordinates": [-80.13654737414186, 25.785869215535463]}, "properties": {"POINT_ID": 39035, "TREE_SPECI": "Australian Pine", "SCI_NAME": "Casuarina equisetifolia", "DBH": 10, "MULTI_TRUN": "No", "CONDITION": "Poor", "PRUNING": " ", "RISK_FACTO": "None", "OBSERVATIO": "Reduced Canopy - Minor", "OBSERVATI2": "Co-Dominant Leaders", "OBSERVATI3": "Cavities", "OVERHEAD_U": "No", "GROWING_SP": "Park", "GPS_DATE": 1502928000000, "GPS_TIME": "08:03:38am", "NORTHING": 528794.31, "EASTING": 940287.656, "COMMEMORATIVE": null, "ALIAS_ID": null, "OBJECTID": 7334, "OBSERVATI4": null}}, {"type": "Feature", "id": 2010, "geometry": {"type": "Point", "coordinates": [-80.13841704241176, 25.790489587986755]}, "properties": {"POINT_ID": 33711, "TREE_SPECI": "Podocarpus", "SCI_NAME": "Podocarpus macrophyllus", "DBH": 27, "MULTI_TRUN": "No", "CONDITION": "Fair", "PRUNING": "Restoration Pruning", "RISK_FACTO": "None", "OBSERVATIO": "Trunk Damage - Moderate", "OBSERVATI2": "Stubs", "OBSERVATI3": " ", "OVERHEAD_U": "No", "GROWING_SP": "Park", "GPS_DATE": 1494460800000, "GPS_TIME": "11:41:27am", "NORTHING": 530469.65, "EASTING": 939661.423, "COMMEMORATIVE": null, "ALIAS_ID": null, "OBJECTID": 2010, "OBSERVATI4": null}}, {"type": "Feature", "id": 9741, "geometry": {"type": "Point", "coordinates": [-80.13095945752652, 25.779254682179598]}, "properties": {"POINT_ID": 41442, "TREE_SPECI": "Coconut Palm", "SCI_NAME": "Cocos nucifera", "DBH": 10, "MULTI_TRUN": "No", "CONDITION": "Fair", "PRUNING": " ", "RISK_FACTO": "None", "OBSERVATIO": "Discolored Foliage", "OBSERVATI2": " ", "OBSERVATI3": " ", "OVERHEAD_U": "No", "GROWING_SP": "Road/ROW", "GPS_DATE": 1503964800000, "GPS_TIME": "09:16:05am", "NORTHING": 526402.215, "EASTING": 942142.316, "COMMEMORATIVE": null, "ALIAS_ID": null, "OBJECTID": 9741, "OBSERVATI4": null}}, {"type": "Feature", "id": 10666, "geometry": {"type": "Point", "coordinates": [-80.13077803499532, 25.778157073211844]}, "properties": {"POINT_ID": 42367, "TREE_SPECI": "Coconut Palm", "SCI_NAME": "Cocos nucifera", "DBH": 10, "MULTI_TRUN": "No", "CONDITION": "Good", "PRUNING": " ", "RISK_FACTO": "None", "OBSERVATIO": " ", "OBSERVATI2": " ", "OBSERVATI3": " ", "OVERHEAD_U": "No", "GROWING_SP": "Park", "GPS_DATE": 1503446400000, "GPS_TIME": "01:59:40pm", "NORTHING": 526003.66, "EASTING": 942204.652, "COMMEMORATIVE": null, "ALIAS_ID": null, "OBJECTID": 10666, "OBSERVATI4": null}}, {"type": "Feature", "id": 6338, "geometry": {"type": "Point", "coordinates": [-80.1408879600601, 25.783542036020243]}, "properties": {"POINT_ID": 38039, "TREE_SPECI": "Live Oak", "SCI_NAME": "Quercus virginiana", "DBH": 5, "MULTI_TRUN": "No", "CONDITION": "Good", "PRUNING": " ", "RISK_FACTO": "None", "OBSERVATIO": " ", "OBSERVATI2": " ", "OBSERVATI3": " ", "OVERHEAD_U": "No", "GROWING_SP": "Road/ROW", "GPS_DATE": 1501804800000, "GPS_TIME": "08:26:31am", "NORTHING": 527939.109, "EASTING": 938864.831, "COMMEMORATIVE": null, "ALIAS_ID": null, "OBJECTID": 6338, "OBSERVATI4": null}}, {"type": "Feature", "id": 1832, "geometry": {"type": "Point", "coordinates": [-80.13803109787791, 25.793657386292228]}, "properties": {"POINT_ID": 33533, "TREE_SPECI": "Bottlebrush", "SCI_NAME": "Callistemon rigidus", "DBH": 10, "MULTI_TRUN": "No", "CONDITION": "Fair", "PRUNING": " ", "RISK_FACTO": "None", "OBSERVATIO": "Utility Lines - Above", "OBSERVATI2": "Constricted Roots", "OBSERVATI3": "Leaning - Moderate", "OVERHEAD_U": "Yes", "GROWING_SP": "Road/ROW", "GPS_DATE": 1492560000000, "GPS_TIME": "01:48:27pm", "NORTHING": 531621.883, "EASTING": 939780.882, "COMMEMORATIVE": null, "ALIAS_ID": null, "OBJECTID": 1832, "OBSERVATI4": null}}, {"type": "Feature", "id": 3006, "geometry": {"type": "Point", "coordinates": [-80.1359262760675, 25.795272540749888]}, "properties": {"POINT_ID": 34707, "TREE_SPECI": "Solitaire Palm", "SCI_NAME": "Ptychosperma elegans", "DBH": 3, "MULTI_TRUN": "No", "CONDITION": "Good", "PRUNING": " ", "RISK_FACTO": "None", "OBSERVATIO": " ", "OBSERVATI2": " ", "OBSERVATI3": " ", "OVERHEAD_U": "No", "GROWING_SP": "Park", "GPS_DATE": 1493164800000, "GPS_TIME": "10:08:55am", "NORTHING": 532213.485, "EASTING": 940469.611, "COMMEMORATIVE": null, "ALIAS_ID": null, "OBJECTID": 3006, "OBSERVATI4": null}}, {"type": "Feature", "id": 2508, "geometry": {"type": "Point", "coordinates": [-80.13560316334528, 25.795161819207678]}, "properties": {"POINT_ID": 34209, "TREE_SPECI": "Limber Caper", "SCI_NAME": "Cynophalla flexuosa", "DBH": 6, "MULTI_TRUN": "Yes", "CONDITION": "Fair", "PRUNING": " ", "RISK_FACTO": "None", "OBSERVATIO": "Leaning - Moderate", "OBSERVATI2": "Co-Dominant Leaders", "OBSERVATI3": " ", "OVERHEAD_U": "No", "GROWING_SP": "Park", "GPS_DATE": 1497916800000, "GPS_TIME": "08:55:59am", "NORTHING": 532173.939, "EASTING": 940576.192, "COMMEMORATIVE": null, "ALIAS_ID": null, "OBJECTID": 2508, "OBSERVATI4": null}}, {"type": "Feature", "id": 30397, "geometry": {"type": "Point", "coordinates": [-80.1373805150048, 25.797932716096113]}, "properties": {"POINT_ID": 29688, "TREE_SPECI": "Royal Palm", "SCI_NAME": null, "DBH": 10, "MULTI_TRUN": "No", "CONDITION": "Good", "PRUNING": " ", "RISK_FACTO": "None", "OBSERVATIO": " ", "OBSERVATI2": " ", "OBSERVATI3": " ", "OVERHEAD_U": "No", "GROWING_SP": "Golf Course", "GPS_DATE": 1461110400000, "GPS_TIME": "02:23:29pm", "NORTHING": 533165.557, "EASTING": 939981.514, "COMMEMORATIVE": "N", "ALIAS_ID": null, "OBJECTID": 30397, "OBSERVATI4": null}}, {"type": "Feature", "id": 7832, "geometry": {"type": "Point", "coordinates": [-80.13196879934482, 25.786058032910066]}, "properties": {"POINT_ID": 39533, "TREE_SPECI": "Coconut Palm", "SCI_NAME": "Cocos nucifera", "DBH": 7, "MULTI_TRUN": "No", "CONDITION": "Good", "PRUNING": " ", "RISK_FACTO": "None", "OBSERVATIO": "White Fly", "OBSERVATI2": " ", "OBSERVATI3": " ", "OVERHEAD_U": "No", "GROWING_SP": "Road/ROW", "GPS_DATE": 1503360000000, "GPS_TIME": "08:18:00am", "NORTHING": 528872.844, "EASTING": 941793.86, "COMMEMORATIVE": null, "ALIAS_ID": null, "OBJECTID": 7832, "OBSERVATI4": null}}, {"type": "Feature", "id": 4666, "geometry": {"type": "Point", "coordinates": [-80.12913641410809, 25.797633496862968]}, "properties": {"POINT_ID": 36367, "TREE_SPECI": "Gumbo Limbo", "SCI_NAME": "Bursera simaruba", "DBH": 12, "MULTI_TRUN": "No", "CONDITION": "Good", "PRUNING": " ", "RISK_FACTO": "None", "OBSERVATIO": "Defoliated - Minor", "OBSERVATI2": " ", "OBSERVATI3": " ", "OVERHEAD_U": "No", "GROWING_SP": "Park", "GPS_DATE": 1499299200000, "GPS_TIME": "08:40:49am", "NORTHING": 533086.346, "EASTING": 942698.077, "COMMEMORATIVE": null, "ALIAS_ID": null, "OBJECTID": 4666, "OBSERVATI4": null}}, {"type": "Feature", "id": 4915, "geometry": {"type": "Point", "coordinates": [-80.12968167794554, 25.796859501089404]}, "properties": {"POINT_ID": 36616, "TREE_SPECI": "Paradise Tree", "SCI_NAME": "Simarouba glauca", "DBH": 10, "MULTI_TRUN": "No", "CONDITION": "Good", "PRUNING": " ", "RISK_FACTO": "None", "OBSERVATIO": "Co-Dominant Leaders", "OBSERVATI2": " ", "OBSERVATI3": " ", "OVERHEAD_U": "No", "GROWING_SP": "Park", "GPS_DATE": 1499299200000, "GPS_TIME": "12:59:58pm", "NORTHING": 532803.834, "EASTING": 942520.526, "COMMEMORATIVE": null, "ALIAS_ID": null, "OBJECTID": 4915, "OBSERVATI4": null}}, {"type": "Feature", "id": 6089, "geometry": {"type": "Point", "coordinates": [-80.14132215176392, 25.790090490971142]}, "properties": {"POINT_ID": 37790, "TREE_SPECI": "Montgomery Palm", "SCI_NAME": "Veitchia montgomeryana", "DBH": 12, "MULTI_TRUN": "Yes", "CONDITION": "Good", "PRUNING": " ", "RISK_FACTO": "None", "OBSERVATIO": "Cluster", "OBSERVATI2": " ", "OBSERVATI3": " ", "OVERHEAD_U": "No", "GROWING_SP": "Road/ROW", "GPS_DATE": 1501632000000, "GPS_TIME": "01:15:59pm", "NORTHING": 530318.346, "EASTING": 938706.432, "COMMEMORATIVE": null, "ALIAS_ID": null, "OBJECTID": 6089, "OBSERVATI4": null}}, {"type": "Feature", "id": 1583, "geometry": {"type": "Point", "coordinates": [-80.14150139733326, 25.79043408590422]}, "properties": {"POINT_ID": 33284, "TREE_SPECI": "Royal Palm", "SCI_NAME": "Roystonea elata", "DBH": 22, "MULTI_TRUN": "No", "CONDITION": "Good", "PRUNING": " ", "RISK_FACTO": "None", "OBSERVATIO": "Trunk Damage - Minor", "OBSERVATI2": " ", "OBSERVATI3": " ", "OVERHEAD_U": "No", "GROWING_SP": "Road/ROW", "GPS_DATE": 1492473600000, "GPS_TIME": "12:17:41pm", "NORTHING": 530442.848, "EASTING": 938646.636, "COMMEMORATIVE": null, "ALIAS_ID": null, "OBJECTID": 1583, "OBSERVATI4": null}}, {"type": "Feature", "id": 1761, "geometry": {"type": "Point", "coordinates": [-80.13892534419232, 25.792860623538175]}, "properties": {"POINT_ID": 33462, "TREE_SPECI": "Wild/Cuban Tamarind", "SCI_NAME": "Lysiloma latisiliquum", "DBH": 10, "MULTI_TRUN": "No", "CONDITION": "Fair", "PRUNING": " ", "RISK_FACTO": "None", "OBSERVATIO": "Constricted Roots", "OBSERVATI2": "Co-Dominant Leaders", "OBSERVATI3": "Leader - Bent", "OVERHEAD_U": "No", "GROWING_SP": "Road/ROW", "GPS_DATE": 1492560000000, "GPS_TIME": "09:59:58am", "NORTHING": 531330.358, "EASTING": 939488.529, "COMMEMORATIVE": null, "ALIAS_ID": null, "OBJECTID": 1761, "OBSERVATI4": null}}, {"type": "Feature", "id": 6160, "geometry": {"type": "Point", "coordinates": [-80.14101651391447, 25.788255148122047]}, "properties": {"POINT_ID": 37861, "TREE_SPECI": "Live Oak", "SCI_NAME": "Quercus virginiana", "DBH": 6, "MULTI_TRUN": "No", "CONDITION": "Good", "PRUNING": " ", "RISK_FACTO": "None", "OBSERVATIO": " ", "OBSERVATI2": " ", "OBSERVATI3": " ", "OVERHEAD_U": "No", "GROWING_SP": "Road/ROW", "GPS_DATE": 1501718400000, "GPS_TIME": "08:46:34am", "NORTHING": 529651.909, "EASTING": 938811.355, "COMMEMORATIVE": null, "ALIAS_ID": null, "OBJECTID": 6160, "OBSERVATI4": null}}, {"type": "Feature", "id": 10025, "geometry": {"type": "Point", "coordinates": [-80.13348985805253, 25.77774001928176]}, "properties": {"POINT_ID": 41726, "TREE_SPECI": "Coconut Palm", "SCI_NAME": "Cocos nucifera", "DBH": 9, "MULTI_TRUN": "No", "CONDITION": "Fair", "PRUNING": " ", "RISK_FACTO": "None", "OBSERVATIO": "Discolored Foliage", "OBSERVATI2": " ", "OBSERVATI3": " ", "OVERHEAD_U": "No", "GROWING_SP": "Road/ROW", "GPS_DATE": 1503964800000, "GPS_TIME": "02:21:19pm", "NORTHING": 525846.194, "EASTING": 941313.22, "COMMEMORATIVE": null, "ALIAS_ID": null, "OBJECTID": 10025, "OBSERVATI4": null}}, {"type": "Feature", "id": 4523, "geometry": {"type": "Point", "coordinates": [-80.12946930100765, 25.79853314828033]}, "properties": {"POINT_ID": 36224, "TREE_SPECI": "Silver Buttonwood", "SCI_NAME": "Conocarpus erectus var. sericeus", "DBH": 9, "MULTI_TRUN": "No", "CONDITION": "Fair", "PRUNING": " ", "RISK_FACTO": "None", "OBSERVATIO": "Lopsided Canopy", "OBSERVATI2": "Reduced Canopy - Moderate", "OBSERVATI3": " ", "OVERHEAD_U": "No", "GROWING_SP": "Parking Facility", "GPS_DATE": 1496707200000, "GPS_TIME": "02:37:18pm", "NORTHING": 533412.619, "EASTING": 942586.383, "COMMEMORATIVE": null, "ALIAS_ID": null, "OBJECTID": 4523, "OBSERVATI4": null}}, {"type": "Feature", "id": 29864, "geometry": {"type": "Point", "coordinates": [-80.1305601786544, 25.799714862541354]}, "properties": {"POINT_ID": 25443, "TREE_SPECI": "Fishtail Palm", "SCI_NAME": null, "DBH": 7, "MULTI_TRUN": "No", "CONDITION": "Good", "PRUNING": " ", "RISK_FACTO": "None", "OBSERVATIO": " ", "OBSERVATI2": " ", "OBSERVATI3": " ", "OVERHEAD_U": "No", "GROWING_SP": "Other", "GPS_DATE": 1453075200000, "GPS_TIME": "02:18:31pm", "NORTHING": 533839.766, "EASTING": 942224.612, "COMMEMORATIVE": "N", "ALIAS_ID": null, "OBJECTID": 29864, "OBSERVATI4": null}}, {"type": "Feature", "id": 5021, "geometry": {"type": "Point", "coordinates": [-80.12709189514037, 25.79688046840613]}, "properties": {"POINT_ID": 36722, "TREE_SPECI": "Bismark Palm", "SCI_NAME": "Bismarckia nobilis", "DBH": 13, "MULTI_TRUN": "No", "CONDITION": "Fair", "PRUNING": " ", "RISK_FACTO": "None", "OBSERVATIO": "Discolored Foliage", "OBSERVATI2": " ", "OBSERVATI3": " ", "OVERHEAD_U": "No", "GROWING_SP": "Park", "GPS_DATE": 1499731200000, "GPS_TIME": "08:48:05am", "NORTHING": 532817.096, "EASTING": 943372.609, "COMMEMORATIVE": null, "ALIAS_ID": null, "OBJECTID": 5021, "OBSERVATI4": null}}, {"type": "Feature", "id": 5058, "geometry": {"type": "Point", "coordinates": [-80.12786923179932, 25.797086392517254]}, "properties": {"POINT_ID": 36759, "TREE_SPECI": "Gumbo Limbo", "SCI_NAME": "Bursera simaruba", "DBH": 10, "MULTI_TRUN": "No", "CONDITION": "Fair", "PRUNING": " ", "RISK_FACTO": "None", "OBSERVATIO": "Lopsided Canopy", "OBSERVATI2": "Reduced Canopy - Moderate", "OBSERVATI3": " ", "OVERHEAD_U": "No", "GROWING_SP": "Park", "GPS_DATE": 1499731200000, "GPS_TIME": "09:46:01am", "NORTHING": 532890.249, "EASTING": 943116.341, "COMMEMORATIVE": null, "ALIAS_ID": null, "OBJECTID": 5058, "OBSERVATI4": null}}, {"type": "Feature", "id": 5070, "geometry": {"type": "Point", "coordinates": [-80.1279496567615, 25.79709858292854]}, "properties": {"POINT_ID": 36771, "TREE_SPECI": "Cabbage Palm", "SCI_NAME": "Sabal palmetto", "DBH": 10, "MULTI_TRUN": "No", "CONDITION": "Fair", "PRUNING": " ", "RISK_FACTO": "None", "OBSERVATIO": "Discolored Foliage", "OBSERVATI2": " ", "OBSERVATI3": " ", "OVERHEAD_U": "No", "GROWING_SP": "Park", "GPS_DATE": 1499731200000, "GPS_TIME": "09:55:49am", "NORTHING": 532894.504, "EASTING": 943089.849, "COMMEMORATIVE": null, "ALIAS_ID": null, "OBJECTID": 5070, "OBSERVATI4": null}}, {"type": "Feature", "id": 2402, "geometry": {"type": "Point", "coordinates": [-80.13554989687911, 25.796075312147238]}, "properties": {"POINT_ID": 34103, "TREE_SPECI": "Spicewood", "SCI_NAME": "Calyptranthes pallens", "DBH": 4, "MULTI_TRUN": "Yes", "CONDITION": "Fair", "PRUNING": " ", "RISK_FACTO": "None", "OBSERVATIO": "Leaning - Moderate", "OBSERVATI2": " ", "OBSERVATI3": " ", "OVERHEAD_U": "No", "GROWING_SP": "Park", "GPS_DATE": 1498608000000, "GPS_TIME": "10:47:27am", "NORTHING": 532506.082, "EASTING": 940591.539, "COMMEMORATIVE": null, "ALIAS_ID": null, "OBJECTID": 2402, "OBSERVATI4": null}}, {"type": "Feature", "id": 3896, "geometry": {"type": "Point", "coordinates": [-80.13253435352658, 25.791819619823293]}, "properties": {"POINT_ID": 35597, "TREE_SPECI": "Arecina Palm", "SCI_NAME": "Veitchia arecina", "DBH": 7, "MULTI_TRUN": "No", "CONDITION": "Good", "PRUNING": " ", "RISK_FACTO": "None", "OBSERVATIO": " ", "OBSERVATI2": " ", "OBSERVATI3": " ", "OVERHEAD_U": "No", "GROWING_SP": "Park", "GPS_DATE": 1494374400000, "GPS_TIME": "11:55:41am", "NORTHING": 530965.787, "EASTING": 941593.96, "COMMEMORATIVE": null, "ALIAS_ID": null, "OBJECTID": 3896, "OBSERVATI4": null}}, {"type": "Feature", "id": 4025, "geometry": {"type": "Point", "coordinates": [-80.13252458422937, 25.791453537665248]}, "properties": {"POINT_ID": 35726, "TREE_SPECI": "Live Oak", "SCI_NAME": "Quercus virginiana", "DBH": 11, "MULTI_TRUN": "No", "CONDITION": "Fair", "PRUNING": "Structure Pruning", "RISK_FACTO": "None", "OBSERVATIO": "Co-Dominant Leaders", "OBSERVATI2": "Lopsided Canopy", "OBSERVATI3": " ", "OVERHEAD_U": "No", "GROWING_SP": "Park", "GPS_DATE": 1494374400000, "GPS_TIME": "01:50:10pm", "NORTHING": 530832.748, "EASTING": 941598.052, "COMMEMORATIVE": null, "ALIAS_ID": null, "OBJECTID": 4025, "OBSERVATI4": null}}, {"type": "Feature", "id": 9896, "geometry": {"type": "Point", "coordinates": [-80.13322848834608, 25.77933169177628]}, "properties": {"POINT_ID": 41597, "TREE_SPECI": "Bottlebrush", "SCI_NAME": "Callistemon rigidus", "DBH": 20, "MULTI_TRUN": "No", "CONDITION": "Fair", "PRUNING": "Crown Cleaning", "RISK_FACTO": "None", "OBSERVATIO": "Sprouting", "OBSERVATI2": "Constricted Roots", "OBSERVATI3": "Co-Dominant Leaders", "OVERHEAD_U": "No", "GROWING_SP": "Road/ROW", "GPS_DATE": 1503964800000, "GPS_TIME": "11:51:41am", "NORTHING": 526425.286, "EASTING": 941395.427, "COMMEMORATIVE": null, "ALIAS_ID": null, "OBJECTID": 9896, "OBSERVATI4": null}}, {"type": "Feature", "id": 9847, "geometry": {"type": "Point", "coordinates": [-80.13383205294707, 25.779417884121425]}, "properties": {"POINT_ID": 41548, "TREE_SPECI": "Coconut Palm", "SCI_NAME": "Cocos nucifera", "DBH": 10, "MULTI_TRUN": "No", "CONDITION": "Good", "PRUNING": " ", "RISK_FACTO": "None", "OBSERVATIO": " ", "OBSERVATI2": " ", "OBSERVATI3": " ", "OVERHEAD_U": "No", "GROWING_SP": "Road/ROW", "GPS_DATE": 1503964800000, "GPS_TIME": "10:51:32am", "NORTHING": 526455.308, "EASTING": 941196.597, "COMMEMORATIVE": null, "ALIAS_ID": null, "OBJECTID": 9847, "OBSERVATI4": null}}, {"type": "Feature", "id": 1867, "geometry": {"type": "Point", "coordinates": [-80.1377689681348, 25.790795527536247]}, "properties": {"POINT_ID": 33568, "TREE_SPECI": "Solitaire Palm", "SCI_NAME": "Ptychosperma elegans", "DBH": 3, "MULTI_TRUN": "No", "CONDITION": "Good", "PRUNING": " ", "RISK_FACTO": "None", "OBSERVATIO": " ", "OBSERVATI2": " ", "OBSERVATI3": " ", "OVERHEAD_U": "No", "GROWING_SP": "Road/ROW", "GPS_DATE": 1492560000000, "GPS_TIME": "02:25:54pm", "NORTHING": 530582.246, "EASTING": 939873.946, "COMMEMORATIVE": null, "ALIAS_ID": null, "OBJECTID": 1867, "OBSERVATI4": null}}, {"type": "Feature", "id": 10523, "geometry": {"type": "Point", "coordinates": [-80.13048466655471, 25.780060947254892]}, "properties": {"POINT_ID": 42224, "TREE_SPECI": "Coconut Palm", "SCI_NAME": "Cocos nucifera", "DBH": 10, "MULTI_TRUN": "No", "CONDITION": "Good", "PRUNING": " ", "RISK_FACTO": "None", "OBSERVATIO": " ", "OBSERVATI2": " ", "OBSERVATI3": " ", "OVERHEAD_U": "No", "GROWING_SP": "Park", "GPS_DATE": 1503446400000, "GPS_TIME": "01:52:12pm", "NORTHING": 526696.3, "EASTING": 942296.628, "COMMEMORATIVE": null, "ALIAS_ID": null, "OBJECTID": 10523, "OBSERVATI4": null}}, {"type": "Feature", "id": 8900, "geometry": {"type": "Point", "coordinates": [-80.12968445212533, 25.783144716802614]}, "properties": {"POINT_ID": 40601, "TREE_SPECI": "Coconut Palm", "SCI_NAME": "Cocos nucifera", "DBH": 11, "MULTI_TRUN": "No", "CONDITION": "Fair", "PRUNING": " ", "RISK_FACTO": "None", "OBSERVATIO": "Discolored Foliage", "OBSERVATI2": " ", "OBSERVATI3": " ", "OVERHEAD_U": "No", "GROWING_SP": "Park", "GPS_DATE": 1503446400000, "GPS_TIME": "11:36:13am", "NORTHING": 527818.899, "EASTING": 942552.559, "COMMEMORATIVE": null, "ALIAS_ID": null, "OBJECTID": 8900, "OBSERVATI4": null}}, {"type": "Feature", "id": 8851, "geometry": {"type": "Point", "coordinates": [-80.1294748878617, 25.783571018251337]}, "properties": {"POINT_ID": 40552, "TREE_SPECI": "Coconut Palm", "SCI_NAME": "Cocos nucifera", "DBH": 12, "MULTI_TRUN": "No", "CONDITION": "Good", "PRUNING": " ", "RISK_FACTO": "None", "OBSERVATIO": " ", "OBSERVATI2": " ", "OBSERVATI3": " ", "OVERHEAD_U": "No", "GROWING_SP": "Park", "GPS_DATE": 1503446400000, "GPS_TIME": "09:56:53am", "NORTHING": 527974.303, "EASTING": 942620.498, "COMMEMORATIVE": null, "ALIAS_ID": null, "OBJECTID": 8851, "OBSERVATI4": null}}, {"type": "Feature", "id": 29366, "geometry": {"type": "Point", "coordinates": [-80.13442606599054, 25.79994101813458]}, "properties": {"POINT_ID": 24945, "TREE_SPECI": "Royal Poinciana", "SCI_NAME": null, "DBH": 20, "MULTI_TRUN": "No", "CONDITION": "Good", "PRUNING": " ", "RISK_FACTO": "None", "OBSERVATIO": "Defoliated - Minor", "OBSERVATI2": " ", "OBSERVATI3": " ", "OVERHEAD_U": "No", "GROWING_SP": "ROW/Swale", "GPS_DATE": 1452556800000, "GPS_TIME": "03:02:15pm", "NORTHING": 533913.585, "EASTING": 940952.084, "COMMEMORATIVE": "N", "ALIAS_ID": null, "OBJECTID": 29366, "OBSERVATI4": null}}, {"type": "Feature", "id": 31038, "geometry": {"type": "Point", "coordinates": [-80.13698541722376, 25.799604458950245]}, "properties": {"POINT_ID": 30101, "TREE_SPECI": "Australian Pine", "SCI_NAME": null, "DBH": 40, "MULTI_TRUN": "No", "CONDITION": "Fair", "PRUNING": " ", "RISK_FACTO": "None", "OBSERVATIO": "Sprouting", "OBSERVATI2": "Galls", "OBSERVATI3": "Stubs", "OVERHEAD_U": "No", "GROWING_SP": "Golf Course", "GPS_DATE": 1461110400000, "GPS_TIME": "08:12:17am", "NORTHING": 533785.726, "EASTING": 940110.788, "COMMEMORATIVE": "N", "ALIAS_ID": null, "OBJECTID": 31038, "OBSERVATI4": null}}, {"type": "Feature", "id": 8224, "geometry": {"type": "Point", "coordinates": [-80.12924199558609, 25.786684262236847]}, "properties": {"POINT_ID": 39925, "TREE_SPECI": "Date Palm", "SCI_NAME": "Phoenix dactylifera", "DBH": 19, "MULTI_TRUN": "No", "CONDITION": "Good", "PRUNING": " ", "RISK_FACTO": "None", "OBSERVATIO": " ", "OBSERVATI2": " ", "OBSERVATI3": " ", "OVERHEAD_U": "No", "GROWING_SP": "Park", "GPS_DATE": 1503360000000, "GPS_TIME": "02:56:02pm", "NORTHING": 529106.383, "EASTING": 942689.655, "COMMEMORATIVE": null, "ALIAS_ID": null, "OBJECTID": 8224, "OBSERVATI4": null}}, {"type": "Feature", "id": 8353, "geometry": {"type": "Point", "coordinates": [-80.12934433615484, 25.785987412421612]}, "properties": {"POINT_ID": 40054, "TREE_SPECI": "Coconut Palm", "SCI_NAME": "Cocos nucifera", "DBH": 13, "MULTI_TRUN": "No", "CONDITION": "Good", "PRUNING": " ", "RISK_FACTO": "None", "OBSERVATIO": " ", "OBSERVATI2": " ", "OBSERVATI3": " ", "OVERHEAD_U": "No", "GROWING_SP": "Park", "GPS_DATE": 1503446400000, "GPS_TIME": "10:29:27am", "NORTHING": 528852.876, "EASTING": 942657.653, "COMMEMORATIVE": null, "ALIAS_ID": null, "OBJECTID": 8353, "OBSERVATI4": null}}, {"type": "Feature", "id": 7191, "geometry": {"type": "Point", "coordinates": [-80.13828296213399, 25.78525188794407]}, "properties": {"POINT_ID": 38892, "TREE_SPECI": "Live Oak", "SCI_NAME": "Quercus virginiana", "DBH": 9, "MULTI_TRUN": "No", "CONDITION": "Good", "PRUNING": " ", "RISK_FACTO": "None", "OBSERVATIO": "Co-Dominant Leaders", "OBSERVATI2": " ", "OBSERVATI3": " ", "OVERHEAD_U": "No", "GROWING_SP": "Park", "GPS_DATE": 1502841600000, "GPS_TIME": "12:36:03pm", "NORTHING": 528566.189, "EASTING": 939718, "COMMEMORATIVE": null, "ALIAS_ID": null, "OBJECTID": 7191, "OBSERVATI4": null}}, {"type": "Feature", "id": 6195, "geometry": {"type": "Point", "coordinates": [-80.13873613418052, 25.7862261663199]}, "properties": {"POINT_ID": 37896, "TREE_SPECI": "Brazilian Beauty Leaf", "SCI_NAME": "Calophyllum brasiliense", "DBH": 11, "MULTI_TRUN": "No", "CONDITION": "Good", "PRUNING": " ", "RISK_FACTO": "None", "OBSERVATIO": "Circling Roots", "OBSERVATI2": " ", "OBSERVATI3": " ", "OVERHEAD_U": "No", "GROWING_SP": "Road/ROW", "GPS_DATE": 1501718400000, "GPS_TIME": "10:07:15am", "NORTHING": 528919.335, "EASTING": 939566.559, "COMMEMORATIVE": null, "ALIAS_ID": null, "OBJECTID": 6195, "OBSERVATI4": null}}, {"type": "Feature", "id": 7228, "geometry": {"type": "Point", "coordinates": [-80.13715707576667, 25.786090755037137]}, "properties": {"POINT_ID": 38929, "TREE_SPECI": "Satin Leaf", "SCI_NAME": "Chrysophyllum oliviforme", "DBH": 4, "MULTI_TRUN": "No", "CONDITION": "Fair", "PRUNING": " ", "RISK_FACTO": "None", "OBSERVATIO": "Co-Dominant Leaders", "OBSERVATI2": "Leaning - Moderate", "OBSERVATI3": "Defoliated - Minor", "OVERHEAD_U": "No", "GROWING_SP": "Park", "GPS_DATE": 1502841600000, "GPS_TIME": "01:11:59pm", "NORTHING": 528873.518, "EASTING": 940086.495, "COMMEMORATIVE": null, "ALIAS_ID": null, "OBJECTID": 7228, "OBSERVATI4": null}}, {"type": "Feature", "id": 3398, "geometry": {"type": "Point", "coordinates": [-80.13572961034684, 25.790599783685337]}, "properties": {"POINT_ID": 35099, "TREE_SPECI": "Senegal Date Palm", "SCI_NAME": "Phoenix reclinata", "DBH": 14, "MULTI_TRUN": "No", "CONDITION": "Good", "PRUNING": " ", "RISK_FACTO": "None", "OBSERVATIO": " ", "OBSERVATI2": " ", "OBSERVATI3": " ", "OVERHEAD_U": "No", "GROWING_SP": "Park", "GPS_DATE": 1494979200000, "GPS_TIME": "10:01:59am", "NORTHING": 530515.498, "EASTING": 940545.47, "COMMEMORATIVE": null, "ALIAS_ID": null, "OBJECTID": 3398, "OBSERVATI4": null}}, {"type": "Feature", "id": 2900, "geometry": {"type": "Point", "coordinates": [-80.1365221549085, 25.79509531365572]}, "properties": {"POINT_ID": 34601, "TREE_SPECI": "Buccaneer Palm", "SCI_NAME": "Pseudophoenix sargentii", "DBH": 10, "MULTI_TRUN": "No", "CONDITION": "Good", "PRUNING": " ", "RISK_FACTO": "None", "OBSERVATIO": " ", "OBSERVATI2": " ", "OBSERVATI3": " ", "OVERHEAD_U": "No", "GROWING_SP": "Park", "GPS_DATE": 1493078400000, "GPS_TIME": "03:10:12pm", "NORTHING": 532147.782, "EASTING": 940273.965, "COMMEMORATIVE": null, "ALIAS_ID": null, "OBJECTID": 2900, "OBSERVATI4": null}}, {"type": "Feature", "id": 2365, "geometry": {"type": "Point", "coordinates": [-80.13574103016335, 25.795634791200374]}, "properties": {"POINT_ID": 34066, "TREE_SPECI": "Scheffer's Palm", "SCI_NAME": "Ptychosperma schefferi", "DBH": 26, "MULTI_TRUN": "Yes", "CONDITION": "Good", "PRUNING": " ", "RISK_FACTO": "None", "OBSERVATIO": "Cluster", "OBSERVATI2": " ", "OBSERVATI3": " ", "OVERHEAD_U": "No", "GROWING_SP": "Park", "GPS_DATE": 1498608000000, "GPS_TIME": "09:44:53am", "NORTHING": 532345.552, "EASTING": 940529.7, "COMMEMORATIVE": null, "ALIAS_ID": null, "OBJECTID": 2365, "OBSERVATI4": null}}, {"type": "Feature", "id": 2353, "geometry": {"type": "Point", "coordinates": [-80.13568620809777, 25.7955429296392]}, "properties": {"POINT_ID": 34054, "TREE_SPECI": "Crabwood", "SCI_NAME": "Gymnanthes lucida", "DBH": 6, "MULTI_TRUN": "Yes", "CONDITION": "Good", "PRUNING": " ", "RISK_FACTO": "None", "OBSERVATIO": " ", "OBSERVATI2": " ", "OBSERVATI3": " ", "OVERHEAD_U": "No", "GROWING_SP": "Park", "GPS_DATE": 1498608000000, "GPS_TIME": "09:27:29am", "NORTHING": 532312.282, "EASTING": 940547.957, "COMMEMORATIVE": null, "ALIAS_ID": null, "OBJECTID": 2353, "OBSERVATI4": null}}, {"type": "Feature", "id": 30540, "geometry": {"type": "Point", "coordinates": [-80.1369240279962, 25.797521442336308]}, "properties": {"POINT_ID": 29598, "TREE_SPECI": "Cabbage Palm", "SCI_NAME": null, "DBH": 8, "MULTI_TRUN": "No", "CONDITION": "Fair", "PRUNING": " ", "RISK_FACTO": "None", "OBSERVATIO": "Leader - Bent", "OBSERVATI2": " ", "OBSERVATI3": " ", "OVERHEAD_U": "No", "GROWING_SP": "Golf Course", "GPS_DATE": 1460419200000, "GPS_TIME": "11:41:28am", "NORTHING": 533028.742, "EASTING": 940135.951, "COMMEMORATIVE": "N", "ALIAS_ID": null, "OBJECTID": 30540, "OBSERVATI4": null}}, {"type": "Feature", "id": 8402, "geometry": {"type": "Point", "coordinates": [-80.12900381431307, 25.7851796173626]}, "properties": {"POINT_ID": 40103, "TREE_SPECI": "Coconut Palm", "SCI_NAME": "Cocos nucifera", "DBH": 11, "MULTI_TRUN": "No", "CONDITION": "Good", "PRUNING": " ", "RISK_FACTO": "None", "OBSERVATIO": " ", "OBSERVATI2": " ", "OBSERVATI3": " ", "OVERHEAD_U": "No", "GROWING_SP": "Park", "GPS_DATE": 1503446400000, "GPS_TIME": "10:53:31am", "NORTHING": 528560.007, "EASTING": 942771.649, "COMMEMORATIVE": null, "ALIAS_ID": null, "OBJECTID": 8402, "OBSERVATI4": null}}, {"type": "Feature", "id": 7726, "geometry": {"type": "Point", "coordinates": [-80.1311338667736, 25.789108463925853]}, "properties": {"POINT_ID": 39427, "TREE_SPECI": "Coconut Palm", "SCI_NAME": "Cocos nucifera", "DBH": 9, "MULTI_TRUN": "No", "CONDITION": "Poor", "PRUNING": " ", "RISK_FACTO": "None", "OBSERVATIO": "Discolored Foliage", "OBSERVATI2": " ", "OBSERVATI3": " ", "OVERHEAD_U": "No", "GROWING_SP": "Road/ROW", "GPS_DATE": 1503273600000, "GPS_TIME": "01:41:10pm", "NORTHING": 529983.398, "EASTING": 942061.293, "COMMEMORATIVE": null, "ALIAS_ID": null, "OBJECTID": 7726, "OBSERVATI4": null}}, {"type": "Feature", "id": 30491, "geometry": {"type": "Point", "coordinates": [-80.1396057707761, 25.796282854531277]}, "properties": {"POINT_ID": 29549, "TREE_SPECI": "Royal Palm", "SCI_NAME": null, "DBH": 24, "MULTI_TRUN": "No", "CONDITION": "Good", "PRUNING": "Clearance Pruning", "RISK_FACTO": "None", "OBSERVATIO": "Utility Pruned", "OBSERVATI2": "Utility Lines Conflict", "OBSERVATI3": " ", "OVERHEAD_U": "Yes", "GROWING_SP": "Golf Course", "GPS_DATE": 1460419200000, "GPS_TIME": "10:19:25am", "NORTHING": 532572.775, "EASTING": 939256.507, "COMMEMORATIVE": "N", "ALIAS_ID": null, "OBJECTID": 30491, "OBSERVATI4": null}}, {"type": "Feature", "id": 30503, "geometry": {"type": "Point", "coordinates": [-80.1395216427502, 25.79619029293239]}, "properties": {"POINT_ID": 29561, "TREE_SPECI": "Sea Grape", "SCI_NAME": null, "DBH": 26, "MULTI_TRUN": "No", "CONDITION": "Fair", "PRUNING": "Crown Cleaning", "RISK_FACTO": "None", "OBSERVATIO": "Trunk Damage - Minor", "OBSERVATI2": "Sprouting", "OBSERVATI3": "Limb Damage - Minor", "OVERHEAD_U": "No", "GROWING_SP": "Golf Course", "GPS_DATE": 1460419200000, "GPS_TIME": "10:35:28am", "NORTHING": 532539.313, "EASTING": 939284.408, "COMMEMORATIVE": "N", "ALIAS_ID": null, "OBJECTID": 30503, "OBSERVATI4": null}}, {"type": "Feature", "id": 6681, "geometry": {"type": "Point", "coordinates": [-80.13971171928807, 25.7827318533661]}, "properties": {"POINT_ID": 38382, "TREE_SPECI": "Silver Buttonwood", "SCI_NAME": "Conocarpus erectus var. sericeus", "DBH": 8, "MULTI_TRUN": "No", "CONDITION": "Good", "PRUNING": " ", "RISK_FACTO": "None", "OBSERVATIO": "Co-Dominant Leaders", "OBSERVATI2": " ", "OBSERVATI3": " ", "OVERHEAD_U": "No", "GROWING_SP": "Park", "GPS_DATE": 1502236800000, "GPS_TIME": "10:31:56am", "NORTHING": 527647.158, "EASTING": 939253.824, "COMMEMORATIVE": null, "ALIAS_ID": null, "OBJECTID": 6681, "OBSERVATI4": null}}, {"type": "Feature", "id": 6730, "geometry": {"type": "Point", "coordinates": [-80.14041049781696, 25.781879137582536]}, "properties": {"POINT_ID": 38431, "TREE_SPECI": "Silver Buttonwood", "SCI_NAME": "Conocarpus erectus var. sericeus", "DBH": 9, "MULTI_TRUN": "No", "CONDITION": "Fair", "PRUNING": " ", "RISK_FACTO": "None", "OBSERVATIO": "Leader - Bent", "OBSERVATI2": "Trunk Damage - Moderate", "OBSERVATI3": " ", "OVERHEAD_U": "No", "GROWING_SP": "Park", "GPS_DATE": 1502236800000, "GPS_TIME": "12:10:01pm", "NORTHING": 527335.72, "EASTING": 939025.896, "COMMEMORATIVE": null, "ALIAS_ID": null, "OBJECTID": 6730, "OBSERVATI4": null}}, {"type": "Feature", "id": 6693, "geometry": {"type": "Point", "coordinates": [-80.14026969030455, 25.782722198835312]}, "properties": {"POINT_ID": 38394, "TREE_SPECI": "Silver Buttonwood", "SCI_NAME": "Conocarpus erectus var. sericeus", "DBH": 18, "MULTI_TRUN": "No", "CONDITION": "Good", "PRUNING": " ", "RISK_FACTO": "None", "OBSERVATIO": "Co-Dominant Leaders", "OBSERVATI2": " ", "OBSERVATI3": " ", "OVERHEAD_U": "No", "GROWING_SP": "Park", "GPS_DATE": 1502236800000, "GPS_TIME": "10:40:07am", "NORTHING": 527642.45, "EASTING": 939070.232, "COMMEMORATIVE": null, "ALIAS_ID": null, "OBJECTID": 6693, "OBSERVATI4": null}}, {"type": "Feature", "id": 2863, "geometry": {"type": "Point", "coordinates": [-80.13652273500657, 25.792626992772316]}, "properties": {"POINT_ID": 34564, "TREE_SPECI": "Royal Palm", "SCI_NAME": "Roystonea elata", "DBH": 21, "MULTI_TRUN": "No", "CONDITION": "Good", "PRUNING": " ", "RISK_FACTO": "None", "OBSERVATIO": " ", "OBSERVATI2": " ", "OBSERVATI3": " ", "OVERHEAD_U": "No", "GROWING_SP": "Road/ROW", "GPS_DATE": 1493078400000, "GPS_TIME": "01:39:02pm", "NORTHING": 531250.617, "EASTING": 940279.658, "COMMEMORATIVE": null, "ALIAS_ID": null, "OBJECTID": 2863, "OBSERVATI4": null}}, {"type": "Feature", "id": 4572, "geometry": {"type": "Point", "coordinates": [-80.12959660566526, 25.7980530424638]}, "properties": {"POINT_ID": 36273, "TREE_SPECI": "Coconut Palm", "SCI_NAME": "Cocos nucifera", "DBH": 13, "MULTI_TRUN": "No", "CONDITION": "Fair", "PRUNING": " ", "RISK_FACTO": "None", "OBSERVATIO": "Discolored Foliage", "OBSERVATI2": " ", "OBSERVATI3": " ", "OVERHEAD_U": "No", "GROWING_SP": "Road/ROW", "GPS_DATE": 1496707200000, "GPS_TIME": "03:25:52pm", "NORTHING": 533237.837, "EASTING": 942545.649, "COMMEMORATIVE": null, "ALIAS_ID": null, "OBJECTID": 4572, "OBSERVATI4": null}}, {"type": "Feature", "id": 5519, "geometry": {"type": "Point", "coordinates": [-80.13069413197633, 25.792567415632686]}, "properties": {"POINT_ID": 37220, "TREE_SPECI": "Vera Wood", "SCI_NAME": "Bulnesia arboria", "DBH": 5, "MULTI_TRUN": "No", "CONDITION": "Fair", "PRUNING": "Structure Pruning", "RISK_FACTO": "None", "OBSERVATIO": "Poor Structure/Low Multi Trunk", "OBSERVATI2": " ", "OBSERVATI3": " ", "OVERHEAD_U": "No", "GROWING_SP": "Road/ROW", "GPS_DATE": 1502841600000, "GPS_TIME": "09:12:35am", "NORTHING": 531241.583, "EASTING": 942197.692, "COMMEMORATIVE": null, "ALIAS_ID": null, "OBJECTID": 5519, "OBSERVATI4": null}}, {"type": "Feature", "id": 5568, "geometry": {"type": "Point", "coordinates": [-80.13082554191759, 25.792145226135077]}, "properties": {"POINT_ID": 37269, "TREE_SPECI": "Gumbo Limbo", "SCI_NAME": "Bursera simaruba", "DBH": 8, "MULTI_TRUN": "No", "CONDITION": "Poor", "PRUNING": " ", "RISK_FACTO": "None", "OBSERVATIO": "Reduced Canopy - Major", "OBSERVATI2": "Over Trimmed", "OBSERVATI3": " ", "OVERHEAD_U": "No", "GROWING_SP": "Road/ROW", "GPS_DATE": 1502841600000, "GPS_TIME": "09:59:21am", "NORTHING": 531087.843, "EASTING": 942155.464, "COMMEMORATIVE": null, "ALIAS_ID": null, "OBJECTID": 5568, "OBSERVATI4": null}}, {"type": "Feature", "id": 28831, "geometry": {"type": "Point", "coordinates": [-80.1392622377455, 25.800484900824312]}, "properties": {"POINT_ID": 24410, "TREE_SPECI": "Christmas Palm", "SCI_NAME": null, "DBH": 5, "MULTI_TRUN": "No", "CONDITION": "Good", "PRUNING": " ", "RISK_FACTO": "None", "OBSERVATIO": "Utility Lines Above", "OBSERVATI2": " ", "OBSERVATI3": " ", "OVERHEAD_U": "Yes", "GROWING_SP": "ROW/Swale", "GPS_DATE": 1452211200000, "GPS_TIME": "11:52:01am", "NORTHING": 534100.836, "EASTING": 939359.556, "COMMEMORATIVE": "N", "ALIAS_ID": null, "OBJECTID": 28831, "OBSERVATI4": null}}, {"type": "Feature", "id": 4964, "geometry": {"type": "Point", "coordinates": [-80.12731474710985, 25.797115818388377]}, "properties": {"POINT_ID": 36665, "TREE_SPECI": "Green Buttonwood", "SCI_NAME": "Conocarpus erectus", "DBH": 3, "MULTI_TRUN": "No", "CONDITION": "Good", "PRUNING": " ", "RISK_FACTO": "None", "OBSERVATIO": " ", "OBSERVATI2": " ", "OBSERVATI3": " ", "OVERHEAD_U": "No", "GROWING_SP": "Park", "GPS_DATE": 1499299200000, "GPS_TIME": "01:55:14pm", "NORTHING": 532902.153, "EASTING": 943298.715, "COMMEMORATIVE": null, "ALIAS_ID": null, "OBJECTID": 4964, "OBSERVATI4": null}}, {"type": "Feature", "id": 5711, "geometry": {"type": "Point", "coordinates": [-80.12893255453245, 25.79228539131502]}, "properties": {"POINT_ID": 37412, "TREE_SPECI": "Silver Buttonwood", "SCI_NAME": "Conocarpus erectus var. sericeus", "DBH": 9, "MULTI_TRUN": "No", "CONDITION": "Good", "PRUNING": " ", "RISK_FACTO": "None", "OBSERVATIO": " ", "OBSERVATI2": " ", "OBSERVATI3": " ", "OVERHEAD_U": "No", "GROWING_SP": "Road/ROW", "GPS_DATE": 1502841600000, "GPS_TIME": "11:52:46am", "NORTHING": 531142.906, "EASTING": 942778.014, "COMMEMORATIVE": null, "ALIAS_ID": null, "OBJECTID": 5711, "OBSERVATI4": null}}, {"type": "Feature", "id": 4715, "geometry": {"type": "Point", "coordinates": [-80.12899245876949, 25.797488302878456]}, "properties": {"POINT_ID": 36416, "TREE_SPECI": "Washingtonia Palm", "SCI_NAME": "Washingtonia robusta", "DBH": 22, "MULTI_TRUN": "No", "CONDITION": "Good", "PRUNING": " ", "RISK_FACTO": "None", "OBSERVATIO": " ", "OBSERVATI2": " ", "OBSERVATI3": " ", "OVERHEAD_U": "No", "GROWING_SP": "Park", "GPS_DATE": 1499299200000, "GPS_TIME": "09:14:37am", "NORTHING": 533033.885, "EASTING": 942745.792, "COMMEMORATIVE": null, "ALIAS_ID": null, "OBJECTID": 4715, "OBSERVATI4": null}}, {"type": "Feature", "id": 4878, "geometry": {"type": "Point", "coordinates": [-80.12939095504385, 25.79698994961582]}, "properties": {"POINT_ID": 36579, "TREE_SPECI": "Washingtonia Palm", "SCI_NAME": "Washingtonia robusta", "DBH": 12, "MULTI_TRUN": "No", "CONDITION": "Good", "PRUNING": " ", "RISK_FACTO": "None", "OBSERVATIO": " ", "OBSERVATI2": " ", "OBSERVATI3": " ", "OVERHEAD_U": "No", "GROWING_SP": "Park", "GPS_DATE": 1499299200000, "GPS_TIME": "11:59:16am", "NORTHING": 532851.881, "EASTING": 942615.871, "COMMEMORATIVE": null, "ALIAS_ID": null, "OBJECTID": 4878, "OBSERVATI4": null}}, {"type": "Feature", "id": 4629, "geometry": {"type": "Point", "coordinates": [-80.13167575068984, 25.797401703242215]}, "properties": {"POINT_ID": 36330, "TREE_SPECI": "Coconut Palm", "SCI_NAME": "Cocos nucifera", "DBH": 15, "MULTI_TRUN": "No", "CONDITION": "Fair", "PRUNING": " ", "RISK_FACTO": "None", "OBSERVATIO": "Discolored Foliage", "OBSERVATI2": " ", "OBSERVATI3": " ", "OVERHEAD_U": "No", "GROWING_SP": "Road/ROW", "GPS_DATE": 1499731200000, "GPS_TIME": "02:27:14pm", "NORTHING": 532996.576, "EASTING": 941863.103, "COMMEMORATIVE": null, "ALIAS_ID": null, "OBJECTID": 4629, "OBSERVATI4": null}}, {"type": "Feature", "id": 4039, "geometry": {"type": "Point", "coordinates": [-80.1323912661633, 25.79152716780397]}, "properties": {"POINT_ID": 35740, "TREE_SPECI": "Montgomery Palm", "SCI_NAME": "Veitchia montgomeryana", "DBH": 16, "MULTI_TRUN": "Yes", "CONDITION": "Poor", "PRUNING": " ", "RISK_FACTO": "None", "OBSERVATIO": "Discolored Foliage", "OBSERVATI2": "Reduced Canopy - Moderate", "OBSERVATI3": "Pencil Top", "OVERHEAD_U": "No", "GROWING_SP": "Park", "GPS_DATE": 1494374400000, "GPS_TIME": "01:57:14pm", "NORTHING": 530859.799, "EASTING": 941641.744, "COMMEMORATIVE": null, "ALIAS_ID": null, "OBJECTID": 4039, "OBSERVATI4": null}}, {"type": "Feature", "id": 4288, "geometry": {"type": "Point", "coordinates": [-80.13354308013854, 25.790633317785318]}, "properties": {"POINT_ID": 35989, "TREE_SPECI": "Pygmy Date Palm", "SCI_NAME": "Phoenix roebelenii", "DBH": 4, "MULTI_TRUN": "No", "CONDITION": "Good", "PRUNING": " ", "RISK_FACTO": "None", "OBSERVATIO": "Discolored Foliage", "OBSERVATI2": " ", "OBSERVATI3": " ", "OVERHEAD_U": "No", "GROWING_SP": "Park", "GPS_DATE": 1494979200000, "GPS_TIME": "01:14:56pm", "NORTHING": 530532.415, "EASTING": 941264.876, "COMMEMORATIVE": null, "ALIAS_ID": null, "OBJECTID": 4288, "OBSERVATI4": null}}, {"type": "Feature", "id": 7534, "geometry": {"type": "Point", "coordinates": [-80.13463414771428, 25.786900215070084]}, "properties": {"POINT_ID": 39235, "TREE_SPECI": "Coconut Palm", "SCI_NAME": "Cocos nucifera", "DBH": 12, "MULTI_TRUN": "No", "CONDITION": "Fair", "PRUNING": " ", "RISK_FACTO": "None", "OBSERVATIO": "Discolored Foliage", "OBSERVATI2": "White Fly", "OBSERVATI3": " ", "OVERHEAD_U": "No", "GROWING_SP": "Road/ROW", "GPS_DATE": 1503273600000, "GPS_TIME": "08:55:59am", "NORTHING": 529173.18, "EASTING": 940914.772, "COMMEMORATIVE": null, "ALIAS_ID": null, "OBJECTID": 7534, "OBSERVATI4": null}}, {"type": "Feature", "id": 8616, "geometry": {"type": "Point", "coordinates": [-80.13291814727577, 25.782463883625617]}, "properties": {"POINT_ID": 40317, "TREE_SPECI": "Live Oak", "SCI_NAME": "Quercus virginiana", "DBH": 17, "MULTI_TRUN": "No", "CONDITION": "Good", "PRUNING": " ", "RISK_FACTO": "None", "OBSERVATIO": "Reduced Canopy - Minor", "OBSERVATI2": " ", "OBSERVATI3": " ", "OVERHEAD_U": "No", "GROWING_SP": "Government", "GPS_DATE": 1503964800000, "GPS_TIME": "09:58:14am", "NORTHING": 527564.418, "EASTING": 941490.062, "COMMEMORATIVE": null, "ALIAS_ID": null, "OBJECTID": 8616, "OBSERVATI4": null}}, {"type": "Feature", "id": 10039, "geometry": {"type": "Point", "coordinates": [-80.13386407524598, 25.77821867405449]}, "properties": {"POINT_ID": 41740, "TREE_SPECI": "Coconut Palm", "SCI_NAME": "Cocos nucifera", "DBH": 9, "MULTI_TRUN": "No", "CONDITION": "Good", "PRUNING": " ", "RISK_FACTO": "None", "OBSERVATIO": " ", "OBSERVATI2": " ", "OBSERVATI3": " ", "OVERHEAD_U": "No", "GROWING_SP": "Road/ROW", "GPS_DATE": 1504051200000, "GPS_TIME": "08:52:36am", "NORTHING": 526019.361, "EASTING": 941188.925, "COMMEMORATIVE": null, "ALIAS_ID": null, "OBJECTID": 10039, "OBSERVATI4": null}}, {"type": "Feature", "id": 7632, "geometry": {"type": "Point", "coordinates": [-80.1362825173277, 25.784728136911856]}, "properties": {"POINT_ID": 39333, "TREE_SPECI": "Brazilian Beauty Leaf", "SCI_NAME": "Calophyllum brasiliense", "DBH": 43, "MULTI_TRUN": "No", "CONDITION": "Poor", "PRUNING": "Restoration Pruning", "RISK_FACTO": "None", "OBSERVATIO": "Constricted Roots", "OBSERVATI2": "Sprouting", "OBSERVATI3": " ", "OVERHEAD_U": "No", "GROWING_SP": "Road/ROW", "GPS_DATE": 1503273600000, "GPS_TIME": "10:52:10am", "NORTHING": 528380.133, "EASTING": 940377.531, "COMMEMORATIVE": null, "ALIAS_ID": null, "OBJECTID": 7632, "OBSERVATI4": null}}, {"type": "Feature", "id": 30846, "geometry": {"type": "Point", "coordinates": [-80.13782658577244, 25.79845776307161]}, "properties": {"POINT_ID": 29909, "TREE_SPECI": "Coconut Palm", "SCI_NAME": null, "DBH": 10, "MULTI_TRUN": "No", "CONDITION": "Good", "PRUNING": " ", "RISK_FACTO": "None", "OBSERVATIO": " ", "OBSERVATI2": " ", "OBSERVATI3": " ", "OVERHEAD_U": "No", "GROWING_SP": "Golf Course", "GPS_DATE": 1460937600000, "GPS_TIME": "11:05:36am", "NORTHING": 533367.122, "EASTING": 939836.749, "COMMEMORATIVE": "N", "ALIAS_ID": null, "OBJECTID": 30846, "OBSERVATI4": null}}, {"type": "Feature", "id": 2210, "geometry": {"type": "Point", "coordinates": [-80.13519131462785, 25.79596308534585]}, "properties": {"POINT_ID": 33911, "TREE_SPECI": "Hardy Bamboo Palm", "SCI_NAME": "Chamaedorea microspadix", "DBH": 2, "MULTI_TRUN": "No", "CONDITION": "Good", "PRUNING": " ", "RISK_FACTO": "None", "OBSERVATIO": "Cluster", "OBSERVATI2": " ", "OBSERVATI3": " ", "OVERHEAD_U": "No", "GROWING_SP": "Park", "GPS_DATE": 1499212800000, "GPS_TIME": "11:00:53am", "NORTHING": 532466.066, "EASTING": 940709.794, "COMMEMORATIVE": null, "ALIAS_ID": null, "OBJECTID": 2210, "OBSERVATI4": null}}, {"type": "Feature", "id": 3206, "geometry": {"type": "Point", "coordinates": [-80.13523990330579, 25.795043700314345]}, "properties": {"POINT_ID": 34907, "TREE_SPECI": "Senegal Date Palm", "SCI_NAME": "Phoenix reclinata", "DBH": 30, "MULTI_TRUN": "Yes", "CONDITION": "Good", "PRUNING": " ", "RISK_FACTO": "None", "OBSERVATIO": "Cluster", "OBSERVATI2": " ", "OBSERVATI3": " ", "OVERHEAD_U": "No", "GROWING_SP": "Park", "GPS_DATE": 1493164800000, "GPS_TIME": "01:41:45pm", "NORTHING": 532131.791, "EASTING": 940696.001, "COMMEMORATIVE": null, "ALIAS_ID": null, "OBJECTID": 3206, "OBSERVATI4": null}}, {"type": "Feature", "id": 3292, "geometry": {"type": "Point", "coordinates": [-80.13464855683115, 25.792074907481254]}, "properties": {"POINT_ID": 34993, "TREE_SPECI": "Florida Thatch Palm", "SCI_NAME": "Thrinax radiata", "DBH": 11, "MULTI_TRUN": "Yes", "CONDITION": "Good", "PRUNING": " ", "RISK_FACTO": "None", "OBSERVATIO": " ", "OBSERVATI2": " ", "OBSERVATI3": " ", "OVERHEAD_U": "No", "GROWING_SP": "Road/ROW", "GPS_DATE": 1494374400000, "GPS_TIME": "09:57:06am", "NORTHING": 531053.999, "EASTING": 940897.671, "COMMEMORATIVE": null, "ALIAS_ID": null, "OBJECTID": 3292, "OBSERVATI4": null}}, {"type": "Feature", "id": 3633, "geometry": {"type": "Point", "coordinates": [-80.13310681391366, 25.793232443858876]}, "properties": {"POINT_ID": 35334, "TREE_SPECI": "Christmas Palm", "SCI_NAME": "Veitchia merrillii", "DBH": 8, "MULTI_TRUN": "No", "CONDITION": "Poor", "PRUNING": " ", "RISK_FACTO": "None", "OBSERVATIO": "Discolored Foliage", "OBSERVATI2": "Frizzled Fronds", "OBSERVATI3": " ", "OVERHEAD_U": "No", "GROWING_SP": "Government", "GPS_DATE": 1495497600000, "GPS_TIME": "03:20:18pm", "NORTHING": 531478.067, "EASTING": 941402.211, "COMMEMORATIVE": null, "ALIAS_ID": null, "OBJECTID": 3633, "OBSERVATI4": null}}, {"type": "Feature", "id": 3882, "geometry": {"type": "Point", "coordinates": [-80.13265179918616, 25.79177798013043]}, "properties": {"POINT_ID": 35583, "TREE_SPECI": "Montgomery Palm", "SCI_NAME": "Veitchia montgomeryana", "DBH": 7, "MULTI_TRUN": "No", "CONDITION": "Good", "PRUNING": " ", "RISK_FACTO": "None", "OBSERVATIO": " ", "OBSERVATI2": " ", "OBSERVATI3": " ", "OVERHEAD_U": "No", "GROWING_SP": "Park", "GPS_DATE": 1494374400000, "GPS_TIME": "11:50:50am", "NORTHING": 530950.397, "EASTING": 941555.414, "COMMEMORATIVE": null, "ALIAS_ID": null, "OBJECTID": 3882, "OBSERVATI4": null}}, {"type": "Feature", "id": 10617, "geometry": {"type": "Point", "coordinates": [-80.13051045149372, 25.778962466809308]}, "properties": {"POINT_ID": 42318, "TREE_SPECI": "Coconut Palm", "SCI_NAME": "Cocos nucifera", "DBH": 11, "MULTI_TRUN": "No", "CONDITION": "Fair", "PRUNING": " ", "RISK_FACTO": "None", "OBSERVATIO": "Discolored Foliage", "OBSERVATI2": " ", "OBSERVATI3": " ", "OVERHEAD_U": "No", "GROWING_SP": "Park", "GPS_DATE": 1503446400000, "GPS_TIME": "01:03:43pm", "NORTHING": 526296.978, "EASTING": 942290.778, "COMMEMORATIVE": null, "ALIAS_ID": null, "OBJECTID": 10617, "OBSERVATI4": null}}, {"type": "Feature", "id": 10629, "geometry": {"type": "Point", "coordinates": [-80.13064370657686, 25.778811961538143]}, "properties": {"POINT_ID": 42330, "TREE_SPECI": "Coconut Palm", "SCI_NAME": "Cocos nucifera", "DBH": 11, "MULTI_TRUN": "No", "CONDITION": "Fair", "PRUNING": " ", "RISK_FACTO": "None", "OBSERVATIO": "Discolored Foliage", "OBSERVATI2": " ", "OBSERVATI3": " ", "OVERHEAD_U": "No", "GROWING_SP": "Park", "GPS_DATE": 1503446400000, "GPS_TIME": "01:10:07pm", "NORTHING": 526241.985, "EASTING": 942247.287, "COMMEMORATIVE": null, "ALIAS_ID": null, "OBJECTID": 10629, "OBSERVATI4": null}}, {"type": "Feature", "id": 8957, "geometry": {"type": "Point", "coordinates": [-80.12988844978891, 25.78234892207678]}, "properties": {"POINT_ID": 40658, "TREE_SPECI": "Coconut Palm", "SCI_NAME": "Cocos nucifera", "DBH": 10, "MULTI_TRUN": "No", "CONDITION": "Good", "PRUNING": " ", "RISK_FACTO": "None", "OBSERVATIO": " ", "OBSERVATI2": " ", "OBSERVATI3": " ", "OVERHEAD_U": "No", "GROWING_SP": "Park", "GPS_DATE": 1503446400000, "GPS_TIME": "12:12:46pm", "NORTHING": 527529.207, "EASTING": 942487.34, "COMMEMORATIVE": null, "ALIAS_ID": null, "OBJECTID": 8957, "OBSERVATI4": null}}, {"type": "Feature", "id": 8210, "geometry": {"type": "Point", "coordinates": [-80.12997945043665, 25.784052679484347]}, "properties": {"POINT_ID": 39911, "TREE_SPECI": "Coconut Palm", "SCI_NAME": "Cocos nucifera", "DBH": 9, "MULTI_TRUN": "No", "CONDITION": "Fair", "PRUNING": " ", "RISK_FACTO": "None", "OBSERVATIO": "Discolored Foliage", "OBSERVATI2": " ", "OBSERVATI3": " ", "OVERHEAD_U": "No", "GROWING_SP": "Road/ROW", "GPS_DATE": 1503360000000, "GPS_TIME": "02:33:00pm", "NORTHING": 528148.275, "EASTING": 942453.303, "COMMEMORATIVE": null, "ALIAS_ID": null, "OBJECTID": 8210, "OBSERVATI4": null}}, {"type": "Feature", "id": 30683, "geometry": {"type": "Point", "coordinates": [-80.13689208762978, 25.797796787939923]}, "properties": {"POINT_ID": 29745, "TREE_SPECI": "Foxtail Palm", "SCI_NAME": null, "DBH": 8, "MULTI_TRUN": "No", "CONDITION": "Good", "PRUNING": " ", "RISK_FACTO": "None", "OBSERVATIO": " ", "OBSERVATI2": " ", "OBSERVATI3": " ", "OVERHEAD_U": "No", "GROWING_SP": "Golf Course", "GPS_DATE": 1460419200000, "GPS_TIME": "01:51:52pm", "NORTHING": 533128.891, "EASTING": 940145.804, "COMMEMORATIVE": "N", "ALIAS_ID": null, "OBJECTID": 30683, "OBSERVATI4": null}}, {"type": "Feature", "id": 7961, "geometry": {"type": "Point", "coordinates": [-80.12908150895986, 25.787723748690563]}, "properties": {"POINT_ID": 39662, "TREE_SPECI": "Florida Thatch Palm", "SCI_NAME": "Thrinax radiata", "DBH": 6, "MULTI_TRUN": "No", "CONDITION": "Good", "PRUNING": " ", "RISK_FACTO": "None", "OBSERVATIO": " ", "OBSERVATI2": " ", "OBSERVATI3": " ", "OVERHEAD_U": "No", "GROWING_SP": "Park", "GPS_DATE": 1503360000000, "GPS_TIME": "10:55:37am", "NORTHING": 529484.556, "EASTING": 942739.967, "COMMEMORATIVE": null, "ALIAS_ID": null, "OBJECTID": 7961, "OBSERVATI4": null}}, {"type": "Feature", "id": 7620, "geometry": {"type": "Point", "coordinates": [-80.13196010775619, 25.78691390847908]}, "properties": {"POINT_ID": 39321, "TREE_SPECI": "Date Palm", "SCI_NAME": "Phoenix dactylifera", "DBH": 18, "MULTI_TRUN": "No", "CONDITION": "Good", "PRUNING": " ", "RISK_FACTO": "None", "OBSERVATIO": " ", "OBSERVATI2": " ", "OBSERVATI3": " ", "OVERHEAD_U": "No", "GROWING_SP": "Road/ROW", "GPS_DATE": 1503273600000, "GPS_TIME": "10:12:59am", "NORTHING": 529183.948, "EASTING": 941794.67, "COMMEMORATIVE": null, "ALIAS_ID": null, "OBJECTID": 7620, "OBSERVATI4": null}}, {"type": "Feature", "id": 8367, "geometry": {"type": "Point", "coordinates": [-80.12928488719287, 25.785847354164353]}, "properties": {"POINT_ID": 40068, "TREE_SPECI": "Coconut Palm", "SCI_NAME": "Cocos nucifera", "DBH": 13, "MULTI_TRUN": "No", "CONDITION": "Good", "PRUNING": " ", "RISK_FACTO": "None", "OBSERVATIO": " ", "OBSERVATI2": " ", "OBSERVATI3": " ", "OVERHEAD_U": "No", "GROWING_SP": "Park", "GPS_DATE": 1503446400000, "GPS_TIME": "10:35:18am", "NORTHING": 528802.098, "EASTING": 942677.552, "COMMEMORATIVE": null, "ALIAS_ID": null, "OBJECTID": 8367, "OBSERVATI4": null}}, {"type": "Feature", "id": 7371, "geometry": {"type": "Point", "coordinates": [-80.13662238673668, 25.786519738967183]}, "properties": {"POINT_ID": 39072, "TREE_SPECI": "Podocarpus", "SCI_NAME": "Podocarpus macrophyllus", "DBH": 16, "MULTI_TRUN": "No", "CONDITION": "Fair", "PRUNING": "Crown Cleaning", "RISK_FACTO": "None", "OBSERVATIO": "Dead Wood", "OBSERVATI2": "Decay Observed", "OBSERVATI3": " ", "OVERHEAD_U": "No", "GROWING_SP": "Park", "GPS_DATE": 1502928000000, "GPS_TIME": "08:51:16am", "NORTHING": 529030.594, "EASTING": 940261.421, "COMMEMORATIVE": null, "ALIAS_ID": null, "OBJECTID": 7371, "OBSERVATI4": null}}, {"type": "Feature", "id": 7285, "geometry": {"type": "Point", "coordinates": [-80.13654274880497, 25.785087770172094]}, "properties": {"POINT_ID": 38986, "TREE_SPECI": "Australian Pine", "SCI_NAME": "Casuarina equisetifolia", "DBH": 10, "MULTI_TRUN": "No", "CONDITION": "Poor", "PRUNING": " ", "RISK_FACTO": "None", "OBSERVATIO": "Utility Lines - Above", "OBSERVATI2": "Reduced Canopy - Major", "OBSERVATI3": "Leaning - Moderate", "OVERHEAD_U": "Yes", "GROWING_SP": "Park", "GPS_DATE": 1502928000000, "GPS_TIME": "07:29:15am", "NORTHING": 528510.288, "EASTING": 940291.04, "COMMEMORATIVE": null, "ALIAS_ID": null, "OBJECTID": 7285, "OBSERVATI4": null}}, {"type": "Feature", "id": 6550, "geometry": {"type": "Point", "coordinates": [-80.14083550384706, 25.782213357177604]}, "properties": {"POINT_ID": 38251, "TREE_SPECI": "Live Oak", "SCI_NAME": "Quercus virginiana", "DBH": 7, "MULTI_TRUN": "No", "CONDITION": "Good", "PRUNING": " ", "RISK_FACTO": "None", "OBSERVATIO": " ", "OBSERVATI2": " ", "OBSERVATI3": " ", "OVERHEAD_U": "No", "GROWING_SP": "Road/ROW", "GPS_DATE": 1501804800000, "GPS_TIME": "01:40:06pm", "NORTHING": 527456.286, "EASTING": 938885.243, "COMMEMORATIVE": null, "ALIAS_ID": null, "OBJECTID": 6550, "OBSERVATI4": null}}, {"type": "Feature", "id": 9043, "geometry": {"type": "Point", "coordinates": [-80.14125436600514, 25.78044496488058]}, "properties": {"POINT_ID": 40744, "TREE_SPECI": "Cabbage Palm", "SCI_NAME": "Sabal palmetto", "DBH": 8, "MULTI_TRUN": "No", "CONDITION": "Good", "PRUNING": " ", "RISK_FACTO": "None", "OBSERVATIO": " ", "OBSERVATI2": " ", "OBSERVATI3": " ", "OVERHEAD_U": "No", "GROWING_SP": "Road/ROW", "GPS_DATE": 1503360000000, "GPS_TIME": "08:07:10am", "NORTHING": 526812.629, "EASTING": 938751.596, "COMMEMORATIVE": null, "ALIAS_ID": null, "OBJECTID": 9043, "OBSERVATI4": null}}, {"type": "Feature", "id": 9206, "geometry": {"type": "Point", "coordinates": [-80.13972491771462, 25.779111746633653]}, "properties": {"POINT_ID": 40907, "TREE_SPECI": "Black Olive", "SCI_NAME": "Bucida buceras", "DBH": 22, "MULTI_TRUN": "No", "CONDITION": "Poor", "PRUNING": "Crown Cleaning", "RISK_FACTO": "Constricted Roots - Severe", "OBSERVATIO": "Constricted Roots", "OBSERVATI2": "Sprouting", "OBSERVATI3": "Adjacent Concrete Damage", "OVERHEAD_U": "No", "GROWING_SP": "Road/ROW", "GPS_DATE": 1503360000000, "GPS_TIME": "12:44:58pm", "NORTHING": 526331.329, "EASTING": 939258.074, "COMMEMORATIVE": null, "ALIAS_ID": null, "OBJECTID": 9206, "OBSERVATI4": null}}], "exceededTransferLimit": true, "properties": {"exceededTransferLimit": true}}